decision_date,execution_date,next_execution_date,fold_id,baseline_target_asset,baseline_symbol,baseline_gross_return,absolute_opportunity_score,all_horizon_risk_safety,horizon_agreement,base_asset,top_1_asset,top_2_asset,timing_override,base_short_profit,challenger_short_profit,from_asset,selected_asset,gate_reason,absolute_entry_threshold,absolute_exit_threshold,cash_reentry_threshold,minimum_risk_safety,minimum_horizon_agreement,reentry_confirmation_sessions,gross_return,net_return,cost_sides,loss_avoided_by_cash_usd,profit_missed_by_cash_usd,strategy_equity,strategy_drawdown
2020-07-22T04:00:00+00:00,2020-07-23T04:00:00+00:00,2020-07-24T04:00:00+00:00,1,AMZN,AMZN,-0.054289587502420744,0.7951441672214311,0.2916666666666667,0.9458333333333333,AMZN,AMZN,COST,False,0.9583333333333333,0.0,CASH,AMZN,baseline_temporal,0.5,0.4,0.55,0.2,0.55,1,-0.054289587502420744,-0.054289587502420744,1,0.0,0.0,9457.104124975793,0.0
2020-07-23T04:00:00+00:00,2020-07-24T04:00:00+00:00,2020-07-27T04:00:00+00:00,1,AMZN,AMZN,0.045051194539249106,0.6866403173262272,0.21870039021600524,0.8124999999999999,AMZN,AMZN,COST,False,0.8333333333333333,0.020833333333333315,AMZN,AMZN,baseline_temporal,0.5,0.4,0.55,0.2,0.55,1,0.045051194539249106,0.045051194539249106,0,0.0,0.0,9883.157962688012,0.0
2020-07-24T04:00:00+00:00,2020-07-27T04:00:00+00:00,2020-07-28T04:00:00+00:00,1,AMZN,AMZN,-0.0025473546701501038,0.7131465318873579,0.22906744709867716,0.9041666666666666,AMZN,AMZN,COST,False,0.8333333333333333,0.020833333333333315,AMZN,AMZN,baseline_temporal,0.5,0.4,0.55,0.2,0.55,1,-0.0025473546701501038,-0.0025473546701501038,0,0.0,0.0,9857.982054095928,-0.0025473546701499927
2020-07-27T04:00:00+00:00,2020-07-28T04:00:00+00:00,2020-07-29T04:00:00+00:00,1,AMZN,AMZN,-0.007596097177656969,0.808243925641971,0.3699156911266535,0.8770833333333333,AMZN,AMZN,COST,False,0.9791666666666667,0.04166666666666663,AMZN,AMZN,baseline_temporal,0.5,0.4,0.55,0.2,0.55,1,-0.007596097177656969,-0.007596097177656969,0,0.0,0.0,9783.099864437418,-0.010124101894186555
2020-07-28T04:00:00+00:00,2020-07-29T04:00:00+00:00,2020-07-30T04:00:00+00:00,1,AMZN,AMZN,-0.0056087099967009335,0.8386004328694865,0.4325149106946431,0.9520833333333334,AMZN,AMZN,COST,False,0.9791666666666667,0.0,AMZN,AMZN,baseline_temporal,0.5,0.4,0.55,0.2,0.55,1,-0.0056087099967009335,-0.0056087099967009335,0,0.0,0.0,9728.229294429022,-0.015676028739386116
2020-07-29T04:00:00+00:00,2020-07-30T04:00:00+00:00,2020-07-31T04:00:00+00:00,1,AMZN,AMZN,0.07631055076310544,0.8172895527718155,0.43251491069464304,0.9750000000000001,AMZN,AMZN,AMD,False,0.9166666666666666,0.8541666666666667,AMZN,AMZN,baseline_temporal,0.5,0.4,0.55,0.2,0.55,1,0.07631055076310544,0.07631055076310544,0,0.0,0.0,10470.595829836677,0.0
2020-07-30T04:00:00+00:00,2020-07-31T04:00:00+00:00,2020-08-03T04:00:00+00:00,1,AMZN,AMZN,-0.019543773119605312,0.7152185054878942,0.35426588623465616,0.9395833333333332,AMZN,AMZN,AMD,False,0.7708333333333333,0.9583333333333334,AMZN,AMZN,baseline_temporal,0.5,0.4,0.55,0.2,0.55,1,-0.019543773119605312,-0.019543773119605312,0,0.0,0.0,10265.960880511264,-0.0195437731196052
2020-07-31T04:00:00+00:00,2020-08-03T04:00:00+00:00,2020-08-04T04:00:00+00:00,1,AMZN,AMZN,-0.024963843300006228,0.5134337676240317,0.2760168617746693,0.76875,AMZN,AMZN,AMD,False,0.5208333333333333,0.8958333333333334,AMZN,AMZN,baseline_temporal,0.5,0.4,0.55,0.2,0.55,1,-0.024963843300006228,-0.024963843300006228,0,0.0,0.0,10009.683041766186,-0.04401972872996285
2020-08-03T04:00:00+00:00,2020-08-04T04:00:00+00:00,2020-08-05T04:00:00+00:00,1,AMZN,AMZN,0.013736618083322494,0.741958916496159,0.42723216268531766,0.9416666666666667,AMZN,AMZN,AMD,False,0.7916666666666666,0.9375,AMZN,AMZN,baseline_temporal,0.5,0.4,0.55,0.2,0.55,1,0.013736618083322494,0.013736618083322494,0,0.0,0.0,10147.182234846037,-0.030887792848335316
2020-08-04T04:00:00+00:00,2020-08-05T04:00:00+00:00,2020-08-06T04:00:00+00:00,1,AMZN,AMZN,0.016095171448565537,0.7138889825521008,0.3959325529013229,0.9458333333333333,AMZN,AMZN,V,False,0.75,0.2708333333333333,AMZN,AMZN,baseline_temporal,0.5,0.4,0.55,0.2,0.55,1,0.016095171448565537,0.016095171448565537,0,0.0,0.0,10310.502872635723,-0.01528976572133156
2020-08-05T04:00:00+00:00,2020-08-06T04:00:00+00:00,2020-08-07T04:00:00+00:00,1,AMZN,AMZN,0.009266215877786088,0.693914589388873,0.3437003902160053,0.7979166666666666,AMZN,AMZN,AMD,False,0.8125,0.9583333333333334,AMZN,AMZN,baseline_temporal,0.5,0.4,0.55,0.2,0.55,1,0.009266215877786088,0.009266215877786088,0,0.0,0.0,10406.042218062099,-0.006165228113440113
2020-08-06T04:00:00+00:00,2020-08-07T04:00:00+00:00,2020-08-10T04:00:00+00:00,1,AMZN,AMZN,-0.016625310173697172,0.6561759845358706,0.3437003902160053,0.8666666666666667,AMZN,AMZN,AMD,False,0.6666666666666666,0.875,AMZN,AMZN,baseline_temporal,0.5,0.4,0.55,0.2,0.55,1,-0.016625310173697172,-0.016625310173697172,0,0.0,0.0,10233.038538506229,-0.022688039457459674
2020-08-07T04:00:00+00:00,2020-08-10T04:00:00+00:00,2020-08-11T04:00:00+00:00,1,AMZN,AMZN,-0.01804188745899582,0.667294094135856,0.3697172519906745,0.8500000000000001,AMZN,AMZN,AMD,False,0.7083333333333333,0.9791666666666667,AMZN,AMZN,baseline_temporal,0.5,0.4,0.55,0.2,0.55,1,-0.01804188745899582,-0.01804188745899582,0,0.0,0.0,10048.415208830931,-0.04032059186189896
2020-08-10T04:00:00+00:00,2020-08-11T04:00:00+00:00,2020-08-12T04:00:00+00:00,1,AMZN,AMZN,-0.0016703070795323072,0.7346271032781563,0.36971725199067457,0.9354166666666667,AMZN,AMZN,AMD,False,0.8125,1.0,AMZN,AMZN,baseline_temporal,0.5,0.4,0.55,0.2,0.55,1,-0.0016703070795323072,-0.0016703070795323072,0,0.0,0.0,10031.631269769541,-0.04192355117139335
2020-08-11T04:00:00+00:00,2020-08-12T04:00:00+00:00,2020-08-13T04:00:00+00:00,1,AMZN,AMZN,0.024131274131274028,0.7516618091760869,0.4270337235493386,0.9020833333333333,AMZN,AMZN,LLY,False,0.8125,0.4791666666666667,AMZN,AMZN,baseline_temporal,0.5,0.4,0.55,0.2,0.55,1,0.024131274131274028,0.024131274131274028,0,0.0,0.0,10273.70731392421,-0.018803945745992867
2020-08-12T04:00:00+00:00,2020-08-13T04:00:00+00:00,2020-08-14T04:00:00+00:00,1,AMZN,AMZN,-0.0015080113100849335,0.6992694926098456,0.42701260866504875,0.8499999999999999,AMZN,AMZN,AMD,False,0.75,0.9791666666666667,AMZN,AMZN,baseline_temporal,0.5,0.4,0.55,0.2,0.55,1,-0.0015080113100849335,-0.0015080113100849335,0,0.0,0.0,10258.214447098311,-0.020283600493218423
2020-08-13T04:00:00+00:00,2020-08-14T04:00:00+00:00,2020-08-17T04:00:00+00:00,1,AMZN,AMZN,-0.0015732175445221097,0.7217788298864233,0.42702466610977813,0.8708333333333333,AMZN,AMZN,AMD,False,0.7916666666666666,0.9791666666666667,AMZN,AMZN,baseline_temporal,0.5,0.4,0.55,0.2,0.55,1,-0.0015732175445221097,-0.0015732175445221097,0,0.0,0.0,10242.076044154664,-0.021824907521578618
2020-08-14T04:00:00+00:00,2020-08-17T04:00:00+00:00,2020-08-18T04:00:00+00:00,1,AMZN,AMZN,0.012227404512794582,0.7748751634840998,0.34371544766590345,0.95625,AMZN,AMZN,V,False,0.8958333333333333,0.14583333333333331,AMZN,AMZN,baseline_temporal,0.5,0.4,0.55,0.2,0.55,1,0.012227404512794582,0.012227404512794582,0,0.0,0.0,10367.310050997346,-0.00986436498150467
2020-08-17T04:00:00+00:00,2020-08-18T04:00:00+00:00,2020-08-19T04:00:00+00:00,1,AMZN,AMZN,0.02833125778331258,0.7192005222395251,0.3437033902211742,0.9312500000000001,AMZN,AMZN,LLY,False,0.7708333333333333,0.5208333333333333,AMZN,AMZN,baseline_temporal,0.5,0.4,0.55,0.2,0.55,1,0.02833125778331258,0.02833125778331258,0,0.0,0.0,10661.028984571682,0.0
2020-08-18T04:00:00+00:00,2020-08-19T04:00:00+00:00,2020-08-20T04:00:00+00:00,1,AMZN,AMZN,-0.015440508628519645,0.5797988444522053,0.22380122782980735,0.8916666666666667,AMZN,AMZN,NFLX,False,0.5833333333333334,0.8541666666666667,AMZN,AMZN,baseline_temporal,0.5,0.4,0.55,0.2,0.55,1,-0.015440508628519645,-0.015440508628519645,0,0.0,0.0,10496.417274546504,-0.015440508628519756
2020-08-19T04:00:00+00:00,2020-08-20T04:00:00+00:00,2020-08-21T04:00:00+00:00,1,AMZN,AMZN,0.01322263222632225,0.6684686397298791,0.35424317606842093,0.9208333333333334,AMZN,AMZN,NFLX,False,0.6666666666666667,0.9791666666666667,AMZN,AMZN,baseline_temporal,0.5,0.4,0.55,0.2,0.55,1,0.01322263222632225,0.01322263222632225,0,0.0,0.0,10635.207539861849,-0.0024220405691796065
2020-08-20T04:00:00+00:00,2020-08-21T04:00:00+00:00,2020-08-24T04:00:00+00:00,1,AMZN,AMZN,0.004613050075872538,0.6349319948618501,0.33851646879675334,0.8541666666666665,AMZN,AMZN,ADEA,False,0.625,0.9375,AMZN,AMZN,baseline_temporal,0.5,0.4,0.55,0.2,0.55,1,0.004613050075872538,0.004613050075872538,0,0.0,0.0,10684.268284810527,0.0
2020-08-21T04:00:00+00:00,2020-08-24T04:00:00+00:00,2020-08-25T04:00:00+00:00,1,AMZN,AMZN,-0.004591867560872376,0.6119019404197202,0.3281154273767643,0.86875,AMZN,AMZN,ADEA,False,0.6041666666666667,0.875,AMZN,AMZN,baseline_temporal,0.5,0.4,0.55,0.2,0.55,1,-0.004591867560872376,-0.004591867560872376,0,0.0,0.0,10635.207539861849,-0.004591867560872265
2020-08-24T04:00:00+00:00,2020-08-25T04:00:00+00:00,2020-08-26T04:00:00+00:00,1,AMZN,AMZN,0.017056145675265588,0.6013797716841959,0.2812621768310153,0.8583333333333334,AMZN,AMZN,AMD,False,0.5833333333333334,0.9166666666666667,AMZN,AMZN,baseline_temporal,0.5,0.4,0.55,0.2,0.55,1,0.017056145675265588,0.017056145675265588,0,0.0,0.0,10816.603188948415,0.0
2020-08-25T04:00:00+00:00,2020-08-26T04:00:00+00:00,2020-08-27T04:00:00+00:00,1,AMZN,AMZN,0.029481976605395088,0.606686369524056,0.3385686245364769,0.8416666666666668,AMZN,AMZN,NFLX,False,0.5833333333333334,0.7291666666666666,AMZN,AMZN,baseline_temporal,0.5,0.4,0.55,0.2,0.55,1,0.029481976605395088,0.029481976605395088,0,0.0,0.0,11135.498031114834,0.0
2020-08-26T04:00:00+00:00,2020-08-27T04:00:00+00:00,2020-08-28T04:00:00+00:00,1,AMZN,AMZN,-0.00782608695652176,0.5696732520659437,0.29123874178496956,0.8770833333333333,AMZN,AMZN,NFLX,False,0.5625,0.75,AMZN,AMZN,baseline_temporal,0.5,0.4,0.55,0.2,0.55,1,-0.00782608695652176,-0.00782608695652176,0,0.0,0.0,11048.350655219152,-0.00782608695652176
2020-08-27T04:00:00+00:00,2020-08-28T04:00:00+00:00,2020-08-31T04:00:00+00:00,1,AMZN,AMZN,-0.004089979550102374,0.5975487397368021,0.32276235351742744,0.8166666666666667,AMZN,AMZN,NFLX,False,0.5833333333333334,0.6875,AMZN,AMZN,baseline_temporal,0.5,0.4,0.55,0.2,0.55,1,-0.004089979550102374,-0.004089979550102374,0,0.0,0.0,11003.163126976948,-0.011884057971014439
2020-08-28T04:00:00+00:00,2020-08-31T04:00:00+00:00,2020-09-01T04:00:00+00:00,1,AMZN,AMZN,0.023643297154590792,0.6089568357014457,0.380190826050323,0.8625,AMZN,AMZN,NFLX,False,0.5833333333333334,0.75,AMZN,AMZN,baseline_temporal,0.5,0.4,0.55,0.2,0.55,1,0.023643297154590792,0.023643297154590792,0,0.0,0.0,11263.3141824285,0.0
2020-08-31T04:00:00+00:00,2020-09-01T04:00:00+00:00,2020-09-02T04:00:00+00:00,1,AMZN,AMZN,0.016448876662081613,0.5935017573028768,0.39595263191655194,0.8208333333333333,AMZN,AMZN,NFLX,False,0.5416666666666666,0.7291666666666667,AMZN,AMZN,baseline_temporal,0.5,0.4,0.55,0.2,0.55,1,0.016448876662081613,0.016448876662081613,0,0.0,0.0,11448.583048221539,0.0
2020-09-01T04:00:00+00:00,2020-09-02T04:00:00+00:00,2020-09-03T04:00:00+00:00,1,AMZN,AMZN,-0.017479560191711263,0.5766613587448984,0.3858095769823431,0.8958333333333333,AMZN,AMZN,NFLX,False,0.5,0.7291666666666667,AMZN,AMZN,baseline_temporal,0.5,0.4,0.55,0.2,0.55,1,-0.017479560191711263,-0.017479560191711263,0,0.0,0.0,11248.466851720344,-0.017479560191711374
2020-09-02T04:00:00+00:00,2020-09-03T04:00:00+00:00,2020-09-04T04:00:00+00:00,1,AMZN,AMZN,-0.047919655667144845,0.5785420315848044,0.4060215656220239,0.9291666666666667,AMZN,AMZN,NFLX,False,0.5,0.6875,AMZN,AMZN,baseline_temporal,0.5,0.4,0.55,0.2,0.55,1,-0.047919655667144845,-0.047919655667144845,0,0.0,0.0,10709.444193402613,-0.06456160135325628
2020-09-03T04:00:00+00:00,2020-09-04T04:00:00+00:00,2020-09-08T04:00:00+00:00,1,AMZN,AMZN,-0.05244122965641962,0.6374731603042716,0.32261639911433054,0.8854166666666667,AMZN,AMZN,NFLX,False,0.6458333333333334,0.8125,AMZN,AMZN,baseline_temporal,0.5,0.4,0.55,0.2,0.55,1,-0.05244122965641962,-0.05244122965641962,0,0.0,0.0,10147.827770963777,-0.11361714124612354
2020-09-04T04:00:00+00:00,2020-09-08T04:00:00+00:00,2020-09-09T04:00:00+00:00,1,AMZN,AMZN,0.018765903307888188,0.6672662090675991,0.3129568687559519,0.8833333333333333,AMZN,AMZN,NFLX,False,0.7083333333333334,0.7083333333333333,AMZN,AMZN,baseline_temporal,0.5,0.4,0.55,0.2,0.55,1,0.018765903307888188,0.018765903307888188,0,0.0,0.0,10338.260925698785,-0.09698336622497883
2020-09-08T04:00:00+00:00,2020-09-09T04:00:00+00:00,2020-09-10T04:00:00+00:00,1,AMZN,AMZN,0.03253200124882927,0.6736131928803587,0.4292829090838375,0.8541666666666667,AMZN,AMZN,NFLX,False,0.6666666666666666,0.7083333333333333,AMZN,AMZN,baseline_temporal,0.5,0.4,0.55,0.2,0.55,1,0.03253200124882927,0.03253200124882927,0,0.0,0.0,10674.585243044341,-0.06760642796729621
2020-09-09T04:00:00+00:00,2020-09-10T04:00:00+00:00,2020-09-11T04:00:00+00:00,1,ADEA,ADEA,-0.029629629629629672,0.7270454334348017,0.19331533586545335,0.86875,ADEA,ADEA,AMZN,False,0.8958333333333333,0.7083333333333334,AMZN,ADEA,baseline_temporal,0.5,0.4,0.55,0.2,0.55,1,-0.029629629629629672,-0.029629629629629672,2,0.0,0.0,10358.301235843026,-0.09523290417567276
2020-09-10T04:00:00+00:00,2020-09-11T04:00:00+00:00,2020-09-14T04:00:00+00:00,1,ADEA,ADEA,0.003816793893129722,0.7258029994982421,0.17773353338000386,0.8729037326179983,ADEA,ADEA,AMZN,False,0.8958764468288949,0.7916666666666667,ADEA,ADEA,baseline_temporal,0.5,0.4,0.55,0.2,0.55,1,0.003816793893129722,0.003816793893129722,0,0.0,0.0,10397.83673674319,-0.0917795946496257
2020-09-11T04:00:00+00:00,2020-09-14T04:00:00+00:00,2020-09-15T04:00:00+00:00,1,ADEA,ADEA,0.008555133079847899,0.6781272718702487,0.16666666666666666,0.8646221354793389,ADEA,ADEA,AMZN,False,0.8123706595133151,0.7498275460177536,ADEA,ADEA,baseline_temporal,0.5,0.4,0.55,0.2,0.55,1,0.008555133079847899,0.008555133079847899,0,0.0,0.0,10486.791613768559,-0.08400964821601986
2020-09-14T04:00:00+00:00,2020-09-15T04:00:00+00:00,2020-09-16T04:00:00+00:00,1,ADEA,ADEA,0.015080113100848225,0.7076858333594378,0.18132883398577146,0.8728778645206613,ADEA,ADEA,AMZN,False,0.8542960071533515,0.7500862269911233,ADEA,ADEA,baseline_temporal,0.5,0.4,0.55,0.2,0.55,1,0.015080113100848225,0.015080113100848225,0,0.0,0.0,10644.933617369214,-0.07019641011183186
2020-09-15T04:00:00+00:00,2020-09-16T04:00:00+00:00,2020-09-17T04:00:00+00:00,1,AMZN,AMZN,-0.053710691823899315,0.690111969652442,0.42773353338000386,0.8229813369100091,AMZN,AMZN,ADEA,False,0.7293822341444748,0.6457039928466485,ADEA,AMZN,baseline_temporal,0.5,0.4,0.55,0.2,0.55,1,-0.053710691823899315,-0.053710691823899315,2,0.0,0.0,10073.18686836083,-0.12013680418507056
2020-09-16T04:00:00+00:00,2020-09-17T04:00:00+00:00,2020-09-18T04:00:00+00:00,1,AMZN,AMZN,0.007510301741326497,0.6953051210456727,0.3860668667133372,0.7667701390560145,AMZN,AMZN,META,False,0.7920115746311598,0.6874568865044384,AMZN,AMZN,baseline_temporal,0.5,0.4,0.55,0.2,0.55,1,0.007510301741326497,0.007510301741326497,0,0.0,0.0,10148.839541238987,-0.11352876609341256
2020-09-17T04:00:00+00:00,2020-09-18T04:00:00+00:00,2020-09-21T04:00:00+00:00,1,AMZN,AMZN,-0.041361567385711506,0.6822670781176557,0.34019005102014027,0.7776489484203785,AMZN,AMZN,META,False,0.7731198147782427,0.8134799206192468,AMZN,AMZN,baseline_temporal,0.5,0.4,0.55,0.2,0.55,1,-0.041361567385711506,-0.041361567385711506,0,0.0,0.0,9729.067630667258,-0.15019460577013466
2020-09-18T04:00:00+00:00,2020-09-21T04:00:00+00:00,2020-09-22T04:00:00+00:00,1,META,META,0.0232690818696768,0.7032631861413338,0.27541800052232873,0.9083804312619221,META,META,AMZN,False,0.75,0.8147864814449094,AMZN,META,baseline_temporal,0.5,0.4,0.55,0.2,0.55,1,0.0232690818696768,0.0232690818696768,2,0.0,0.0,9955.454101880876,-0.13042041447850705
2020-09-21T04:00:00+00:00,2020-09-22T04:00:00+00:00,2020-09-23T04:00:00+00:00,1,META,META,0.007726005575467987,0.6595436362089875,0.219815284402508,0.8539714209785189,META,META,AMZN,False,0.7076800529205021,0.7519598412384937,META,META,baseline_temporal,0.5,0.4,0.55,0.2,0.55,1,0.007726005575467987,0.007726005575467987,0,0.0,0.0,10032.369995778323,-0.12370203775245492
2020-09-22T04:00:00+00:00,2020-09-23T04:00:00+00:00,2020-09-24T04:00:00+00:00,1,AMZN,AMZN,-0.04569926932444568,0.6579895291070058,0.2984526435070759,0.8274066048036417,AMZN,AMZN,META,False,0.7307998676987448,0.7089866137461647,META,AMZN,baseline_temporal,0.5,0.4,0.55,0.2,0.55,1,-0.04569926932444568,-0.04569926932444568,2,0.0,0.0,9573.898017378762,-0.16374821433766829
2020-09-23T04:00:00+00:00,2020-09-24T04:00:00+00:00,2020-09-25T04:00:00+00:00,1,AMZN,AMZN,0.025858015984955518,0.6599790803224286,0.3469760278605495,0.8752423436167368,AMZN,META,ADEA,False,0.6673199470794979,0.8134799206192468,AMZN,AMZN,baseline_temporal,0.5,0.4,0.55,0.2,0.55,1,0.025858015984955518,0.025858015984955518,0,0.0,0.0,9821.460025350476,-0.1421244022965642
2020-09-24T04:00:00+00:00,2020-09-25T04:00:00+00:00,2020-09-28T04:00:00+00:00,1,ADEA,ADEA,0.02115384615384608,0.7592739024224753,0.18009449186448576,0.9295403813422909,ADEA,ADEA,AMZN,False,0.9166666666666666,0.7292389968011878,AMZN,ADEA,baseline_temporal,0.5,0.4,0.55,0.2,0.55,1,0.02115384615384608,0.02115384615384608,2,0.0,0.0,10029.22167973289,-0.12397703388360692
2020-09-25T04:00:00+00:00,2020-09-28T04:00:00+00:00,2020-09-29T04:00:00+00:00,1,ADEA,ADEA,-0.00470809792843685,0.7277700946975761,0.19778106712626747,0.8831037266547948,ADEA,ADEA,AMZN,False,0.8751446602690425,0.6043836570702303,ADEA,ADEA,baseline_temporal,0.5,0.4,0.55,0.2,0.55,1,-0.00470809792843685,-0.00470809792843685,0,0.0,0.0,9982.003121918704,-0.1281014357956427
2020-09-28T04:00:00+00:00,2020-09-29T04:00:00+00:00,2020-09-30T04:00:00+00:00,1,ADEA,ADEA,0.008514664143803197,0.7531387633406796,0.15473120938639134,0.9210201906711454,ADEA,ADEA,AMZN,False,0.9166666666666666,0.6251446602690425,ADEA,ADEA,baseline_temporal,0.5,0.4,0.55,0.2,0.55,1,0.008514664143803197,0.008514664143803197,0,0.0,0.0,10066.996525984237,-0.12067751235397828
2020-09-29T04:00:00+00:00,2020-09-30T04:00:00+00:00,2020-10-01T04:00:00+00:00,1,ADEA,ADEA,-0.0056285178236398226,0.717434421126023,0.14279575210611603,0.9226150059895852,ADEA,ADEA,AMZN,False,0.8542389968011879,0.7916666666666666,ADEA,ADEA,baseline_temporal,0.5,0.4,0.55,0.2,0.55,1,-0.0056285178236398226,-0.0056285178236398226,0,0.0,0.0,10010.334256607217,-0.12562679464842108
2020-09-30T04:00:00+00:00,2020-10-01T04:00:00+00:00,2020-10-02T04:00:00+00:00,1,ADEA,ADEA,-0.031132075471698162,0.6845752826389366,0.09963671752190563,0.9062206953421837,ADEA,ADEA,AMZN,False,0.8127169904035637,0.6671006474737939,ADEA,ADEA,baseline_temporal,0.5,0.4,0.55,0.2,0.55,1,-0.031132075471698162,-0.031132075471698162,0,0.0,0.0,9698.691775033594,-0.15284784726785716
2020-10-01T04:00:00+00:00,2020-10-02T04:00:00+00:00,2020-10-05T04:00:00+00:00,1,ADEA,ADEA,0.009737098344693162,0.7207240629901094,0.06750225857465554,0.928344117358606,ADEA,ADEA,AMZN,False,0.8737077356306936,0.5579770747074272,ADEA,ADEA,baseline_temporal,0.5,0.4,0.55,0.2,0.55,1,0.009737098344693162,0.009737098344693162,0,0.0,0.0,9793.128890661963,-0.14459904344378582
2020-10-02T04:00:00+00:00,2020-10-05T04:00:00+00:00,2020-10-06T04:00:00+00:00,1,ADEA,ADEA,0.034715525554484206,0.6619616321980567,0.1447110450518254,0.8463227320824117,ADEA,ADEA,AMZN,False,0.7676026724100672,0.602228270112707,ADEA,ADEA,baseline_temporal,0.5,0.4,0.55,0.2,0.55,1,0.034715525554484206,0.034715525554484206,0,0.0,0.0,10133.102506924097,-0.11490334967712823
2020-10-05T04:00:00+00:00,2020-10-06T04:00:00+00:00,2020-10-07T04:00:00+00:00,1,AMZN,AMZN,-0.009478672985781977,0.6519963606468834,0.4123574262911221,0.8347911147238057,AMZN,AMZN,ADEA,False,0.6438949367793735,0.8346255977026398,ADEA,AMZN,baseline_temporal,0.5,0.4,0.55,0.2,0.55,1,-0.009478672985781977,-0.009478672985781977,2,0.0,0.0,10037.054141929555,-0.1232928913863498
2020-10-06T04:00:00+00:00,2020-10-07T04:00:00+00:00,2020-10-08T04:00:00+00:00,1,AMZN,AMZN,0.028708133971291794,0.6698862552930795,0.31396939125716916,0.8618816173586059,AMZN,AMZN,ADEA,False,0.7070410689640267,0.9166666666666667,AMZN,AMZN,baseline_temporal,0.5,0.4,0.55,0.2,0.55,1,0.028708133971291794,0.028708133971291794,0,0.0,0.0,10325.199236913179,-0.0981242662586852
2020-10-07T04:00:00+00:00,2020-10-08T04:00:00+00:00,2020-10-09T04:00:00+00:00,1,AMZN,AMZN,-0.0046511627906976605,0.6542520488386899,0.3457472417664117,0.8577149506919393,AMZN,AMZN,MSFT,False,0.6653744022973601,0.5820410689640269,AMZN,AMZN,baseline_temporal,0.5,0.4,0.55,0.2,0.55,1,-0.0046511627906976605,-0.0046511627906976605,0,0.0,0.0,10277.175054415908,-0.10231903711329604
2020-10-08T04:00:00+00:00,2020-10-09T04:00:00+00:00,2020-10-12T04:00:00+00:00,1,AMZN,AMZN,0.04361370716510904,0.7207549828066898,0.36330282799533475,0.8692307830966319,AMZN,AMZN,MSFT,False,0.809514438516266,0.6051618538279112,AMZN,AMZN,baseline_temporal,0.5,0.4,0.55,0.2,0.55,1,0.04361370716510904,0.04361370716510904,0,0.0,0.0,10725.400757723766,-0.06316784247026219
2020-10-09T04:00:00+00:00,2020-10-12T04:00:00+00:00,2020-10-13T04:00:00+00:00,1,AMZN,AMZN,0.03522388059701487,0.6339768553951634,0.2970000864951103,0.9311082066558649,AMZN,AMZN,META,False,0.6448381461720887,0.809514438516266,AMZN,AMZN,baseline_temporal,0.5,0.4,0.55,0.2,0.55,1,0.03522388059701487,0.03522388059701487,0,0.0,0.0,11103.19099336896,-0.03016897841399091
2020-10-12T04:00:00+00:00,2020-10-13T04:00:00+00:00,2020-10-14T04:00:00+00:00,1,AMZN,AMZN,-0.006055363321799345,0.6314340642916781,0.1735495944374314,0.9564192078350746,AMZN,AMZN,TSLA,False,0.6865048128387553,0.9384951871612446,AMZN,AMZN,baseline_temporal,0.5,0.4,0.55,0.2,0.55,1,-0.006055363321799345,-0.006055363321799345,0,0.0,0.0,11035.957137872783,-0.036041657610445865
2020-10-13T04:00:00+00:00,2020-10-14T04:00:00+00:00,2020-10-15T04:00:00+00:00,1,AMZN,AMZN,-0.04496663765593267,0.6375874674712194,0.21631412292434854,0.9724251273584195,AMZN,AMZN,TSLA,False,0.6666666666666667,0.8591426024728898,AMZN,AMZN,baseline_temporal,0.5,0.4,0.55,0.2,0.55,1,-0.04496663765593267,-0.04496663765593267,0,0.0,0.0,10539.707252067654,-0.07938762310809044
2020-10-14T04:00:00+00:00,2020-10-15T04:00:00+00:00,2020-10-16T04:00:00+00:00,1,AMZN,AMZN,0.021628189550425336,0.6047746850501495,0.24286149385261774,0.9034971199675947,AMZN,AMZN,TSLA,False,0.6428477718495994,0.7123140819783117,AMZN,AMZN,baseline_temporal,0.5,0.4,0.55,0.2,0.55,1,0.021628189550425336,0.021628189550425336,0,0.0,0.0,10767.662038321367,-0.05947644411820452
2020-10-15T04:00:00+00:00,2020-10-16T04:00:00+00:00,2020-10-19T04:00:00+00:00,1,AMZN,AMZN,-0.018910561370123702,0.6126644242410508,0.22654904828619912,0.9671504346732971,AMZN,AMZN,META,False,0.6250000000000001,0.7277773640277372,AMZN,AMZN,baseline_temporal,0.5,0.4,0.55,0.2,0.55,1,-0.018910561370123702,-0.018910561370123702,0,0.0,0.0,10564.039504532939,-0.07726227254175422
2020-10-16T04:00:00+00:00,2020-10-19T04:00:00+00:00,2020-10-20T04:00:00+00:00,1,AMZN,AMZN,-0.023457388774396737,0.6366463317242415,0.18604838730187742,0.9452565542653973,AMZN,AMZN,TSLA,False,0.6888893026389296,0.9194452719445255,AMZN,AMZN,baseline_temporal,0.5,0.4,0.55,0.2,0.55,1,-0.023457388774396737,-0.023457388774396737,0,0.0,0.0,10316.234722847024,-0.09890729015154565
2020-10-19T04:00:00+00:00,2020-10-20T04:00:00+00:00,2020-10-21T04:00:00+00:00,1,AMZN,AMZN,-0.0029793308919372485,0.6327522378645114,0.24233209325630162,0.8649234899824663,AMZN,AMZN,NVDA,False,0.6638880613888077,0.8527773640277373,AMZN,AMZN,baseline_temporal,0.5,0.4,0.55,0.2,0.55,1,-0.0029793308919372485,-0.0029793308919372485,0,0.0,0.0,10285.49924604877,-0.10159194349849665
2020-10-20T04:00:00+00:00,2020-10-21T04:00:00+00:00,2020-10-22T04:00:00+00:00,1,AMZN,AMZN,-0.007097055344580605,0.6138684451537246,0.24233209325630162,0.840016501043772,AMZN,AMZN,NVDA,False,0.6416654254165449,0.8749999999999999,AMZN,AMZN,baseline_temporal,0.5,0.4,0.55,0.2,0.55,1,-0.007097055344580605,-0.007097055344580605,0,0.0,0.0,10212.502488652919,-0.107967995197505
2020-10-21T04:00:00+00:00,2020-10-22T04:00:00+00:00,2020-10-23T04:00:00+00:00,1,AMZN,AMZN,0.0003761991347419613,0.6648509575805097,0.32642674577126185,0.9174896922632607,AMZN,AMZN,NVDA,False,0.6666666666666667,0.8305547280554745,AMZN,AMZN,baseline_temporal,0.5,0.4,0.55,0.2,0.55,1,0.0003761991347419613,0.0003761991347419613,0,0.0,0.0,10216.344423252702,-0.107632413529136
2020-10-22T04:00:00+00:00,2020-10-23T04:00:00+00:00,2020-10-26T04:00:00+00:00,1,NVDA,NVDA,-0.0014936519790890168,0.7502808094672173,0.18569846412758836,0.9510870487969744,NVDA,NVDA,AMZN,False,0.8944995867978948,0.7083333333333331,AMZN,NVDA,baseline_temporal,0.5,0.4,0.55,0.2,0.55,1,-0.0014936519790890168,-0.0014936519790890168,2,0.0,0.0,10201.084760185855,-0.10896530014074313
2020-10-23T04:00:00+00:00,2020-10-26T04:00:00+00:00,2020-10-27T04:00:00+00:00,1,NVDA,NVDA,-0.008975317875841382,0.759918577011759,0.1777989063906182,0.9347545300695508,NVDA,AMZN,NVDA,False,0.9388337465354384,0.9388337465354384,NVDA,NVDA,baseline_temporal,0.5,0.4,0.55,0.2,0.55,1,-0.008975317875841382,-0.008975317875841382,0,0.0,0.0,10109.526781784785,-0.11696261981038492
2020-10-26T04:00:00+00:00,2020-10-27T04:00:00+00:00,2020-10-28T04:00:00+00:00,1,NVDA,NVDA,-0.008301886792452806,0.700112460779303,0.2106145518300524,0.8901266347060377,NVDA,NVDA,AMZN,False,0.8084987603936846,0.6055004132021051,NVDA,NVDA,baseline_temporal,0.5,0.4,0.55,0.2,0.55,1,-0.008301886792452806,-0.008301886792452806,0,0.0,0.0,10025.598634917138,-0.12429349617422325
2020-10-27T04:00:00+00:00,2020-10-28T04:00:00+00:00,2020-10-29T04:00:00+00:00,1,NVDA,NVDA,-0.027397260273972712,0.672071006993406,0.2502869478801506,0.8245722912870754,NVDA,NVDA,AMZN,False,0.7836641874540359,0.5584987603936846,NVDA,NVDA,baseline_temporal,0.5,0.4,0.55,0.2,0.55,1,-0.027397260273972712,-0.027397260273972712,0,0.0,0.0,9750.924699713929,-0.14828545518314862
2020-10-28T04:00:00+00:00,2020-10-29T04:00:00+00:00,2020-10-30T04:00:00+00:00,1,NVDA,NVDA,0.0007824726134584292,0.707568428197535,0.17805103848516968,0.9153128641502694,NVDA,NVDA,AMZN,False,0.8111662534645614,0.7083333333333331,NVDA,NVDA,baseline_temporal,0.5,0.4,0.55,0.2,0.55,1,0.0007824726134584292,0.0007824726134584292,0,0.0,0.0,9758.55453124735,-0.14761901187734527
2020-10-29T04:00:00+00:00,2020-10-30T04:00:00+00:00,2020-11-02T05:00:00+00:00,1,NVDA,NVDA,-0.014855355746677068,0.682062782721829,0.14059206824671858,0.8580894366761533,NVDA,NVDA,AMZN,False,0.8079510529480675,0.6859836843160225,NVDA,NVDA,baseline_temporal,0.5,0.4,0.55,0.2,0.55,1,-0.014855355746677068,-0.014855355746677068,0,0.0,0.0,9613.587732112323,-0.16028143468761147
2020-10-30T04:00:00+00:00,2020-11-02T05:00:00+00:00,2020-11-03T05:00:00+00:00,1,NVDA,NVDA,0.003968253968253954,0.6855157725242811,0.15755336134082615,0.8580894366761533,NVDA,NVDA,META,False,0.8079510529480675,0.5670489470519325,NVDA,NVDA,baseline_temporal,0.5,0.4,0.55,0.2,0.55,1,0.003968253968253954,0.003968253968253954,0,0.0,0.0,9651.736889779435,-0.15694921815859408
2020-11-02T05:00:00+00:00,2020-11-03T05:00:00+00:00,2020-11-04T05:00:00+00:00,1,NVDA,NVDA,0.05375494071146236,0.6766743919517514,0.14077874505404278,0.9082698338041078,NVDA,NVDA,META,False,0.75,0.63106526273591,NVDA,NVDA,baseline_temporal,0.5,0.4,0.55,0.2,0.55,1,0.05375494071146236,0.05375494071146236,0,0.0,0.0,10170.565434052163,-0.11163107336395717
2020-11-03T05:00:00+00:00,2020-11-04T05:00:00+00:00,2020-11-05T05:00:00+00:00,1,NVDA,NVDA,0.057764441110277565,0.653634665763754,0.10538850149736435,0.9168752395947957,NVDA,NVDA,META,False,0.7083333333333333,0.6056829823506441,NVDA,NVDA,baseline_temporal,0.5,0.4,0.55,0.2,0.55,1,0.057764441110277565,0.057764441110277565,0,0.0,0.0,10758.062462125696,-0.06031493881708894
2020-11-04T05:00:00+00:00,2020-11-05T05:00:00+00:00,2020-11-06T05:00:00+00:00,1,AMZN,AMZN,-0.004638554216867541,0.5676385392949294,0.3460433826615301,0.8019784843786586,AMZN,AMZN,LLY,False,0.5356014039307567,0.38521912354549087,NVDA,AMZN,baseline_temporal,0.5,0.4,0.55,0.2,0.55,1,-0.004638554216867541,-0.004638554216867541,2,0.0,0.0,10708.160606126678,-0.06467371892016638
2020-11-05T05:00:00+00:00,2020-11-06T05:00:00+00:00,2020-11-09T05:00:00+00:00,1,AMZN,AMZN,-0.022271984506445408,0.5431927681788172,0.3219199378289094,0.7779135361661683,AMZN,AMZN,LLY,False,0.5323174123012621,0.5963756213621627,AMZN,AMZN,baseline_temporal,0.5,0.4,0.55,0.2,0.55,1,-0.022271984506445408,-0.022271984506445408,0,0.0,0.0,10469.668619014496,-0.08550529136084761
2020-11-06T05:00:00+00:00,2020-11-09T05:00:00+00:00,2020-11-10T05:00:00+00:00,1,AMZN,AMZN,-0.04209223150727337,0.5811009900639741,0.3344803420611564,0.8552362716359418,AMZN,AMZN,LLY,False,0.5578253728172977,0.6859417909390992,AMZN,AMZN,baseline_temporal,0.5,0.4,0.55,0.2,0.55,1,-0.04209223150727337,-0.04209223150727337,0,0.0,0.0,10028.976903698504,-0.12399841434906322
2020-11-09T05:00:00+00:00,2020-11-10T05:00:00+00:00,2020-11-11T05:00:00+00:00,1,AMZN,AMZN,-0.010726978998384484,0.6689883960826681,0.36214186807559073,0.876926256036637,AMZN,AMZN,META,False,0.6859417909390992,0.6890582090609007,AMZN,AMZN,baseline_temporal,0.5,0.4,0.55,0.2,0.55,1,-0.010726978998384484,-0.010726978998384484,0,0.0,0.0,9921.396279077246,-0.13339526496089238
2020-11-10T05:00:00+00:00,2020-11-11T05:00:00+00:00,2020-11-12T05:00:00+00:00,1,AMZN,AMZN,0.03207263701090857,0.6649114797676721,0.33908998088333353,0.9085093588899964,AMZN,AMZN,NVDA,False,0.6666666666666667,0.7692751242724325,AMZN,AMZN,baseline_temporal,0.5,0.4,0.55,0.2,0.55,1,0.03207263701090857,0.03207263701090857,0,0.0,0.0,10239.60162057747,-0.10560096586204837
2020-11-11T05:00:00+00:00,2020-11-12T05:00:00+00:00,2020-11-13T05:00:00+00:00,1,NVDA,NVDA,0.011177347242921076,0.6840612392938326,0.09891531423781512,0.890350055702307,NVDA,NVDA,AMZN,False,0.8171746271827023,0.8463756213621627,AMZN,NVDA,baseline_temporal,0.5,0.4,0.55,0.2,0.55,1,0.011177347242921076,0.011177347242921076,2,0.0,0.0,10354.053203519841,-0.09560395728375537
2020-11-12T05:00:00+00:00,2020-11-13T05:00:00+00:00,2020-11-16T05:00:00+00:00,1,NVDA,NVDA,-0.033161385408990496,0.6730232320183351,0.12334428672889246,0.8664861701305614,NVDA,NVDA,AMZN,False,0.8001009727900934,0.7832323605432396,NVDA,NVDA,baseline_temporal,0.5,0.4,0.55,0.2,0.55,1,-0.033161385408990496,-0.033161385408990496,0,0.0,0.0,10010.698454692729,-0.12559498301863437
2020-11-13T05:00:00+00:00,2020-11-16T05:00:00+00:00,2020-11-17T05:00:00+00:00,1,NVDA,NVDA,0.02820121951219523,0.6553373250805515,0.09406349897501065,0.8932021139090884,NVDA,NVDA,AMZN,False,0.7542171530617133,0.8895076037407632,NVDA,NVDA,baseline_temporal,0.5,0.4,0.55,0.2,0.55,1,0.02820121951219523,0.02820121951219523,0,0.0,0.0,10293.01235928391,-0.10093569519217827
2020-11-16T05:00:00+00:00,2020-11-17T05:00:00+00:00,2020-11-18T05:00:00+00:00,1,NVDA,NVDA,-0.005930318754633013,0.7238196202272676,0.06115866301392572,0.9755554864910199,NVDA,NVDA,AMZN,False,0.875,0.7645076037407631,NVDA,NVDA,baseline_temporal,0.5,0.4,0.55,0.2,0.55,1,-0.005930318754633013,-0.005930318754633013,0,0.0,0.0,10231.971515047979,-0.10626743310060127
2020-11-17T05:00:00+00:00,2020-11-18T05:00:00+00:00,2020-11-19T05:00:00+00:00,1,NVDA,NVDA,-0.01864280387770323,0.7299353500206507,0.08054370616722505,0.9219222913500527,NVDA,NVDA,AMZN,False,0.9124495136049533,0.9396085765308568,NVDA,NVDA,baseline_temporal,0.5,0.4,0.55,0.2,0.55,1,-0.01864280387770323,-0.01864280387770323,0,0.0,0.0,10041.218876810693,-0.12292911406442297
2020-11-18T05:00:00+00:00,2020-11-19T05:00:00+00:00,2020-11-20T05:00:00+00:00,1,NVDA,NVDA,0.01823708206686936,0.6844031081968747,0.06115866301392572,0.884754721751281,NVDA,NVDA,AMZN,False,0.8478409370740966,0.7602904506790498,NVDA,NVDA,baseline_temporal,0.5,0.4,0.55,0.2,0.55,1,0.01823708206686936,0.01823708206686936,0,0.0,0.0,10224.341409518487,-0.10693390033915418
2020-11-19T05:00:00+00:00,2020-11-20T05:00:00+00:00,2020-11-23T05:00:00+00:00,1,NVDA,NVDA,-0.02164179104477615,0.6685754554406806,0.06942694961272589,0.8781943123677118,NVDA,NVDA,AMZN,False,0.8056127256046002,0.7733006016122673,NVDA,NVDA,baseline_temporal,0.5,0.4,0.55,0.2,0.55,1,-0.02164179104477615,-0.02164179104477615,0,0.0,0.0,10003.068349163235,-0.1262614502571875
2020-11-20T05:00:00+00:00,2020-11-23T05:00:00+00:00,2020-11-24T05:00:00+00:00,1,NVDA,NVDA,-0.0015255530129671957,0.6766091354428002,0.08984916146821859,0.8550218898225931,NVDA,NVDA,AMZN,False,0.8241503008061336,0.6760212093410004,NVDA,NVDA,baseline_temporal,0.5,0.4,0.55,0.2,0.55,1,-0.0015255530129671957,-0.0015255530129671957,0,0.0,0.0,9987.808138104252,-0.1275943847342933
2020-11-23T05:00:00+00:00,2020-11-24T05:00:00+00:00,2020-11-25T05:00:00+00:00,1,NVDA,NVDA,-0.008403361344537785,0.7210802706266899,0.10788795208185069,0.8681327799399186,NVDA,NVDA,AMZN,False,0.907483634139467,0.5972793922712669,NVDA,NVDA,baseline_temporal,0.5,0.4,0.55,0.2,0.55,1,-0.008403361344537785,-0.008403361344537785,0,0.0,0.0,9903.876977279848,-0.13492552435837468
2020-11-24T05:00:00+00:00,2020-11-25T05:00:00+00:00,2020-11-27T05:00:00+00:00,1,NVDA,NVDA,0.026194144838212585,0.7212039154952716,0.11392426677134791,0.9063492387865775,NVDA,NVDA,AMZN,False,0.8889460589379337,0.537246660550201,NVDA,NVDA,baseline_temporal,0.5,0.4,0.55,0.2,0.55,1,0.026194144838212585,0.026194144838212585,0,0.0,0.0,10163.300565282556,-0.11226563824757707
2020-11-25T05:00:00+00:00,2020-11-27T05:00:00+00:00,2020-11-30T05:00:00+00:00,1,NVDA,NVDA,-0.008258258258258211,0.8036585742856908,0.17276868570244666,0.9698584781700161,NVDA,NVDA,AMZN,False,1.0,0.33792484959693314,NVDA,NVDA,baseline_temporal,0.5,0.4,0.55,0.2,0.55,1,-0.008258258258258211,-0.008258258258258211,0,0.0,0.0,10079.369404458152,-0.11959677787165857
2020-11-27T05:00:00+00:00,2020-11-30T05:00:00+00:00,2020-12-01T05:00:00+00:00,1,NVDA,NVDA,0.016654049962149697,0.8107262549361642,0.1938738446568259,0.9767502528395778,NVDA,NVDA,AMZN,False,1.0,0.4631994171740569,NVDA,NVDA,baseline_temporal,0.5,0.4,0.55,0.2,0.55,1,0.016654049962149697,0.016654049962149697,0,0.0,0.0,10247.23172610696,-0.10493449862349569
2020-11-30T05:00:00+00:00,2020-12-01T05:00:00+00:00,2020-12-02T05:00:00+00:00,1,NVDA,NVDA,-0.01042442293373047,0.6969281165809862,0.2276638608757667,0.9164701202896534,NVDA,NVDA,AMZN,False,0.7868005828259431,0.4263988343481138,NVDA,NVDA,baseline_temporal,0.5,0.4,0.55,0.2,0.55,1,-0.01042442293373047,-0.01042442293373047,0,0.0,0.0,10140.410248694081,-0.11426503996323578
2020-12-01T05:00:00+00:00,2020-12-02T05:00:00+00:00,2020-12-03T05:00:00+00:00,1,NVDA,NVDA,0.018058690744920947,0.7195208666879772,0.23754793315230785,0.9230532007834087,NVDA,NVDA,AMZN,False,0.8284672494926097,0.3798660838407235,NVDA,NVDA,baseline_temporal,0.5,0.4,0.55,0.2,0.55,1,0.018058690744920947,0.018058690744920947,0,0.0,0.0,10323.532781401875,-0.09826982623796687
2020-12-02T05:00:00+00:00,2020-12-03T05:00:00+00:00,2020-12-04T05:00:00+00:00,1,NVDA,NVDA,-0.010347376201034653,0.716121531537421,0.23518091043500886,0.9204454560246599,NVDA,NVDA,AMZN,False,0.8284672494926097,0.509732167681447,NVDA,NVDA,baseline_temporal,0.5,0.4,0.55,0.2,0.55,1,-0.010347376201034653,-0.010347376201034653,0,0.0,0.0,10216.711303988994,-0.10760036757770719
2020-12-03T05:00:00+00:00,2020-12-04T05:00:00+00:00,2020-12-07T05:00:00+00:00,1,NVDA,NVDA,0.011949215832711024,0.7163298824390538,0.14875853662805785,0.9068962649459558,NVDA,NVDA,AMZN,False,0.8701339161592765,0.5465327505073901,NVDA,NVDA,baseline_temporal,0.5,0.4,0.55,0.2,0.55,1,0.011949215832711024,0.011949215832711024,0,0.0,0.0,10338.792992460856,-0.09693689176086129
2020-12-04T05:00:00+00:00,2020-12-07T05:00:00+00:00,2020-12-08T05:00:00+00:00,1,NVDA,NVDA,-0.0014760147601476925,0.7025541032369541,0.16427902072018197,0.8666733674799871,NVDA,NVDA,AMZN,False,0.8286624961659946,0.5046708371673386,NVDA,NVDA,baseline_temporal,0.5,0.4,0.55,0.2,0.55,1,-0.0014760147601476925,-0.0014760147601476925,0,0.0,0.0,10323.532781401875,-0.09826982623796687
2020-12-07T05:00:00+00:00,2020-12-08T05:00:00+00:00,2020-12-09T05:00:00+00:00,1,AMZN,AMZN,0.002785691674580537,0.6327535111421859,0.5878615665064394,0.901281707757094,AMZN,AMZN,NVDA,False,0.5231687519170026,0.7128187365809814,NVDA,AMZN,baseline_temporal,0.5,0.4,0.55,0.2,0.55,1,0.002785691674580537,0.002785691674580537,2,0.0,0.0,10352.290960723285,-0.09575788400019991
2020-12-08T05:00:00+00:00,2020-12-09T05:00:00+00:00,2020-12-10T05:00:00+00:00,1,AMZN,AMZN,-0.024875307784582357,0.6804891432094726,0.6545209638996309,0.8662150670729416,AMZN,NVDA,AMZN,False,0.6388270775823254,0.6388270775823254,AMZN,AMZN,baseline_temporal,0.5,0.4,0.55,0.2,0.55,1,-0.024875307784582357,-0.024875307784582357,0,0.0,0.0,10094.774536799745,-0.11825118494747688
2020-12-09T05:00:00+00:00,2020-12-10T05:00:00+00:00,2020-12-11T05:00:00+00:00,1,NVDA,NVDA,0.007800312012480548,0.7351857045604792,0.21383478104908205,0.9147100926827325,NVDA,NVDA,AMZN,False,0.8703291628326614,0.6804937442489919,AMZN,NVDA,baseline_temporal,0.5,0.4,0.55,0.2,0.55,1,0.007800312012480548,0.007800312012480548,2,0.0,0.0,10173.516927882427,-0.11137326907343215
2020-12-10T05:00:00+00:00,2020-12-11T05:00:00+00:00,2020-12-14T05:00:00+00:00,1,NVDA,NVDA,0.009287925696594312,0.7602688206769763,0.2306915801124267,0.920245244602018,NVDA,NVDA,AMZN,False,0.9119958294993281,0.7406583256653227,NVDA,NVDA,baseline_temporal,0.5,0.4,0.55,0.2,0.55,1,0.009287925696594312,0.009287925696594312,0,0.0,0.0,10268.007797181644,-0.10311977002457862
2020-12-11T05:00:00+00:00,2020-12-14T05:00:00+00:00,2020-12-15T05:00:00+00:00,1,NVDA,NVDA,0.026840490797546135,0.7697174213502442,0.20109638244749384,0.9383334773099384,NVDA,NVDA,AMZN,False,0.9353215280637307,0.7269881947303972,NVDA,NVDA,baseline_temporal,0.5,0.4,0.55,0.2,0.55,1,0.026840490797546135,0.026840490797546135,0,0.0,0.0,10543.606165971029,-0.07904706446542242
2020-12-14T05:00:00+00:00,2020-12-15T05:00:00+00:00,2020-12-16T05:00:00+00:00,1,NVDA,NVDA,-0.0014936519790890168,0.7435539097789561,0.18311869178973608,0.8871196380912851,NVDA,NVDA,AMZN,False,0.912309722794128,0.7829527789215892,NVDA,NVDA,baseline_temporal,0.5,0.4,0.55,0.2,0.55,1,-0.0014936519790890168,-0.0014936519790890168,0,0.0,0.0,10527.857687754491,-0.08042264764023144
2020-12-15T05:00:00+00:00,2020-12-16T05:00:00+00:00,2020-12-17T05:00:00+00:00,1,NVDA,NVDA,-0.00448765893792058,0.7579511455168416,0.17577679638808502,0.8918553524166181,NVDA,NVDA,AMZN,False,0.9353215280637307,0.7139173631127812,NVDA,NVDA,baseline_temporal,0.5,0.4,0.55,0.2,0.55,1,-0.00448765893792058,-0.00448765893792058,0,0.0,0.0,10480.612253104884,-0.08454939716465804
2020-12-16T05:00:00+00:00,2020-12-17T05:00:00+00:00,2020-12-18T05:00:00+00:00,1,NVDA,NVDA,0.0015026296018030294,0.7487578435905039,0.22134236453707498,0.9071611030621267,NVDA,NVDA,AMZN,False,0.893654861397064,0.4440354158088082,NVDA,NVDA,baseline_temporal,0.5,0.4,0.55,0.2,0.55,1,0.0015026296018030294,0.0015026296018030294,0,0.0,0.0,10496.36073132142,-0.08317381398984924
2020-12-17T05:00:00+00:00,2020-12-18T05:00:00+00:00,2020-12-21T05:00:00+00:00,1,NVDA,NVDA,-0.023255813953488413,0.7533112346048051,0.2323291228403656,0.8945327902376017,NVDA,NVDA,AMZN,False,0.912309722794128,0.5087138877450774,NVDA,NVDA,baseline_temporal,0.5,0.4,0.55,0.2,0.55,1,-0.023255813953488413,-0.023255813953488413,0,0.0,0.0,10252.259318965107,-0.10449535319938763
2020-12-18T05:00:00+00:00,2020-12-21T05:00:00+00:00,2020-12-22T05:00:00+00:00,1,NVDA,NVDA,0.01920122887864828,0.7504898992760236,0.20492517255264853,0.8905927473692334,NVDA,NVDA,AMZN,False,0.9127399145140737,0.5495201709718528,NVDA,NVDA,baseline_temporal,0.5,0.4,0.55,0.2,0.55,1,0.01920122887864828,0.01920122887864828,0,0.0,0.0,10449.115296671811,-0.08730056351427595
2020-12-21T05:00:00+00:00,2020-12-22T05:00:00+00:00,2020-12-23T05:00:00+00:00,1,NVDA,NVDA,-0.005275056518462717,0.7248351541049152,0.16343971898331017,0.8801009732583915,NVDA,NVDA,AMZN,False,0.8899432051044438,0.5605366239237036,NVDA,NVDA,baseline_temporal,0.5,0.4,0.55,0.2,0.55,1,-0.005275056518462717,-0.005275056518462717,0,0.0,0.0,10393.995622913933,-0.09211510462610728
2020-12-22T05:00:00+00:00,2020-12-23T05:00:00+00:00,2020-12-24T05:00:00+00:00,1,NVDA,NVDA,-0.016666666666666607,0.7478853382695776,0.19774546165258308,0.8954413374552079,NVDA,NVDA,AMZN,False,0.9127399145140737,0.5833333333333333,NVDA,NVDA,baseline_temporal,0.5,0.4,0.55,0.2,0.55,1,-0.016666666666666607,-0.016666666666666607,0,0.0,0.0,10220.762362532036,-0.10724651954900544
2020-12-23T05:00:00+00:00,2020-12-24T05:00:00+00:00,2020-12-28T05:00:00+00:00,1,NVDA,NVDA,0.0023112480739599928,0.740735207221597,0.2338929930430442,0.9196715139680413,NVDA,NVDA,AMZN,False,0.8561300427429632,0.5259596580562945,NVDA,NVDA,baseline_temporal,0.5,0.4,0.55,0.2,0.55,1,0.0023112480739599928,0.0023112480739599928,0,0.0,0.0,10244.385079856842,-0.1051831447867918
2020-12-24T05:00:00+00:00,2020-12-28T05:00:00+00:00,2020-12-29T05:00:00+00:00,1,NVDA,NVDA,-0.01076095311299008,0.8298734735390412,0.2991841316279572,0.9663669862045593,NVDA,NVDA,AMZN,False,1.0,0.5754798290281473,NVDA,NVDA,baseline_temporal,0.5,0.4,0.55,0.2,0.55,1,-0.01076095311299008,-0.01076095311299008,0,0.0,0.0,10134.145732341087,-0.11481222701045446
2020-12-28T05:00:00+00:00,2020-12-29T05:00:00+00:00,2020-12-30T05:00:00+00:00,1,TSLA,TSLA,0.016656832932419485,0.6318740414144997,0.0,0.8457800397842508,TSLA,TSLA,NVDA,False,0.8594289732623096,0.8524125644681191,NVDA,TSLA,baseline_temporal,0.5,0.4,0.55,0.2,0.55,1,0.016656832932419485,0.016656832932419485,2,0.0,0.0,10302.948504717484,-0.1000678021619471
2020-12-29T05:00:00+00:00,2020-12-30T05:00:00+00:00,2020-12-31T05:00:00+00:00,1,TSLA,TSLA,0.04165178571428574,0.6956796855247857,0.0,0.9150864773866754,TSLA,TSLA,NVDA,False,0.9166666666666667,0.7344289732623096,TSLA,TSLA,baseline_temporal,0.5,0.4,0.55,0.2,0.55,1,0.04165178571428574,0.04165178571428574,0,0.0,0.0,10732.084708061298,-0.06258401910021028
2020-12-30T05:00:00+00:00,2020-12-31T05:00:00+00:00,2021-01-04T05:00:00+00:00,1,TSLA,TSLA,0.027814683066900825,0.6172910371034684,0.0,0.9000193484113772,TSLA,TSLA,NVDA,False,0.7690792311347856,0.6701748710637618,TSLA,TSLA,baseline_temporal,0.5,0.4,0.55,0.2,0.55,1,0.027814683066900825,0.027814683066900825,0,0.0,0.0,11030.594242863157,-0.03651009068963462
2020-12-31T05:00:00+00:00,2021-01-04T05:00:00+00:00,2021-01-05T05:00:00+00:00,1,TSLA,TSLA,0.005837711617046049,0.6610234571407135,0.0,0.8364387883994309,TSLA,TSLA,NVDA,False,0.8785082043970953,0.7570164087941906,TSLA,TSLA,baseline_temporal,0.5,0.4,0.55,0.2,0.55,1,0.005837711617046049,0.005837711617046049,0,0.0,0.0,11094.98767101764,-0.03088551445314691
2021-01-04T05:00:00+00:00,2021-01-05T05:00:00+00:00,2021-01-06T05:00:00+00:00,1,TSLA,TSLA,0.04813033745128936,0.6207642587956405,0.0,0.767882627137203,TSLA,TSLA,NVDA,False,0.8403497421275239,0.6927623065956429,TSLA,TSLA,baseline_temporal,0.5,0.4,0.55,0.2,0.55,1,0.04813033745128936,0.04813033745128936,0,0.0,0.0,11628.993171641612,0.0
2021-01-05T05:00:00+00:00,2021-01-06T05:00:00+00:00,2021-01-07T05:00:00+00:00,1,TSLA,TSLA,0.0252343471898111,0.6331522223170737,0.0,0.8610176776722236,TSLA,TSLA,NVDA,False,0.8140295895732294,0.6311183582929175,TSLA,TSLA,baseline_temporal,0.5,0.4,0.55,0.2,0.55,1,0.0252343471898111,0.0252343471898111,0,0.0,0.0,11922.443222802758,0.0
2021-01-06T05:00:00+00:00,2021-01-07T05:00:00+00:00,2021-01-08T05:00:00+00:00,1,TSLA,TSLA,0.10076771729485756,0.6327477336035241,0.0,0.7788413951641672,TSLA,TSLA,NVDA,False,0.8394516916262509,0.6666666666666669,TSLA,TSLA,baseline_temporal,0.5,0.4,0.55,0.2,0.55,1,0.10076771729485756,0.10076771729485756,0,0.0,0.0,13123.840610942138,0.0
2021-01-07T05:00:00+00:00,2021-01-08T05:00:00+00:00,2021-01-11T05:00:00+00:00,1,TSLA,TSLA,-0.007710370448252846,0.6109723030148895,0.0,0.734871092833351,TSLA,TSLA,NVDA,False,0.8232071270126058,0.6473629229065628,TSLA,TSLA,baseline_temporal,0.5,0.4,0.55,0.2,0.55,1,-0.007710370448252846,-0.007710370448252846,0,0.0,0.0,13022.650938127948,-0.007710370448252846
2021-01-08T05:00:00+00:00,2021-01-11T05:00:00+00:00,2021-01-12T05:00:00+00:00,1,NVDA,NVDA,0.025449101796407136,0.6207496737258672,0.1087115723753613,0.928042862981628,NVDA,NVDA,ADC,False,0.6859704104267706,0.41972584581312544,TSLA,NVDA,baseline_temporal,0.5,0.4,0.55,0.2,0.55,1,0.025449101796407136,0.025449101796407136,2,0.0,0.0,13354.065707511445,0.0
2021-01-11T05:00:00+00:00,2021-01-12T05:00:00+00:00,2021-01-13T05:00:00+00:00,1,NVDA,NVDA,-0.01897810218978102,0.5597863711573026,0.10117905243909936,0.932587264435865,NVDA,NVDA,ADC,False,0.6026370770934373,0.5670887687196883,NVDA,NVDA,baseline_temporal,0.5,0.4,0.55,0.2,0.55,1,-0.01897810218978102,-0.01897810218978102,0,0.0,0.0,13100.63088386524,-0.018978102189781132
2021-01-12T05:00:00+00:00,2021-01-13T05:00:00+00:00,2021-01-14T05:00:00+00:00,1,NVDA,NVDA,0.005952380952380931,0.5555047546727409,0.08165302517570817,0.9464888578526021,NVDA,NVDA,MSFT,False,0.6029467970540499,0.32845385488286616,NVDA,NVDA,baseline_temporal,0.5,0.4,0.55,0.2,0.55,1,0.005952380952380931,0.005952380952380931,0,0.0,0.0,13178.610829602532,-0.013138686131387134
2021-01-13T05:00:00+00:00,2021-01-14T05:00:00+00:00,2021-01-15T05:00:00+00:00,1,NVDA,NVDA,-0.025887573964497035,0.5664264673499185,0.10775598262748032,0.8939796836873425,NVDA,NVDA,MSFT,False,0.6225602607747664,0.33089359410809976,NVDA,NVDA,baseline_temporal,0.5,0.4,0.55,0.2,0.55,1,-0.025887573964497035,-0.025887573964497035,0,0.0,0.0,12837.448567001875,-0.03868613138686161
2021-01-14T05:00:00+00:00,2021-01-15T05:00:00+00:00,2021-01-19T05:00:00+00:00,1,NVDA,NVDA,-0.015945330296127547,0.6322327551921854,0.14579699966854015,0.9391890186501817,NVDA,NVDA,MSFT,False,0.7279467970540497,0.3357730725585669,NVDA,NVDA,baseline_temporal,0.5,0.4,0.55,0.2,0.55,1,-0.015945330296127547,-0.015945330296127547,0,0.0,0.0,12632.75120944148,-0.05401459854014634
2021-01-15T05:00:00+00:00,2021-01-19T05:00:00+00:00,2021-01-20T05:00:00+00:00,1,NVDA,NVDA,0.007716049382715973,0.659348241786141,0.16332314769937667,0.9334022121639864,NVDA,NVDA,ADC,False,0.7696134637207165,0.5244929421711837,NVDA,NVDA,baseline_temporal,0.5,0.4,0.55,0.2,0.55,1,0.007716049382715973,0.007716049382715973,0,0.0,0.0,12730.226141613095,-0.04671532846715365
2021-01-19T05:00:00+00:00,2021-01-20T05:00:00+00:00,2021-01-21T05:00:00+00:00,1,NVDA,NVDA,0.02297090352220521,0.6593239309023846,0.1585395613342332,0.9023980367583617,NVDA,NVDA,MSFT,False,0.7892269274414332,0.35294679705404985,NVDA,NVDA,baseline_temporal,0.5,0.4,0.55,0.2,0.55,1,0.02297090352220521,0.02297090352220521,0,0.0,0.0,13022.650938127945,-0.024817518248175574
2021-01-20T05:00:00+00:00,2021-01-21T05:00:00+00:00,2021-01-22T05:00:00+00:00,1,NVDA,NVDA,0.0239520958083832,0.6323149327407196,0.13479089500865488,0.9030095021624707,NVDA,NVDA,WMT,False,0.7482963642918665,0.06335181785406667,NVDA,NVDA,baseline_temporal,0.5,0.4,0.55,0.2,0.55,1,0.0239520958083832,0.0239520958083832,0,0.0,0.0,13334.570721077116,-0.0014598540145989158
2021-01-21T05:00:00+00:00,2021-01-22T05:00:00+00:00,2021-01-25T05:00:00+00:00,1,NVDA,NVDA,0.003654970760234022,0.5526941393006229,0.09528986563952865,0.9313174207035175,NVDA,NVDA,AMZN,False,0.5850369690414667,0.26998151547926663,NVDA,NVDA,baseline_temporal,0.5,0.4,0.55,0.2,0.55,1,0.003654970760234022,0.003654970760234022,0,0.0,0.0,13383.308187162926,0.0
2021-01-22T05:00:00+00:00,2021-01-25T05:00:00+00:00,2021-01-26T05:00:00+00:00,1,NVDA,NVDA,-0.014566642388929463,0.5865698531511163,0.10888143485151874,0.8857437440085498,NVDA,NVDA,AMZN,False,0.6683703023748,0.3915742440629999,NVDA,NVDA,baseline_temporal,0.5,0.4,0.55,0.2,0.55,1,-0.014566642388929463,-0.014566642388929463,0,0.0,0.0,13188.358322819691,-0.014566642388929463
2021-01-25T05:00:00+00:00,2021-01-26T05:00:00+00:00,2021-01-27T05:00:00+00:00,1,NVDA,NVDA,-0.025868440502586854,0.6081233381506277,0.13730633331063444,0.9106776520922663,NVDA,NVDA,WMT,False,0.6866481821459334,0.04166666666666662,NVDA,NVDA,baseline_temporal,0.5,0.4,0.55,0.2,0.55,1,-0.025868440502586854,-0.025868440502586854,0,0.0,0.0,12847.196060219032,-0.04005826656955602
2021-01-26T05:00:00+00:00,2021-01-27T05:00:00+00:00,2021-01-28T05:00:00+00:00,1,NVDA,NVDA,-0.018209408194233667,0.7084787605528748,0.18508640203930762,0.9141001417125499,NVDA,NVDA,WMT,False,0.8732963642918665,0.021685151187399988,NVDA,NVDA,baseline_temporal,0.5,0.4,0.55,0.2,0.55,1,-0.018209408194233667,-0.018209408194233667,0,0.0,0.0,12613.256223007154,-0.05753823743627107
2021-01-27T05:00:00+00:00,2021-01-28T05:00:00+00:00,2021-01-29T05:00:00+00:00,1,NFLX,NFLX,0.003918641537600243,0.5855080408457779,0.06510518934955938,0.6942790751464949,NFLX,NFLX,NVDA,False,0.8163200962889329,0.8119542719587238,NVDA,NFLX,baseline_temporal,0.5,0.4,0.55,0.2,0.55,1,0.003918641537600243,0.003918641537600243,2,0.0,0.0,12662.683052767024,-0.05384506762588892
2021-01-28T05:00:00+00:00,2021-01-29T05:00:00+00:00,2021-02-01T05:00:00+00:00,1,NFLX,NFLX,-0.0022304832713754275,0.5684851310630161,0.08294842724737984,0.8458993140183997,NFLX,NFLX,NVDA,False,0.6891371841238283,0.7713790613746093,NFLX,NFLX,baseline_temporal,0.5,0.4,0.55,0.2,0.55,1,-0.0022304832713754275,-0.0022304832713754275,0,0.0,0.0,12634.4391500471,-0.05595545037467875
2021-01-29T05:00:00+00:00,2021-02-01T05:00:00+00:00,2021-02-02T05:00:00+00:00,1,NFLX,NFLX,0.009687034277198192,0.5904889860102193,0.10173909840258545,0.8238274446000214,NFLX,NFLX,AMD,False,0.7308038507904949,0.9155752105841144,NFLX,NFLX,baseline_temporal,0.5,0.4,0.55,0.2,0.55,1,0.009687034277198192,0.009687034277198192,0,0.0,0.0,12756.82939516678,-0.046810458463256155
2021-02-01T05:00:00+00:00,2021-02-02T05:00:00+00:00,2021-02-03T05:00:00+00:00,1,NFLX,NFLX,0.015129151291512821,0.5798590160230627,0.08892861811840556,0.8677342530039336,NFLX,NFLX,NVDA,False,0.6891371841238283,0.6228170878348955,NFLX,NFLX,baseline_temporal,0.5,0.4,0.55,0.2,0.55,1,0.015129151291512821,0.015129151291512821,0,0.0,0.0,12949.829397086276,-0.032389509679858985
2021-02-02T05:00:00+00:00,2021-02-03T05:00:00+00:00,2021-02-04T05:00:00+00:00,1,NFLX,NFLX,-0.018902217375499908,0.5918721664486558,0.11676980811466349,0.8779707890476927,NFLX,NFLX,NVDA,False,0.6891371841238283,0.6025294825428384,NFLX,NFLX,baseline_temporal,0.5,0.4,0.55,0.2,0.55,1,-0.018902217375499908,-0.018902217375499908,0,0.0,0.0,12705.048906846912,-0.05067949350270429
2021-02-03T05:00:00+00:00,2021-02-04T05:00:00+00:00,2021-02-05T05:00:00+00:00,1,NFLX,NFLX,0.02315672471285657,0.5895164079024084,0.18718707626700126,0.9036460013294367,NFLX,NFLX,NVDA,False,0.6242971164857013,0.5190761245475864,NFLX,NFLX,baseline_temporal,0.5,0.4,0.55,0.2,0.55,1,0.02315672471285657,0.02315672471285657,0,0.0,0.0,12999.256226846146,-0.02869633986947684
2021-02-04T05:00:00+00:00,2021-02-05T05:00:00+00:00,2021-02-08T05:00:00+00:00,1,NFLX,NFLX,0.004888647474198926,0.617136620034903,0.17285885562267483,0.9500768951164581,NFLX,NFLX,ADC,False,0.6666666666666669,0.31214855824285065,NFLX,NFLX,baseline_temporal,0.5,0.4,0.55,0.2,0.55,1,0.004888647474198926,0.004888647474198926,0,0.0,0.0,13062.80500796598,-0.023947978684699667
2021-02-05T05:00:00+00:00,2021-02-08T05:00:00+00:00,2021-02-09T05:00:00+00:00,1,NFLX,NFLX,-0.01621621621621616,0.6112524254533346,0.20860964672457874,0.8905400678560866,NFLX,NFLX,NVDA,False,0.686445674728552,0.6645580161237705,NFLX,NFLX,baseline_temporal,0.5,0.4,0.55,0.2,0.55,1,-0.01621621621621616,-0.01621621621621616,0,0.0,0.0,12850.975737566532,-0.0397758493006235
2021-02-08T05:00:00+00:00,2021-02-09T05:00:00+00:00,2021-02-10T05:00:00+00:00,1,NFLX,NFLX,0.030219780219780112,0.6717771192894961,0.25943654528610144,0.884002735677039,NFLX,NFLX,WMT,False,0.7697790080618853,0.08263044981903458,NFLX,NFLX,baseline_temporal,0.5,0.4,0.55,0.2,0.55,1,0.030219780219780112,0.030219780219780112,0,0.0,0.0,13239.32939996552,-0.010758086504763287
2021-02-09T05:00:00+00:00,2021-02-10T05:00:00+00:00,2021-02-11T05:00:00+00:00,1,NFLX,NFLX,0.003377777777777702,0.6553159479139186,0.22533271184003933,0.9072977129348274,NFLX,NFLX,WMT,False,0.7492971164857011,0.08263044981903458,NFLX,NFLX,baseline_temporal,0.5,0.4,0.55,0.2,0.55,1,0.003377777777777702,0.003377777777777702,0,0.0,0.0,13284.048912605404,-0.007416647152512668
2021-02-10T05:00:00+00:00,2021-02-11T05:00:00+00:00,2021-02-12T05:00:00+00:00,1,NFLX,NFLX,-0.013288447909284185,0.6533063874685012,0.2961180871450515,0.9171787719664573,NFLX,NFLX,ADC,False,0.7078791898197847,0.33333333333333337,NFLX,NFLX,baseline_temporal,0.5,0.4,0.55,0.2,0.55,1,-0.013288447909284185,-0.013288447909284185,0,0.0,0.0,13107.524520605864,-0.02060653933244916
2021-02-11T05:00:00+00:00,2021-02-12T05:00:00+00:00,2021-02-16T05:00:00+00:00,1,NFLX,NFLX,0.0007182618064285329,0.6858031522715698,0.3358500227468775,0.8946010082958642,NFLX,NFLX,ADC,False,0.7701521180630103,0.5416666666666667,NFLX,NFLX,baseline_temporal,0.5,0.4,0.55,0.2,0.55,1,0.0007182618064285329,0.0007182618064285329,0,0.0,0.0,13116.93915484584,-0.01990307841618577
2021-02-12T05:00:00+00:00,2021-02-16T05:00:00+00:00,2021-02-17T05:00:00+00:00,1,NFLX,NFLX,-0.011304503857886172,0.6990331836734635,0.2875145462464935,0.9008929119863236,NFLX,NFLX,ADC,False,0.8118187847296771,0.5416666666666667,NFLX,NFLX,baseline_temporal,0.5,0.4,0.55,0.2,0.55,1,-0.011304503857886172,-0.011304503857886172,0,0.0,0.0,12968.658665566229,-0.03098258784733232
2021-02-16T05:00:00+00:00,2021-02-17T05:00:00+00:00,2021-02-18T05:00:00+00:00,1,NFLX,NFLX,-0.003629764065335772,0.6991727532866227,0.31071079576318916,0.943423543467095,NFLX,NFLX,ADC,False,0.7706062615765591,0.6460604050901076,NFLX,NFLX,baseline_temporal,0.5,0.4,0.55,0.2,0.55,1,-0.003629764065335772,-0.003629764065335772,0,0.0,0.0,12921.58549436635,-0.034499892428648704
2021-02-17T05:00:00+00:00,2021-02-18T05:00:00+00:00,2021-02-19T05:00:00+00:00,1,NFLX,NFLX,-0.0018214936247723523,0.7192638335308427,0.3075689332945018,0.984877018209066,NFLX,NFLX,ADC,False,0.7916666666666665,0.45969576387397926,NFLX,NFLX,baseline_temporal,0.5,0.4,0.55,0.2,0.55,1,-0.0018214936247723523,-0.0018214936247723523,0,0.0,0.0,12898.04890876641,-0.03625854471930712
2021-02-18T05:00:00+00:00,2021-02-19T05:00:00+00:00,2021-02-22T05:00:00+00:00,1,NFLX,NFLX,-0.02372262773722622,0.6854424567104709,0.2847676818852495,0.9292341922408262,NFLX,NFLX,ADC,False,0.7502940508676158,0.39656846050237293,NFLX,NFLX,baseline_temporal,0.5,0.4,0.55,0.2,0.55,1,-0.02372262773722622,-0.02372262773722622,0,0.0,0.0,12592.073295967208,-0.059121024497863606
2021-02-19T05:00:00+00:00,2021-02-22T05:00:00+00:00,2021-02-23T05:00:00+00:00,1,NFLX,NFLX,-0.01869158878504673,0.674955304917941,0.31394240760223724,0.912696412858736,NFLX,NFLX,TSLA,False,0.7086273842009493,0.9793136921004746,NFLX,NFLX,baseline_temporal,0.5,0.4,0.55,0.2,0.55,1,-0.01869158878504673,-0.01869158878504673,0,0.0,0.0,12356.70743996782,-0.07670754740444563
2021-02-22T05:00:00+00:00,2021-02-23T05:00:00+00:00,2021-02-24T05:00:00+00:00,1,NFLX,NFLX,0.0281904761904761,0.6408655475992232,0.3856271135612834,0.940315952150011,NFLX,NFLX,AAPL,False,0.5833333333333333,0.8543136921004746,NFLX,NFLX,baseline_temporal,0.5,0.4,0.55,0.2,0.55,1,0.0281904761904761,0.0281904761904761,0,0.0,0.0,12705.048906846912,-0.05067949350270429
2021-02-23T05:00:00+00:00,2021-02-24T05:00:00+00:00,2021-02-25T05:00:00+00:00,1,NFLX,NFLX,0.019451648758799678,0.6658450646558801,0.3841844085109466,0.9216338877973647,NFLX,NFLX,TSLA,False,0.6459803587671413,0.9172547684018983,NFLX,NFLX,baseline_temporal,0.5,0.4,0.55,0.2,0.55,1,0.019451648758799678,0.019451648758799678,0,0.0,0.0,12952.183055646268,-0.03221364445079333
2021-02-24T05:00:00+00:00,2021-02-25T05:00:00+00:00,2021-02-26T05:00:00+00:00,1,AAPL,AAPL,-0.016896068573312384,0.6998144141032103,0.26645783983858673,0.9572481975423499,AAPL,AAPL,NFLX,False,0.7916666666666667,0.625,NFLX,AAPL,baseline_temporal,0.5,0.4,0.55,0.2,0.55,1,-0.016896068573312384,-0.016896068573312384,2,0.0,0.0,12733.342082563975,-0.048565429078468725
2021-02-25T05:00:00+00:00,2021-02-26T05:00:00+00:00,2021-03-01T05:00:00+00:00,1,AAPL,AAPL,0.009557344064386353,0.6532820345420361,0.22020484514036073,0.7895065795559114,AAPL,NFLX,AMD,False,0.8339052937358922,0.8124046732662403,AAPL,AAPL,baseline_temporal,0.5,0.4,0.55,0.2,0.55,1,0.009557344064386353,0.009557344064386353,0,0.0,0.0,12855.039013936568,-0.03947224152941986
2021-02-26T05:00:00+00:00,2021-03-01T05:00:00+00:00,2021-03-02T05:00:00+00:00,1,NFLX,NFLX,0.014112903225806273,0.6334679686084871,0.4954415503711222,0.7183986093892544,NFLX,NFLX,NVDA,False,0.6676199340042644,0.7709286600670932,AAPL,NFLX,baseline_temporal,0.5,0.4,0.55,0.2,0.55,1,0.014112903225806273,0.014112903225806273,2,0.0,0.0,13036.46093550422,-0.02591640622842395
2021-03-01T05:00:00+00:00,2021-03-02T05:00:00+00:00,2021-03-03T05:00:00+00:00,1,NFLX,NFLX,-0.013374299656605748,0.64736387322257,0.5095360434741764,0.881482381807009,NFLX,NFLX,NVDA,False,0.583523986800853,0.7914760131991471,NFLX,NFLX,baseline_temporal,0.5,0.4,0.55,0.2,0.55,1,-0.013374299656605748,-0.013374299656605748,0,0.0,0.0,12862.107400491152,-0.03894409210210836
2021-03-02T05:00:00+00:00,2021-03-03T05:00:00+00:00,2021-03-04T05:00:00+00:00,1,NFLX,NFLX,-0.0446968309214143,0.7008538514091096,0.48680190783326804,0.9417826929628668,NFLX,NFLX,NVDA,False,0.6666666666666667,0.7292619934004263,NFLX,NFLX,baseline_temporal,0.5,0.4,0.55,0.2,0.55,1,-0.0446968309214143,-0.0446968309214143,0,0.0,0.0,12287.211960718327,-0.08190024552344677
2021-03-03T05:00:00+00:00,2021-03-04T05:00:00+00:00,2021-03-05T05:00:00+00:00,1,TSLA,TSLA,-0.045333943275388866,0.7272638128317226,0.0,0.9079749063167604,TSLA,TSLA,NFLX,False,0.9585239868008529,0.8542619934004264,NFLX,TSLA,baseline_temporal,0.5,0.4,0.55,0.2,0.55,1,-0.045333943275388866,-0.045333943275388866,2,0.0,0.0,11730.184190678443,-0.12352132771403523
2021-03-04T05:00:00+00:00,2021-03-05T05:00:00+00:00,2021-03-08T05:00:00+00:00,1,TSLA,TSLA,-0.04077818774258468,0.729443444244073,0.00014026277227868666,0.920044051336123,TSLA,TSLA,NFLX,False,0.9584570562952949,0.875,TSLA,TSLA,baseline_temporal,0.5,0.4,0.55,0.2,0.55,1,-0.04077818774258468,-0.04077818774258468,0,0.0,0.0,11251.848537495858,-0.15926253956488368
2021-03-05T05:00:00+00:00,2021-03-08T05:00:00+00:00,2021-03-09T05:00:00+00:00,1,TSLA,TSLA,0.01273853531821345,0.7606477789950007,0.0002805255445573737,0.9442378514170744,TSLA,TSLA,NFLX,False,0.9792285281476475,0.7705240259284294,TSLA,TSLA,baseline_temporal,0.5,0.4,0.55,0.2,0.55,1,0.01273853531821345,0.01273853531821345,0,0.0,0.0,11395.180607485938,-0.14855277573178582
2021-03-08T05:00:00+00:00,2021-03-09T05:00:00+00:00,2021-03-10T05:00:00+00:00,1,TSLA,TSLA,0.1514329403640311,0.727954489406043,0.072592732681437,0.9004194959090036,TSLA,TSLA,COST,False,0.8960189177762757,0.3747525540760768,TSLA,TSLA,baseline_temporal,0.5,0.4,0.55,0.2,0.55,1,0.1514329403640311,0.1514329403640311,0,0.0,0.0,13120.786312856719,-0.019615618996057682
2021-03-09T05:00:00+00:00,2021-03-10T05:00:00+00:00,2021-03-11T05:00:00+00:00,1,TSLA,TSLA,-0.0012851818532322312,0.7715646685843313,0.01081673211924205,0.9199942505509527,TSLA,TSLA,NFLX,False,1.0,0.7915429437047051,TSLA,TSLA,baseline_temporal,0.5,0.4,0.55,0.2,0.55,1,-0.0012851818532322312,-0.0012851818532322312,0,0.0,0.0,13103.923716387299,-0.020875591211716116
2021-03-10T05:00:00+00:00,2021-03-11T05:00:00+00:00,2021-03-12T05:00:00+00:00,1,TSLA,TSLA,-0.042036631922103496,0.7613689790047904,0.02135293869392675,0.9245128366262844,TSLA,TSLA,NFLX,False,0.9792285281476475,0.8957714718523525,TSLA,TSLA,baseline_temporal,0.5,0.4,0.55,0.2,0.55,1,-0.042036631922103496,-0.042036631922103496,0,0.0,0.0,12553.078898386202,-0.0620346835898965
2021-03-11T05:00:00+00:00,2021-03-12T05:00:00+00:00,2021-03-15T04:00:00+00:00,1,NFLX,NFLX,0.00741463414634147,0.787482493055434,0.36225560143994895,0.9562063324811165,NFLX,NFLX,AMD,False,0.8958735007818384,0.7916666666666667,TSLA,NFLX,baseline_temporal,0.5,0.4,0.55,0.2,0.55,1,0.00741463414634147,0.00741463414634147,2,0.0,0.0,12646.155385827895,-0.05508001392675821
2021-03-12T05:00:00+00:00,2021-03-15T04:00:00+00:00,2021-03-16T04:00:00+00:00,1,NFLX,NFLX,0.015882239008328414,0.7604368629345342,0.2875446364947741,0.9567383837921737,NFLX,NFLX,AMD,False,0.8749196651029901,0.8542068341151716,NFLX,NFLX,baseline_temporal,0.5,0.4,0.55,0.2,0.55,1,0.015882239008328414,0.015882239008328414,0,0.0,0.0,12847.004648202073,-0.04007256886419652
2021-03-15T04:00:00+00:00,2021-03-16T04:00:00+00:00,2021-03-17T04:00:00+00:00,1,NFLX,NFLX,-0.004766444232602529,0.7793627479549774,0.3344899707300585,0.9444918315650295,NFLX,NFLX,AMD,False,0.8958735007818384,0.7293675039091911,NFLX,NFLX,baseline_temporal,0.5,0.4,0.55,0.2,0.55,1,-0.004766444232602529,-0.004766444232602529,0,0.0,0.0,12785.770116990434,-0.04464800943205072
2021-03-16T04:00:00+00:00,2021-03-17T04:00:00+00:00,2021-03-18T04:00:00+00:00,1,NFLX,NFLX,-0.01072796934865905,0.8157374448042964,0.35288404648616095,0.9401534879503148,NFLX,NFLX,TSLA,False,0.9583333333333335,1.0,NFLX,NFLX,baseline_temporal,0.5,0.4,0.55,0.2,0.55,1,-0.01072796934865905,-0.01072796934865905,0,0.0,0.0,12648.604767076358,-0.05489699630404421
2021-03-17T04:00:00+00:00,2021-03-18T04:00:00+00:00,2021-03-19T04:00:00+00:00,1,LLY,LLY,-0.007131940906775269,0.7255188338197616,0.26182054103870744,0.932801282022276,LLY,LLY,CRM,False,0.8125401674485049,0.6041264992181617,NFLX,LLY,baseline_temporal,0.5,0.4,0.55,0.2,0.55,1,-0.007131940906775269,-0.007131940906775269,2,0.0,0.0,12558.395665324415,-0.061637415077219426
2021-03-18T04:00:00+00:00,2021-03-19T04:00:00+00:00,2021-03-22T04:00:00+00:00,1,LLY,LLY,-0.0034775668433953966,0.6504874944532903,0.36351338127112537,0.8574844601323451,LLY,TSLA,CRM,False,0.6250521818212433,0.520859424243955,LLY,LLY,baseline_temporal,0.5,0.4,0.55,0.2,0.55,1,-0.0034775668433953966,-0.0034775668433953966,0,0.0,0.0,12514.723004952444,-0.06490063368962962
2021-03-19T04:00:00+00:00,2021-03-22T04:00:00+00:00,2021-03-23T04:00:00+00:00,1,TSLA,TSLA,-0.012883435582822123,0.767687151608937,0.01474504897289642,0.9357935449818637,TSLA,TSLA,CRM,False,0.9791927575772884,0.6250521818212433,LLY,TSLA,baseline_temporal,0.5,0.4,0.55,0.2,0.55,1,-0.012883435582822123,-0.012883435582822123,2,0.0,0.0,12353.490377281278,-0.07694792613902701
2021-03-22T04:00:00+00:00,2021-03-23T04:00:00+00:00,2021-03-24T04:00:00+00:00,1,TSLA,TSLA,-0.011631004172955706,0.7542317412069957,0.01474504897289642,0.9317922736834954,TSLA,TSLA,NVDA,False,0.9583855151545767,0.7082811515120901,TSLA,TSLA,baseline_temporal,0.5,0.4,0.55,0.2,0.55,1,-0.011631004172955706,-0.011631004172955706,0,0.0,0.0,12209.806879152551,-0.08768394866195939
2021-03-23T04:00:00+00:00,2021-03-24T04:00:00+00:00,2021-03-25T04:00:00+00:00,1,TSLA,TSLA,-0.08224038807042744,0.7834588195847508,0.014678974217751556,0.9512791918256223,TSLA,TSLA,NVDA,False,1.0,0.9583333333333335,TSLA,TSLA,baseline_temporal,0.5,0.4,0.55,0.2,0.55,1,-0.08224038807042744,-0.08224038807042744,0,0.0,0.0,11205.667623146071,-0.16271317476687974
2021-03-24T04:00:00+00:00,2021-03-25T04:00:00+00:00,2021-03-26T04:00:00+00:00,1,TSLA,TSLA,0.047129643224196105,0.7662835203041076,0.01474504897289642,0.9316271004028845,TSLA,TSLA,LLY,False,0.9791927575772884,0.7290883939348017,TSLA,TSLA,baseline_temporal,0.5,0.4,0.55,0.2,0.55,1,0.047129643224196105,0.047129643224196105,0,0.0,0.0,11733.786740313872,-0.12325214541732299
2021-03-25T04:00:00+00:00,2021-03-26T04:00:00+00:00,2021-03-29T04:00:00+00:00,1,TSLA,TSLA,-0.040895494484950445,0.7844219741763147,0.015028515389085798,0.9589607230990813,TSLA,TSLA,CRM,False,1.0,0.4999660969506461,TSLA,TSLA,baseline_temporal,0.5,0.4,0.55,0.2,0.55,1,-0.040895494484950445,-0.040895494484950445,0,0.0,0.0,11253.92772938778,-0.15910718246910105
2021-03-26T04:00:00+00:00,2021-03-29T04:00:00+00:00,2021-03-30T04:00:00+00:00,1,TSLA,TSLA,-0.02256225330149597,0.7656339087739258,0.015028515389085798,0.9672351232157443,TSLA,TSLA,NVDA,False,0.9583333333333333,0.8958502848580104,TSLA,TSLA,baseline_temporal,0.5,0.4,0.55,0.2,0.55,1,-0.02256225330149597,-0.02256225330149597,0,0.0,0.0,11000.013761320604,-0.17807961921764182
2021-03-29T04:00:00+00:00,2021-03-30T04:00:00+00:00,2021-03-31T04:00:00+00:00,1,TSLA,TSLA,0.07458370724897789,0.772735601089539,0.014980778557025084,0.9835425594932472,TSLA,TSLA,NVDA,False,0.9583333333333333,0.8541836181913437,TSLA,TSLA,baseline_temporal,0.5,0.4,0.55,0.2,0.55,1,0.07458370724897789,0.07458370724897789,0,0.0,0.0,11820.435567429668,-0.11677775015540204
2021-03-30T04:00:00+00:00,2021-03-31T04:00:00+00:00,2021-04-01T04:00:00+00:00,1,TSLA,TSLA,0.06458198014289707,0.7196720325459772,0.00014321049618213561,0.9358148810505578,TSLA,TSLA,NVDA,False,0.8958502848580104,0.9583333333333333,TSLA,TSLA,baseline_temporal,0.5,0.4,0.55,0.2,0.55,1,0.06458198014289707,0.06458198014289707,0,0.0,0.0,12583.822702525804,-0.05973750835417335
2021-03-31T04:00:00+00:00,2021-04-01T04:00:00+00:00,2021-04-05T04:00:00+00:00,1,TSLA,TSLA,0.028065893837705858,0.7402578664976889,9.547366412142379e-05,0.8837999983202869,TSLA,TSLA,NFLX,False,0.9583672363826873,0.8958502848580104,TSLA,TSLA,baseline_temporal,0.5,0.4,0.55,0.2,0.55,1,0.028065893837705858,0.028065893837705858,0,0.0,0.0,12936.998934567406,-0.03334820108406478
2021-04-01T04:00:00+00:00,2021-04-05T04:00:00+00:00,2021-04-06T04:00:00+00:00,1,TSLA,TSLA,-0.024586689275116647,0.7766711519451163,0.011854654167568413,0.9216488461967578,TSLA,TSLA,NVDA,False,1.0,0.6458443486295732,TSLA,TSLA,baseline_temporal,0.5,0.4,0.55,0.2,0.55,1,-0.024586689275116647,-0.024586689275116647,0,0.0,0.0,12618.920961610682,-0.057114968501243424
2021-04-05T04:00:00+00:00,2021-04-06T04:00:00+00:00,2021-04-07T04:00:00+00:00,1,NFLX,NFLX,-0.0023861967694566166,0.6892511771606359,0.347666902598327,0.9274781346231611,AAPL,AAPL,NFLX,True,0.43748898470376024,0.7291776819629062,TSLA,NFLX,baseline_temporal,0.5,0.4,0.55,0.2,0.55,1,-0.0023861967694566166,-0.0023861967694566166,2,0.0,0.0,12588.80973317806,-0.05936487771737464
2021-04-06T04:00:00+00:00,2021-04-07T04:00:00+00:00,2021-04-08T04:00:00+00:00,1,AAPL,AAPL,0.024744793793385123,0.6124948911780081,0.5153973686216821,0.9832165834568551,AAPL,LLY,NVDA,False,0.5,0.8541997125553858,NFLX,AAPL,baseline_temporal,0.5,0.4,0.55,0.2,0.55,1,0.024744793793385123,0.024744793793385123,2,0.0,0.0,12900.31723412971,-0.03608905558167552
2021-04-07T04:00:00+00:00,2021-04-08T04:00:00+00:00,2021-04-09T04:00:00+00:00,1,TSLA,TSLA,0.0005757562336683453,0.7903105207702651,0.011819040347754254,0.987635903171896,TSLA,TSLA,LLY,False,1.0,0.8541556513704268,AAPL,TSLA,baseline_temporal,0.5,0.4,0.55,0.2,0.55,1,0.0005757562336683453,0.0005757562336683453,2,0.0,0.0,12907.74467219356,-0.035534077846725465
2021-04-08T04:00:00+00:00,2021-04-09T04:00:00+00:00,2021-04-12T04:00:00+00:00,1,TSLA,TSLA,0.011729815864022664,0.7903207552351124,0.011819040347754254,0.987635903171896,TSLA,AAPL,LLY,False,1.0,0.8124889847037602,TSLA,TSLA,baseline_temporal,0.5,0.4,0.55,0.2,0.55,1,0.011729815864022664,0.011729815864022664,0,0.0,0.0,13059.150140418209,-0.024221070172742776
2021-04-09T04:00:00+00:00,2021-04-12T04:00:00+00:00,2021-04-13T04:00:00+00:00,1,NVDA,NVDA,0.0660112359550562,0.6005822962124988,0.16987407458818046,0.8637537062386231,NVDA,NVDA,CRM,False,0.6875357929669917,0.47915950807326824,TSLA,NVDA,baseline_temporal,0.5,0.4,0.55,0.2,0.55,1,0.0660112359550562,0.0660112359550562,2,0.0,0.0,13921.200781709862,0.0
2021-04-12T04:00:00+00:00,2021-04-13T04:00:00+00:00,2021-04-14T04:00:00+00:00,1,NVDA,NVDA,0.025691699604743157,0.6172244459497781,0.0906087084587099,0.8599068667358134,NVDA,AAPL,LLY,False,0.7708691263003253,0.6874928414066016,NVDA,NVDA,baseline_temporal,0.5,0.4,0.55,0.2,0.55,1,0.025691699604743157,0.025691699604743157,0,0.0,0.0,14278.860090330867,0.0
2021-04-13T04:00:00+00:00,2021-04-14T04:00:00+00:00,2021-04-15T04:00:00+00:00,1,LLY,LLY,0.006574015339369188,0.7068768513166198,0.5506017445487119,0.9231526730890814,LLY,LLY,CRM,False,0.6874928414066016,0.5416666666666667,NVDA,LLY,baseline_temporal,0.5,0.4,0.55,0.2,0.55,1,0.006574015339369188,0.006574015339369188,2,0.0,0.0,14372.72953559341,0.0
2021-04-14T04:00:00+00:00,2021-04-15T04:00:00+00:00,2021-04-16T04:00:00+00:00,1,LLY,LLY,0.019535949584646106,0.7566669768894022,0.6563416820817894,0.9009097034322735,LLY,AAPL,COST,False,0.7499999999999999,0.08333333333333337,LLY,LLY,baseline_temporal,0.5,0.4,0.55,0.2,0.55,1,0.019535949584646106,0.019535949584646106,0,0.0,0.0,14653.514455194516,0.0
2021-04-15T04:00:00+00:00,2021-04-16T04:00:00+00:00,2021-04-19T04:00:00+00:00,1,NFLX,NFLX,-0.006539509536784727,0.7108293737625311,0.5082437132133868,0.9166748166333143,NFLX,NFLX,CRM,False,0.7500143171867966,0.5833333333333331,LLY,NFLX,baseline_temporal,0.5,0.4,0.55,0.2,0.55,1,-0.006539509536784727,-0.006539509536784727,2,0.0,0.0,14557.68765766736,-0.006539509536784616
2021-04-16T04:00:00+00:00,2021-04-19T04:00:00+00:00,2021-04-20T04:00:00+00:00,1,NFLX,NFLX,0.01371365880416886,0.7388720195156051,0.5505453974001815,0.8775393188180997,NFLX,NFLX,COST,False,0.8128033903698385,0.08333333333333337,NFLX,NFLX,baseline_temporal,0.5,0.4,0.55,0.2,0.55,1,0.01371365880416886,0.01371365880416886,0,0.0,0.0,14757.32681918227,0.0
2021-04-19T04:00:00+00:00,2021-04-20T04:00:00+00:00,2021-04-21T04:00:00+00:00,1,AVGO,AVGO,-0.010348977135980708,0.6979262406521667,0.160543318435906,0.9312375791420167,AVGO,AVGO,COST,False,0.8128033903698385,0.125,NFLX,AVGO,baseline_temporal,0.5,0.4,0.55,0.2,0.55,1,-0.010348977135980708,-0.010348977135980708,2,0.0,0.0,14604.603581342359,-0.010348977135980597
2021-04-20T04:00:00+00:00,2021-04-21T04:00:00+00:00,2021-04-22T04:00:00+00:00,1,AVGO,AVGO,-0.00024319066147859836,0.6702201832184461,0.2116445359371784,0.928986148468111,AVGO,NFLX,AMZN,False,0.7493932192603229,0.39552994296349475,AVGO,AVGO,baseline_temporal,0.5,0.4,0.55,0.2,0.55,1,-0.00024319066147859836,-0.00024319066147859836,0,0.0,0.0,14601.05187813678,-0.01058965102286391
2021-04-21T04:00:00+00:00,2021-04-22T04:00:00+00:00,2021-04-23T04:00:00+00:00,1,AVGO,AVGO,0.007540744344441741,0.6782765500006236,0.22152941927041975,0.9791586536874332,AVGO,AVGO,AAPL,False,0.7499999999999999,0.5205299429634949,AVGO,AVGO,baseline_temporal,0.5,0.4,0.55,0.2,0.55,1,0.007540744344441741,0.007540744344441741,0,0.0,0.0,14711.15467750974,-0.0031287605294824106
2021-04-22T04:00:00+00:00,2021-04-23T04:00:00+00:00,2021-04-26T04:00:00+00:00,1,AVGO,AVGO,0.0185900531144374,0.5919004658283679,0.19866516079452465,0.8472477341006437,AVGO,AVGO,AAPL,False,0.6443163814841407,0.604470057036505,AVGO,AVGO,baseline_temporal,0.5,0.4,0.55,0.2,0.55,1,0.0185900531144374,0.0185900531144374,0,0.0,0.0,14984.63582433935,0.0
2021-04-23T04:00:00+00:00,2021-04-26T04:00:00+00:00,2021-04-27T04:00:00+00:00,1,NFLX,NFLX,0.011444356748224083,0.6396809973541033,0.10971667948011438,0.9419070124748548,NFLX,NFLX,COST,False,0.7500000000000001,0.062455747892134796,AVGO,NFLX,baseline_temporal,0.5,0.4,0.55,0.2,0.55,1,0.011444356748224083,0.011444356748224083,2,0.0,0.0,15156.125342455309,0.0
2021-04-26T04:00:00+00:00,2021-04-27T04:00:00+00:00,2021-04-28T04:00:00+00:00,1,NFLX,NFLX,-0.014436207569254678,0.6908639708600997,0.1279891520112189,0.9129165409780942,NFLX,AMD,NFLX,False,0.8333333333333335,0.8333333333333335,NFLX,NFLX,baseline_temporal,0.5,0.4,0.55,0.2,0.55,1,-0.014436207569254678,-0.014436207569254678,0,0.0,0.0,14937.328371065983,-0.014436207569254678
2021-04-27T04:00:00+00:00,2021-04-28T04:00:00+00:00,2021-04-29T04:00:00+00:00,1,NFLX,NFLX,0.004750593824227822,0.7166865358348173,0.14626162454232333,0.8774893024108941,NFLX,NFLX,AAPL,False,0.8958775854411984,0.3332448291176029,NFLX,NFLX,baseline_temporal,0.5,0.4,0.55,0.2,0.55,1,0.004750593824227822,0.004750593824227822,0,0.0,0.0,15008.289550976033,-0.009754194303550512
2021-04-28T04:00:00+00:00,2021-04-29T04:00:00+00:00,2021-04-30T04:00:00+00:00,1,LLY,LLY,0.004303326354966108,0.6566314532394687,0.436593764611537,0.9186212231470783,LLY,LLY,COST,False,0.6459660896569288,0.062455747892134796,NFLX,LLY,baseline_temporal,0.5,0.4,0.55,0.2,0.55,1,0.004303326354966108,0.004303326354966108,2,0.0,0.0,15072.87511894371,-0.005492843430002448
2021-04-29T04:00:00+00:00,2021-04-30T04:00:00+00:00,2021-05-03T04:00:00+00:00,1,LLY,LLY,0.006311522872032516,0.6984229806563668,0.6708798836433029,0.9437926858726136,LLY,COST,AAPL,False,0.6042109187745318,0.45842183754906374,LLY,LLY,baseline_temporal,0.5,0.4,0.55,0.2,0.55,1,0.006311522872032516,0.006311522872032516,0,0.0,0.0,15168.007915004211,0.0
2021-04-30T04:00:00+00:00,2021-05-03T04:00:00+00:00,2021-05-04T04:00:00+00:00,1,NFLX,NFLX,-0.0039009167154281377,0.7292729543040651,0.4908694618314264,0.9459929770915957,NFLX,NFLX,COST,False,0.7500000000000001,0.0841488681889644,LLY,NFLX,baseline_temporal,0.5,0.4,0.55,0.2,0.55,1,-0.0039009167154281377,-0.0039009167154281377,2,0.0,0.0,15108.838779388825,-0.0039009167154281377
2021-05-03T04:00:00+00:00,2021-05-04T04:00:00+00:00,2021-05-05T04:00:00+00:00,1,NFLX,NFLX,-0.011161151360877253,0.7082278241599802,0.3031198110331757,0.8982450420954224,NFLX,CRM,NVDA,False,0.8120922325721845,0.8129077674278156,NFLX,NFLX,baseline_temporal,0.5,0.4,0.55,0.2,0.55,1,-0.011161151360877253,-0.011161151360877253,0,0.0,0.0,14940.206742884973,-0.015018529354398402
2021-05-04T04:00:00+00:00,2021-05-05T04:00:00+00:00,2021-05-06T04:00:00+00:00,1,NVDA,NVDA,-0.01433447098976115,0.7257619838891697,0.12500632767189454,0.9582674093520858,NVDA,NVDA,CRM,False,0.875,0.852127829527589,NFLX,NVDA,baseline_temporal,0.5,0.4,0.55,0.2,0.55,1,-0.01433447098976115,-0.01433447098976115,2,0.0,0.0,14726.046782748055,-0.029137717670819963
2021-05-05T04:00:00+00:00,2021-05-06T04:00:00+00:00,2021-05-07T04:00:00+00:00,1,NVDA,NVDA,0.021468144044321402,0.7141000366649368,0.12604997175000204,0.9413568651245914,NVDA,CRM,AAPL,False,0.874184465144369,0.6225533954331067,NVDA,NVDA,baseline_temporal,0.5,0.4,0.55,0.2,0.55,1,0.021468144044321402,0.021468144044321402,0,0.0,0.0,15042.187676283505,-0.008295106346578596
2021-05-06T04:00:00+00:00,2021-05-07T04:00:00+00:00,2021-05-10T04:00:00+00:00,1,AAPL,AAPL,-0.011054488435907506,0.6662517441191358,0.435408467013522,0.8794415412613112,AAPL,AAPL,CRM,False,0.7075177984777024,0.8317022636220712,NVDA,AAPL,baseline_temporal,0.5,0.4,0.55,0.2,0.55,1,-0.011054488435907506,-0.011054488435907506,2,0.0,0.0,14875.903986565278,-0.019257896625303306
2021-05-07T04:00:00+00:00,2021-05-10T04:00:00+00:00,2021-05-11T04:00:00+00:00,1,AAPL,AAPL,-0.04566354843824327,0.6665096122719141,0.44834416362713747,0.9189033874437753,AAPL,CRM,AAPL,False,0.6872398708582529,0.6872398708582529,AAPL,AAPL,baseline_temporal,0.5,0.4,0.55,0.2,0.55,1,-0.04566354843824327,-0.04566354843824327,0,0.0,0.0,14196.617424312097,-0.06404206116817845
2021-05-10T04:00:00+00:00,2021-05-11T04:00:00+00:00,2021-05-12T04:00:00+00:00,1,CRM,CRM,0.020734972012655284,0.7238988310948621,0.4568216867498773,0.8561033326744634,CRM,CRM,AAPL,False,0.7283862792414248,0.6450529459080914,AAPL,CRM,baseline_temporal,0.5,0.4,0.55,0.2,0.55,1,0.020734972012655284,0.020734972012655284,2,0.0,0.0,14490.983889279583,-0.04463499950147798
2021-05-11T04:00:00+00:00,2021-05-12T04:00:00+00:00,2021-05-13T04:00:00+00:00,1,CRM,CRM,-0.001716656334938782,0.7196894655829442,0.46521597872340725,0.883279190032735,CRM,CRM,AAPL,False,0.7078130750498388,0.6450529459080914,CRM,CRM,baseline_temporal,0.5,0.4,0.55,0.2,0.55,1,-0.001716656334938782,-0.001716656334938782,0,0.0,0.0,14466.107849986556,-0.0462750328817626
2021-05-12T04:00:00+00:00,2021-05-13T04:00:00+00:00,2021-05-14T04:00:00+00:00,1,CRM,CRM,0.005732027704800746,0.6811119442141743,0.3492373307964393,0.8295367301046863,CRM,CRM,MSFT,False,0.7093738499003224,0.3333333333333334,CRM,CRM,baseline_temporal,0.5,0.4,0.55,0.2,0.55,1,0.005732027704800746,0.005732027704800746,0,0.0,0.0,14549.027980963314,-0.04080825494748075
2021-05-13T04:00:00+00:00,2021-05-14T04:00:00+00:00,2021-05-17T04:00:00+00:00,1,CRM,CRM,0.01120873901686048,0.710047456371464,0.4173607426569999,0.8607099856846184,CRM,CRM,MSFT,False,0.7299470540919085,0.3539065375249194,CRM,CRM,baseline_temporal,0.5,0.4,0.55,0.2,0.55,1,0.01120873901686048,0.01120873901686048,0,0.0,0.0,14712.104238550932,-0.030056925010060076
2021-05-14T04:00:00+00:00,2021-05-17T04:00:00+00:00,2021-05-18T04:00:00+00:00,1,CRM,CRM,-0.005307406885538435,0.7550727487086815,0.5692289220226847,0.8423185493258717,CRM,CRM,AMD,False,0.7800259227044308,0.9583333333333334,CRM,CRM,baseline_temporal,0.5,0.4,0.55,0.2,0.55,1,-0.005307406885538435,-0.005307406885538435,0,0.0,0.0,14634.021115214486,-0.03520480756484212
2021-05-17T04:00:00+00:00,2021-05-18T04:00:00+00:00,2021-05-19T04:00:00+00:00,1,CRM,CRM,0.0018887524789876764,0.7151933876331802,0.3051678134799957,0.8563621335540708,CRM,CRM,AAPL,False,0.7990207381635446,0.7273281487924471,CRM,CRM,baseline_temporal,0.5,0.4,0.55,0.2,0.55,1,0.0018887524789876764,0.0018887524789876764,0,0.0,0.0,14661.661158873405,-0.0333825482534148
2021-05-18T04:00:00+00:00,2021-05-19T04:00:00+00:00,2021-05-20T04:00:00+00:00,1,CRM,CRM,0.033037986615138015,0.7170399345781507,0.4386169002906322,0.8017137351935992,CRM,CRM,AAPL,False,0.7837029584528699,0.8143385178742195,CRM,CRM,baseline_temporal,0.5,0.4,0.55,0.2,0.55,1,0.033037986615138015,0.033037986615138015,0,0.0,0.0,15146.052923995954,-0.0014474538206522558
2021-05-19T04:00:00+00:00,2021-05-20T04:00:00+00:00,2021-05-21T04:00:00+00:00,1,CRM,CRM,0.009991331721337593,0.6448314613885044,0.4270555068724532,0.789808443240057,CRM,CRM,TSLA,False,0.5906874048302114,1.0,CRM,CRM,baseline_temporal,0.5,0.4,0.55,0.2,0.55,1,0.009991331721337593,0.009991331721337593,0,0.0,0.0,15297.382163028533,0.0
2021-05-20T04:00:00+00:00,2021-05-21T04:00:00+00:00,2021-05-24T04:00:00+00:00,1,CRM,CRM,-0.0009485951757159938,0.6928726128713859,0.37652243562070914,0.8918015656423984,CRM,CRM,AAPL,False,0.6666666666666667,0.6550259227044308,CRM,CRM,baseline_temporal,0.5,0.4,0.55,0.2,0.55,1,-0.0009485951757159938,-0.0009485951757159938,0,0.0,0.0,15282.8711401076,-0.0009485951757159938
2021-05-21T04:00:00+00:00,2021-05-24T04:00:00+00:00,2021-05-25T04:00:00+00:00,1,AAPL,AAPL,0.014328747048766521,0.6991019995216445,0.5123835342745764,0.877257495971136,AAPL,AAPL,CRM,False,0.7146016645755318,0.5416666666666666,CRM,AAPL,baseline_temporal,0.5,0.4,0.55,0.2,0.55,1,0.014328747048766521,0.014328747048766521,2,0.0,0.0,15501.855534853095,0.0
2021-05-24T04:00:00+00:00,2021-05-25T04:00:00+00:00,2021-05-26T04:00:00+00:00,1,AAPL,AAPL,-0.006742114134360766,0.7633059581989614,0.48086091234283157,0.9084076839014434,AAPL,AAPL,CRM,False,0.8333333333333333,0.5192662505227837,AAPL,AAPL,baseline_temporal,0.5,0.4,0.55,0.2,0.55,1,-0.006742114134360766,-0.006742114134360766,0,0.0,0.0,15397.340255542744,-0.006742114134360766
2021-05-25T04:00:00+00:00,2021-05-26T04:00:00+00:00,2021-05-27T04:00:00+00:00,1,AAPL,AAPL,-0.004040404040404066,0.6973955752555594,0.5117406604644625,0.9317373073776798,AAPL,AAPL,AMZN,False,0.6859329171894504,0.5161320849016844,AAPL,AAPL,baseline_temporal,0.5,0.4,0.55,0.2,0.55,1,-0.004040404040404066,-0.004040404040404066,0,0.0,0.0,15335.128779762772,-0.010755277309575484
2021-05-26T04:00:00+00:00,2021-05-27T04:00:00+00:00,2021-05-28T04:00:00+00:00,1,AAPL,AAPL,-0.006896551724137834,0.725026440666667,0.5600082810181677,0.9192430445222692,AAPL,AAPL,NFLX,False,0.727599583856117,0.7562683312421985,AAPL,AAPL,baseline_temporal,0.5,0.4,0.55,0.2,0.55,1,-0.006896551724137834,-0.006896551724137834,0,0.0,0.0,15229.369270936824,-0.017577654707440327
2021-05-27T04:00:00+00:00,2021-05-28T04:00:00+00:00,2021-06-01T04:00:00+00:00,1,NFLX,NFLX,-0.0007930214115781098,0.7486161043102153,0.668137221891354,0.8502349073043924,NFLX,NFLX,AMD,False,0.7370020807194146,0.8588679150983153,AAPL,NFLX,baseline_temporal,0.5,0.4,0.55,0.2,0.55,1,-0.0007930214115781098,-0.0007930214115781098,2,0.0,0.0,15217.292055020142,-0.018356736662470174
2021-05-28T04:00:00+00:00,2021-06-01T04:00:00+00:00,2021-06-02T04:00:00+00:00,1,NFLX,NFLX,-0.008333333333333415,0.7215934406946267,0.5082789765477441,0.8217295429010356,NFLX,NFLX,AAPL,False,0.7809586201730003,0.7083333333333334,NFLX,NFLX,baseline_temporal,0.5,0.4,0.55,0.2,0.55,1,-0.008333333333333415,-0.008333333333333415,0,0.0,0.0,15090.481287894972,-0.026537097190282966
2021-06-01T04:00:00+00:00,2021-06-02T04:00:00+00:00,2021-06-03T04:00:00+00:00,1,NFLX,NFLX,-0.009203681472588876,0.7930126030914819,0.5854620052056879,0.8707114926142754,NFLX,NFLX,AAPL,False,0.8613990144092861,0.7693868637848095,NFLX,NFLX,baseline_temporal,0.5,0.4,0.55,0.2,0.55,1,-0.009203681472588876,-0.009203681472588876,0,0.0,0.0,14951.593304853124,-0.03549653967312538
2021-06-02T04:00:00+00:00,2021-06-03T04:00:00+00:00,2021-06-04T04:00:00+00:00,1,NFLX,NFLX,-0.00646203554119551,0.7516590929692347,0.5394081526046558,0.8300659890887097,NFLX,NFLX,AAPL,False,0.8226252868396671,0.8585060753122381,NFLX,NFLX,baseline_temporal,0.5,0.4,0.55,0.2,0.55,1,-0.00646203554119551,-0.00646203554119551,0,0.0,0.0,14854.975577519663,-0.04172919531336372
2021-06-03T04:00:00+00:00,2021-06-04T04:00:00+00:00,2021-06-07T04:00:00+00:00,1,NFLX,NFLX,0.0018292682926828174,0.7633859549810745,0.3548436973921054,0.8991401179961187,NFLX,NFLX,TSLA,False,0.8778929390970477,1.0,NFLX,NFLX,baseline_temporal,0.5,0.4,0.55,0.2,0.55,1,0.0018292682926828174,0.0018292682926828174,0,0.0,0.0,14882.149313332196,-0.03997626091454676
2021-06-04T04:00:00+00:00,2021-06-07T04:00:00+00:00,2021-06-08T04:00:00+00:00,1,NFLX,NFLX,0.008318117265165403,0.796470769894206,0.4867780147747591,0.9282918949960387,NFLX,NFLX,CRM,False,0.8778929390970477,0.6802676522573806,NFLX,NFLX,baseline_temporal,0.5,0.4,0.55,0.2,0.55,1,0.008318117265165403,0.008318117265165403,0,0.0,0.0,15005.940776478195,-0.031990670875491345
2021-06-07T04:00:00+00:00,2021-06-08T04:00:00+00:00,2021-06-09T04:00:00+00:00,1,NFLX,NFLX,-0.005030181086519092,0.7862803930909527,0.5446590495758913,0.9242394698821105,NFLX,NFLX,CRM,False,0.835845279048654,0.6716905580973079,NFLX,NFLX,baseline_temporal,0.5,0.4,0.55,0.2,0.55,1,-0.005030181086519092,-0.005030181086519092,0,0.0,0.0,14930.458176998929,-0.03685993309442759
2021-06-08T04:00:00+00:00,2021-06-09T04:00:00+00:00,2021-06-10T04:00:00+00:00,1,NFLX,NFLX,-0.014762386248736159,0.7879480138914492,0.5626257060119347,0.9683679327757858,NFLX,NFLX,CRM,False,0.8137559728576603,0.7304226395243271,NFLX,NFLX,baseline_temporal,0.5,0.4,0.55,0.2,0.55,1,-0.014762386248736159,-0.014762386248736159,0,0.0,0.0,14710.048986519469,-0.05107817877372123
2021-06-09T04:00:00+00:00,2021-06-10T04:00:00+00:00,2021-06-11T04:00:00+00:00,1,NFLX,NFLX,0.005747126436781658,0.7707234685419201,0.4730371413843775,0.9607910750759344,NFLX,NFLX,CRM,False,0.8137559728576603,0.7304226395243271,NFLX,NFLX,baseline_temporal,0.5,0.4,0.55,0.2,0.55,1,0.005747126436781658,0.005747126436781658,0,0.0,0.0,14794.589497936247,-0.04562460508851274
2021-06-10T04:00:00+00:00,2021-06-11T04:00:00+00:00,2021-06-14T04:00:00+00:00,1,NFLX,NFLX,-0.000612244897959191,0.7707785093820241,0.4853113892379422,0.8676138752555695,NFLX,NFLX,AAPL,False,0.8579345852396476,0.6470893061909937,NFLX,NFLX,baseline_temporal,0.5,0.4,0.55,0.2,0.55,1,-0.000612244897959191,-0.000612244897959191,0,0.0,0.0,14785.531585998737,-0.046208916554784984
2021-06-11T04:00:00+00:00,2021-06-14T04:00:00+00:00,2021-06-15T04:00:00+00:00,1,AMD,AMD,0.0009814746656851003,0.8230642701344156,0.40282313571593686,0.9691215955380581,AMD,AMD,NFLX,False,0.9362440271423397,0.835845279048654,NFLX,AMD,baseline_temporal,0.5,0.4,0.55,0.2,0.55,1,0.0009814746656851003,0.0009814746656851003,2,0.0,0.0,14800.04321066908,-0.045272794770027214
2021-06-14T04:00:00+00:00,2021-06-15T04:00:00+00:00,2021-06-16T04:00:00+00:00,1,AMD,AMD,-0.010295379335702903,0.7981289997214361,0.3873092869927747,0.9625065500033377,AMD,NFLX,TSLA,False,0.875,0.9583333333333334,AMD,AMD,baseline_temporal,0.5,0.4,0.55,0.2,0.55,1,-0.010295379335702903,-0.010295379335702903,0,0.0,0.0,14647.671151630448,-0.055102073509985305
2021-06-15T04:00:00+00:00,2021-06-16T04:00:00+00:00,2021-06-17T04:00:00+00:00,1,NFLX,NFLX,-0.009494949494949445,0.7580495474384336,0.4837491269453061,0.9421093333598117,NFLX,NFLX,TSLA,False,0.7931539779695765,1.0,AMD,NFLX,baseline_temporal,0.5,0.4,0.55,0.2,0.55,1,-0.009494949494949445,-0.009494949494949445,2,0.0,0.0,14508.592253827088,-0.06407383159989044
2021-06-16T04:00:00+00:00,2021-06-17T04:00:00+00:00,2021-06-18T04:00:00+00:00,1,NFLX,NFLX,0.01244136243116456,0.768084181721047,0.5793486517132865,0.9328856871472361,NFLX,NFLX,TSLA,False,0.7931539779695765,0.9784230110152118,NFLX,NFLX,baseline_temporal,0.5,0.4,0.55,0.2,0.55,1,0.01244136243116456,0.01244136243116456,0,0.0,0.0,14689.098908422937,-0.052429634930013624
2021-06-17T04:00:00+00:00,2021-06-18T04:00:00+00:00,2021-06-21T04:00:00+00:00,1,NFLX,NFLX,0.010475423045930521,0.6728710306376418,0.6150362977830384,0.7991159742152479,NFLX,NFLX,TSLA,False,0.6696412892724862,0.9583333333333334,NFLX,NFLX,baseline_temporal,0.5,0.4,0.55,0.2,0.55,1,0.010475423045930521,0.010475423045930521,0,0.0,0.0,14842.973433652185,-0.04250343449011851
2021-06-18T04:00:00+00:00,2021-06-21T04:00:00+00:00,2021-06-22T04:00:00+00:00,1,NFLX,NFLX,-0.006180223285486397,0.6769143659307909,0.5863513952533517,0.8060598069942873,NFLX,NFLX,WMT,False,0.6882436556514548,0.10342301101521176,NFLX,NFLX,baseline_temporal,0.5,0.4,0.55,0.2,0.55,1,-0.006180223285486397,-0.006180223285486397,0,0.0,0.0,14751.240543611671,-0.04842097706005599
2021-06-21T04:00:00+00:00,2021-06-22T04:00:00+00:00,2021-06-23T04:00:00+00:00,1,NFLX,NFLX,0.02006018054162495,0.7035946740577714,0.583501553488616,0.8291819651775278,NFLX,NFLX,TSLA,False,0.7083333333333331,0.9782082455172799,NFLX,NFLX,baseline_temporal,0.5,0.4,0.55,0.2,0.55,1,0.02006018054162495,0.02006018054162495,0,0.0,0.0,15047.15309212946,-0.02933213006025759
2021-06-22T04:00:00+00:00,2021-06-23T04:00:00+00:00,2021-06-24T04:00:00+00:00,1,NFLX,NFLX,0.01868239921337267,0.559219639717814,0.4886891244166879,0.7868565021397198,NFLX,NFLX,TSLA,False,0.5160412275864,0.9365415788506133,NFLX,NFLX,baseline_temporal,0.5,0.4,0.55,0.2,0.55,1,0.01868239921337267,0.01868239921337267,0,0.0,0.0,15328.270013221356,-0.011197725410449388
2021-06-23T04:00:00+00:00,2021-06-24T04:00:00+00:00,2021-06-25T04:00:00+00:00,1,TSLA,TSLA,0.021600000000000064,0.7588906449698638,0.0051887710595394055,0.9875010224739585,NFLX,NFLX,TSLA,True,0.43462473655184003,0.9583333333333333,NFLX,TSLA,baseline_temporal,0.5,0.4,0.55,0.2,0.55,1,0.021600000000000064,0.021600000000000064,2,0.0,0.0,15659.360645506938,0.0
2021-06-24T04:00:00+00:00,2021-06-25T04:00:00+00:00,2021-06-28T04:00:00+00:00,1,NFLX,NFLX,-0.001323751891074143,0.5148548021274139,0.5618063582795373,0.894042318754644,NFLX,NFLX,AVGO,False,0.35320824551728003,0.48012508781605334,TSLA,NFLX,baseline_temporal,0.5,0.4,0.55,0.2,0.55,1,-0.001323751891074143,-0.001323751891074143,2,0.0,0.0,15638.631537239438,-0.001323751891074032
2021-06-25T04:00:00+00:00,2021-06-28T04:00:00+00:00,2021-06-29T04:00:00+00:00,1,NFLX,NFLX,0.01041469418670693,0.5038681452104753,0.46197454558357687,0.8487806988325982,NFLX,NFLX,AVGO,False,0.39295806988517334,0.5852501756321067,NFLX,NFLX,baseline_temporal,0.5,0.4,0.55,0.2,0.55,1,0.01041469418670693,0.01041469418670693,0,0.0,0.0,15801.503102198378,0.0
2021-06-28T04:00:00+00:00,2021-06-29T04:00:00+00:00,2021-06-30T04:00:00+00:00,1,NFLX,NFLX,0.0009370314842578331,0.49333132957494047,0.536813959269645,0.8609462591043122,NFLX,NFLX,AVGO,False,0.35241092050908107,0.5833333333333333,NFLX,NFLX,baseline_temporal,0.5,0.4,0.55,0.2,0.55,1,0.0009370314842578331,0.0009370314842578331,0,0.0,0.0,15816.309608103737,0.0
2021-06-29T04:00:00+00:00,2021-06-30T04:00:00+00:00,2021-07-01T04:00:00+00:00,1,NFLX,NFLX,-0.01572739187418082,0.4758400619267105,0.5869580159533192,0.7862959271062678,NFLX,NFLX,WMT,False,0.35124042307069087,0.22741092050908113,NFLX,NFLX,baseline_temporal,0.5,0.4,0.55,0.2,0.55,1,-0.01572739187418082,-0.01572739187418082,0,0.0,0.0,15567.560308893717,-0.01572739187418093
2021-06-30T04:00:00+00:00,2021-07-01T04:00:00+00:00,2021-07-02T04:00:00+00:00,1,NFLX,NFLX,0.018641810918774926,0.5338617120811436,0.6749875413592762,0.8567783710981822,NFLX,NFLX,COST,False,0.39407758717574787,0.08333333333333337,NFLX,NFLX,baseline_temporal,0.5,0.4,0.55,0.2,0.55,1,0.018641810918774926,0.018641810918774926,0,0.0,0.0,15857.76782463874,0.0
2021-07-01T04:00:00+00:00,2021-07-02T04:00:00+00:00,2021-07-06T04:00:00+00:00,1,AVGO,AVGO,-0.013364055299539102,0.6527274488974271,0.4887663802653799,0.8057245984196404,NFLX,NFLX,AVGO,True,0.414325671789886,0.6892557461575854,NFLX,AVGO,baseline_temporal,0.5,0.4,0.55,0.2,0.55,1,-0.013364055299539102,-0.013364055299539102,2,0.0,0.0,15645.843738503016,-0.013364055299539102
2021-07-02T04:00:00+00:00,2021-07-06T04:00:00+00:00,2021-07-07T04:00:00+00:00,1,NFLX,NFLX,0.021013133208255264,0.5856992960131581,0.6374661432048848,0.8666789422986648,NFLX,NFLX,AVGO,False,0.5,0.7904961692282764,AVGO,NFLX,baseline_temporal,0.5,0.4,0.55,0.2,0.55,1,0.021013133208255264,0.021013133208255264,2,0.0,0.0,15974.611937135725,0.0
2021-07-06T04:00:00+00:00,2021-07-07T04:00:00+00:00,2021-07-08T04:00:00+00:00,1,NFLX,NFLX,-0.02443954428518924,0.5348878682566063,0.7942092883395974,0.8565808512467847,NFLX,NFLX,COST,False,0.3530686513475472,0.125,NFLX,NFLX,baseline_temporal,0.5,0.4,0.55,0.2,0.55,1,-0.02443954428518924,-0.02443954428518924,0,0.0,0.0,15584.199701259384,-0.02443954428518924
2021-07-07T04:00:00+00:00,2021-07-08T04:00:00+00:00,2021-07-09T04:00:00+00:00,1,TSLA,TSLA,0.039482478754893524,0.7662500120200871,0.008581836424194888,0.966668535581177,NFLX,NFLX,TSLA,True,0.41666666666666663,1.0,NFLX,TSLA,baseline_temporal,0.5,0.4,0.55,0.2,0.55,1,0.039482478754893524,0.039482478754893524,2,0.0,0.0,16199.502534876376,0.0
2021-07-08T04:00:00+00:00,2021-07-09T04:00:00+00:00,2021-07-12T04:00:00+00:00,1,TSLA,TSLA,0.013778533045515129,0.764180353269575,0.0,0.966668535581177,NFLX,NFLX,TSLA,True,0.39619933843970645,1.0,TSLA,TSLA,baseline_temporal,0.5,0.4,0.55,0.2,0.55,1,0.013778533045515129,0.013778533045515129,0,0.0,0.0,16422.707915874074,0.0
2021-07-09T04:00:00+00:00,2021-07-12T04:00:00+00:00,2021-07-13T04:00:00+00:00,1,TSLA,TSLA,0.0364245911294343,0.7651788002848133,0.008581836424194888,0.966668535581177,NFLX,NFLX,TSLA,True,0.417398676879413,1.0,TSLA,TSLA,baseline_temporal,0.5,0.4,0.55,0.2,0.55,1,0.0364245911294343,0.0364245911294343,0,0.0,0.0,17020.89833694791,0.0
2021-07-12T04:00:00+00:00,2021-07-13T04:00:00+00:00,2021-07-14T04:00:00+00:00,1,NFLX,NFLX,0.009705113848450964,0.6234937817484455,0.8189084138815412,0.8522000661775886,NFLX,NFLX,WMT,False,0.5204673282269603,0.18933002553186576,TSLA,NFLX,baseline_temporal,0.5,0.4,0.55,0.2,0.55,1,0.009705113848450964,0.009705113848450964,2,0.0,0.0,17186.088093110902,0.0
2021-07-13T04:00:00+00:00,2021-07-14T04:00:00+00:00,2021-07-15T04:00:00+00:00,1,NFLX,NFLX,0.024029574861367697,0.6243961220545384,0.7968518447359155,0.8708374937325519,NFLX,NFLX,NVDA,False,0.5,0.9378366194115052,NFLX,NFLX,baseline_temporal,0.5,0.4,0.55,0.2,0.55,1,0.024029574861367697,0.024029574861367697,0,0.0,0.0,17599.06248351837,0.0
2021-07-14T04:00:00+00:00,2021-07-15T04:00:00+00:00,2021-07-16T04:00:00+00:00,1,TSLA,TSLA,-0.005604665998359737,0.7657868465716354,0.01741577277097603,0.9708345483532608,NFLX,NFLX,TSLA,True,0.3948234750988172,1.0,NFLX,TSLA,baseline_temporal,0.5,0.4,0.55,0.2,0.55,1,-0.005604665998359737,-0.005604665998359737,2,0.0,0.0,17500.425616413984,-0.005604665998359848
2021-07-15T04:00:00+00:00,2021-07-16T04:00:00+00:00,2021-07-19T04:00:00+00:00,1,TSLA,TSLA,-0.03789579801127241,0.7468633897718331,0.0,0.9563512845004094,NFLX,NFLX,TSLA,True,0.4371633805884946,0.9788300472551613,TSLA,TSLA,baseline_temporal,0.5,0.4,0.55,0.2,0.55,1,-0.03789579801127241,-0.03789579801127241,0,0.0,0.0,16837.23302214306,-0.04328807071903784
2021-07-16T04:00:00+00:00,2021-07-19T04:00:00+00:00,2021-07-20T04:00:00+00:00,1,TSLA,TSLA,0.03510192417603353,0.7642404213772414,0.01741577277097603,0.9541681622580094,NFLX,NFLX,TSLA,True,0.4986535223539784,1.0,TSLA,TSLA,baseline_temporal,0.5,0.4,0.55,0.2,0.55,1,0.03510192417603353,0.03510192417603353,0,0.0,0.0,17428.252299020536,-0.009705641119110653
2021-07-19T04:00:00+00:00,2021-07-20T04:00:00+00:00,2021-07-21T04:00:00+00:00,1,NFLX,NFLX,0.0,0.5584394443699137,0.6028742502745796,0.7692567491023519,NFLX,NFLX,TSLA,False,0.5191502362758064,0.9788300472551613,TSLA,NFLX,baseline_temporal,0.5,0.4,0.55,0.2,0.55,1,0.0,0.0,2,0.0,0.0,17428.252299020536,-0.009705641119110653
2021-07-20T04:00:00+00:00,2021-07-21T04:00:00+00:00,2021-07-22T04:00:00+00:00,1,TSLA,TSLA,-0.004821030608996191,0.7561239781643783,0.0425827669022094,0.9521465064024079,NFLX,NFLX,TSLA,True,0.45791348083526245,0.9789567404176313,NFLX,TSLA,baseline_temporal,0.5,0.4,0.55,0.2,0.55,1,-0.004821030608996191,-0.004821030608996191,2,0.0,0.0,17344.23016122565,-0.01447988053519178
2021-07-21T04:00:00+00:00,2021-07-22T04:00:00+00:00,2021-07-23T04:00:00+00:00,1,NFLX,NFLX,0.003920031360250764,0.5267772836469373,0.3238595112903791,0.7380019557181852,NFLX,NFLX,TSLA,False,0.58165392334105,1.0,TSLA,NFLX,baseline_temporal,0.5,0.4,0.55,0.2,0.55,1,0.003920031360250764,0.003920031360250764,2,0.0,0.0,17412.22008737706,-0.010616610760731615
2021-07-22T04:00:00+00:00,2021-07-23T04:00:00+00:00,2021-07-26T04:00:00+00:00,1,NFLX,NFLX,0.0042951971885982765,0.5891380659794635,0.4578013578716091,0.8232307416616576,NFLX,NFLX,TSLA,False,0.6031170354214895,0.9583333333333334,NFLX,NFLX,baseline_temporal,0.5,0.4,0.55,0.2,0.55,1,0.0042951971885982765,0.0042951971885982765,0,0.0,0.0,17487.00900614362,-0.0063670140088251115
2021-07-23T04:00:00+00:00,2021-07-26T04:00:00+00:00,2021-07-27T04:00:00+00:00,1,NFLX,NFLX,0.007192846034214773,0.5742559738600669,0.4598683207449481,0.8482303465603227,NFLX,NFLX,TSLA,False,0.561450368754823,0.9579134808352625,NFLX,NFLX,baseline_temporal,0.5,0.4,0.55,0.2,0.55,1,0.007192846034214773,0.007192846034214773,0,0.0,0.0,17612.790369523736,0.0
2021-07-26T04:00:00+00:00,2021-07-27T04:00:00+00:00,2021-07-28T04:00:00+00:00,1,NFLX,NFLX,0.007141478479057994,0.6368381803468012,0.4997723480871435,0.8664134552894487,NFLX,NFLX,TSLA,False,0.6241602950038583,0.9166666666666666,NFLX,NFLX,baseline_temporal,0.5,0.4,0.55,0.2,0.55,1,0.007141478479057994,0.007141478479057994,0,0.0,0.0,17738.57173290385,0.0
2021-07-27T04:00:00+00:00,2021-07-28T04:00:00+00:00,2021-07-29T04:00:00+00:00,1,NFLX,NFLX,-0.003449597546952843,0.589267715641604,0.5383794389697699,0.8185408325308319,NFLX,NFLX,TSLA,False,0.5618081944789666,0.9375988293601477,NFLX,NFLX,baseline_temporal,0.5,0.4,0.55,0.2,0.55,1,-0.003449597546952843,-0.003449597546952843,0,0.0,0.0,17677.380799367576,-0.003449597546952843
2021-07-28T04:00:00+00:00,2021-07-29T04:00:00+00:00,2021-07-30T04:00:00+00:00,1,TSLA,TSLA,0.0337950138504155,0.7503681887211887,0.016457798768056264,0.9562797764641535,NFLX,NFLX,TSLA,True,0.3959321626934809,0.979067837306519,NFLX,TSLA,baseline_temporal,0.5,0.4,0.55,0.2,0.55,1,0.0337950138504155,0.0337950138504155,2,0.0,0.0,18274.788128321274,0.0
2021-07-29T04:00:00+00:00,2021-07-30T04:00:00+00:00,2021-08-02T04:00:00+00:00,1,NFLX,NFLX,0.012287887653598561,0.6430797218079443,0.5253238754764326,0.8853273565308686,NFLX,NFLX,TSLA,False,0.6038701785862238,0.9583333333333335,TSLA,NFLX,baseline_temporal,0.5,0.4,0.55,0.2,0.55,1,0.012287887653598561,0.012287887653598561,2,0.0,0.0,18499.346671735402,0.0
2021-07-30T04:00:00+00:00,2021-08-02T04:00:00+00:00,2021-08-03T04:00:00+00:00,1,NFLX,NFLX,-0.008863198458574195,0.6523075008654388,0.5587824515924893,0.9708336092153191,NFLX,NFLX,AMZN,False,0.5833333333333333,0.8333333333333334,NFLX,NFLX,baseline_temporal,0.5,0.4,0.55,0.2,0.55,1,-0.008863198458574195,-0.008863198458574195,0,0.0,0.0,18335.383290829846,-0.008863198458574195
2021-08-02T04:00:00+00:00,2021-08-03T04:00:00+00:00,2021-08-04T04:00:00+00:00,1,NFLX,NFLX,-0.0027216174183515296,0.6729504938686796,0.6011573578305602,0.931220618340343,NFLX,NFLX,AMZN,False,0.604067837306519,0.833135674613038,NFLX,NFLX,baseline_temporal,0.5,0.4,0.55,0.2,0.55,1,-0.0027216174183515296,-0.0027216174183515296,0,0.0,0.0,18285.48139229337,-0.011560693641618602
2021-08-03T04:00:00+00:00,2021-08-04T04:00:00+00:00,2021-08-05T04:00:00+00:00,1,NFLX,NFLX,0.007992202729044884,0.6540444813906449,0.6375711353776228,0.839894973586246,NFLX,NFLX,AMD,False,0.5635372090023589,0.8763829453364785,NFLX,NFLX,baseline_temporal,0.5,0.4,0.55,0.2,0.55,1,0.007992202729044884,0.007992202729044884,0,0.0,0.0,18431.622666578758,-0.0036608863198459574
2021-08-04T04:00:00+00:00,2021-08-05T04:00:00+00:00,2021-08-06T04:00:00+00:00,1,NFLX,NFLX,0.013343647263585279,0.6566520583805076,0.6690398908986053,0.9166669486328838,NFLX,NFLX,AMD,False,0.5416666666666667,1.0,NFLX,NFLX,baseline_temporal,0.5,0.4,0.55,0.2,0.55,1,0.013343647263585279,0.013343647263585279,0,0.0,0.0,18677.56773793709,0.0
2021-08-05T04:00:00+00:00,2021-08-06T04:00:00+00:00,2021-08-09T04:00:00+00:00,1,AMD,AMD,0.006874717322478574,0.7760015109369738,0.02552020739613506,0.9708334105710386,NFLX,NFLX,AMD,True,0.35451240300078635,1.0,NFLX,AMD,baseline_temporal,0.5,0.4,0.55,0.2,0.55,1,0.006874717322478574,0.006874717322478574,2,0.0,0.0,18805.970736406853,0.0
2021-08-06T04:00:00+00:00,2021-08-09T04:00:00+00:00,2021-08-10T04:00:00+00:00,1,NFLX,NFLX,-0.002110919209364792,0.6258641758363281,0.6523610297670747,0.910312568025987,NFLX,NFLX,AMD,False,0.5204875969992138,1.0,AMD,NFLX,baseline_temporal,0.5,0.4,0.55,0.2,0.55,1,-0.002110919209364792,-0.002110919209364792,2,0.0,0.0,18766.27285152862,-0.002110919209364681
2021-08-09T04:00:00+00:00,2021-08-10T04:00:00+00:00,2021-08-11T04:00:00+00:00,1,AMD,AMD,-0.0027341396728300937,0.7759299814794106,0.02552020739613506,0.9750001669303139,NFLX,NFLX,AMD,True,0.47951240300078635,1.0,NFLX,AMD,baseline_temporal,0.5,0.4,0.55,0.2,0.55,1,-0.0027341396728300937,-0.0027341396728300937,2,0.0,0.0,18714.9632404141,-0.00483928733423844
2021-08-10T04:00:00+00:00,2021-08-11T04:00:00+00:00,2021-08-12T04:00:00+00:00,1,NFLX,NFLX,-0.009864603481624878,0.6547292622872642,0.7308378427276159,0.9151107373445709,NFLX,NFLX,AVGO,False,0.5214654938989286,0.27525845729250004,AMD,NFLX,baseline_temporal,0.5,0.4,0.55,0.2,0.55,1,-0.009864603481624878,-0.009864603481624878,2,0.0,0.0,18530.34754887423,-0.014656153165177432
2021-08-11T04:00:00+00:00,2021-08-12T04:00:00+00:00,2021-08-13T04:00:00+00:00,1,NFLX,NFLX,0.00136745458097276,0.7250344309274663,0.722319907150728,0.8748320371576492,NFLX,NFLX,TSLA,False,0.7070690122021429,0.875,NFLX,NFLX,baseline_temporal,0.5,0.4,0.55,0.2,0.55,1,0.00136745458097276,0.00136745458097276,0,0.0,0.0,18555.68695751696,-0.013308740207989667
2021-08-12T04:00:00+00:00,2021-08-13T04:00:00+00:00,2021-08-16T04:00:00+00:00,1,NFLX,NFLX,0.005072181037846457,0.7042373427346691,0.8124790767449639,0.9194126812391524,NFLX,NFLX,AMZN,False,0.6047988272322619,0.770201172767738,NFLX,NFLX,baseline_temporal,0.5,0.4,0.55,0.2,0.55,1,0.005072181037846457,0.005072181037846457,0,0.0,0.0,18649.80476104709,-0.00830406350986379
2021-08-13T04:00:00+00:00,2021-08-16T04:00:00+00:00,2021-08-17T04:00:00+00:00,1,NFLX,NFLX,0.0005822981366458979,0.7096045127537889,0.8190901851085256,0.9354327384133865,NFLX,NFLX,AMD,False,0.6035345061010713,0.9797988272322619,NFLX,NFLX,baseline_temporal,0.5,0.4,0.55,0.2,0.55,1,0.0005822981366458979,0.0005822981366458979,0,0.0,0.0,18660.664507608257,-0.007726600813926288
2021-08-16T04:00:00+00:00,2021-08-17T04:00:00+00:00,2021-08-18T04:00:00+00:00,1,NFLX,NFLX,0.008729388942773975,0.701512021283689,0.8429159929940317,0.8890881730635425,NFLX,NFLX,NVDA,False,0.6022701849698809,0.9179309877978571,NFLX,NFLX,baseline_temporal,0.5,0.4,0.55,0.2,0.55,1,0.008729388942773975,0.008729388942773975,0,0.0,0.0,18823.560706025786,0.0
2021-08-17T04:00:00+00:00,2021-08-18T04:00:00+00:00,2021-08-19T04:00:00+00:00,1,NFLX,NFLX,0.005192307692307718,0.6540219962811328,0.8426464314912857,0.9078921059973892,NFLX,NFLX,NVDA,False,0.5,0.9592396335056516,NFLX,NFLX,baseline_temporal,0.5,0.4,0.55,0.2,0.55,1,0.005192307692307718,0.005192307692307718,0,0.0,0.0,18921.298425076304,0.0
2021-08-18T04:00:00+00:00,2021-08-19T04:00:00+00:00,2021-08-20T04:00:00+00:00,1,NFLX,NFLX,0.042854409795293646,0.5495664019187994,0.807840152014549,0.8542650715466906,NFLX,NFLX,AVGO,False,0.3731873996553633,0.41485406632203,NFLX,NFLX,baseline_temporal,0.5,0.4,0.55,0.2,0.55,1,0.042854409795293646,0.042854409795293646,0,0.0,0.0,19732.159501643568,0.0
2021-08-19T04:00:00+00:00,2021-08-20T04:00:00+00:00,2021-08-23T04:00:00+00:00,1,NFLX,NFLX,0.001651073197578512,0.44536074298323525,0.5797410410773013,0.8816991717887421,NFLX,NFLX,AVGO,False,0.2694738830748558,0.4796198167528258,NFLX,NFLX,baseline_temporal,0.5,0.4,0.55,0.2,0.55,1,0.001651073197578512,0.001651073197578512,0,0.0,0.0,19764.738741327077,0.0
2021-08-20T04:00:00+00:00,2021-08-23T04:00:00+00:00,2021-08-24T04:00:00+00:00,1,NFLX,NFLX,0.010073260073260037,0.414485076310202,0.6020236625015797,0.8753632791830254,NFLX,NFLX,AVGO,False,0.2065207329886966,0.37409369982768165,NFLX,NFLX,baseline_temporal,0.5,0.4,0.55,0.2,0.55,1,0.010073260073260037,0.010073260073260037,0,0.0,0.0,19963.834094948503,0.0
2021-08-23T04:00:00+00:00,2021-08-24T04:00:00+00:00,2021-08-25T04:00:00+00:00,1,XOM,XOM,-0.0008565310492506528,0.7172780289634301,0.1998356062270719,0.9727375008082711,NFLX,NFLX,XOM,True,0.20742703316101493,0.8120468499138408,NFLX,XOM,baseline_temporal,0.5,0.4,0.55,0.2,0.55,1,-0.0008565310492506528,-0.0008565310492506528,2,0.0,0.0,19946.73445118409,-0.0008565310492507638
2021-08-24T04:00:00+00:00,2021-08-25T04:00:00+00:00,2021-08-26T04:00:00+00:00,1,XOM,XOM,-0.0006429489927131105,0.7189477459906762,0.19976627037024733,0.9453091316830624,NFLX,NFLX,XOM,True,0.25274159767599197,0.8347041321713293,XOM,XOM,baseline_temporal,0.5,0.4,0.55,0.2,0.55,1,-0.0006429489927131105,-0.0006429489927131105,0,0.0,0.0,19933.909718360785,-0.0014989293361884481
2021-08-25T04:00:00+00:00,2021-08-26T04:00:00+00:00,2021-08-27T04:00:00+00:00,1,NFLX,NFLX,0.008971072867081764,0.5180364765642617,0.7022390215732722,0.921120518752882,NFLX,NFLX,WMT,False,0.33333333333333337,0.06181460058100201,XOM,NFLX,baseline_temporal,0.5,0.4,0.55,0.2,0.55,1,0.008971072867081764,0.008971072867081764,2,0.0,0.0,20112.73827497003,0.0
2021-08-26T04:00:00+00:00,2021-08-27T04:00:00+00:00,2021-08-30T04:00:00+00:00,1,NFLX,NFLX,0.011250226819089049,0.4738511153639474,0.7579802529364004,0.9186889194161854,NFLX,NFLX,WMT,False,0.22985206608566466,0.08196253449533734,NFLX,NFLX,baseline_temporal,0.5,0.4,0.55,0.2,0.55,1,0.011250226819089049,0.011250226819089049,0,0.0,0.0,20339.011142516418,0.0
2021-08-27T04:00:00+00:00,2021-08-30T04:00:00+00:00,2021-08-31T04:00:00+00:00,1,TSLA,TSLA,0.025562458025520485,0.7457416903121532,0.10799958363782226,0.960240709842368,NFLX,NFLX,TSLA,True,0.3360749310093252,0.9381853994189978,NFLX,TSLA,baseline_temporal,0.5,0.4,0.55,0.2,0.55,1,0.025562458025520485,0.025562458025520485,2,0.0,0.0,20858.926261127584,0.0
2021-08-30T04:00:00+00:00,2021-08-31T04:00:00+00:00,2021-09-01T04:00:00+00:00,1,TSLA,TSLA,0.0014734170998238483,0.6834106882696422,0.07557027309571675,0.9461852011727069,NFLX,NFLX,TSLA,True,0.2138165286853172,0.8347041321713293,TSLA,TSLA,baseline_temporal,0.5,0.4,0.55,0.2,0.55,1,0.0014734170998238483,0.0014734170998238483,0,0.0,0.0,20889.660159764695,0.0
2021-08-31T04:00:00+00:00,2021-09-01T04:00:00+00:00,2021-09-02T04:00:00+00:00,1,TSLA,TSLA,0.0005721525195145905,0.6633820539292162,0.05935535318221498,0.9285758354389645,NFLX,NFLX,TSLA,True,0.22342398775780034,0.8181589954091751,TSLA,TSLA,baseline_temporal,0.5,0.4,0.55,0.2,0.55,1,0.0005721525195145905,0.0005721525195145905,0,0.0,0.0,20901.61223145691,0.0
2021-09-01T04:00:00+00:00,2021-09-02T04:00:00+00:00,2021-09-03T04:00:00+00:00,1,TSLA,TSLA,-0.003063350079647087,0.6680776939945886,0.10106096426756522,0.9302550903812883,NFLX,NFLX,TSLA,True,0.2915829831669755,0.7954393302727835,TSLA,TSLA,baseline_temporal,0.5,0.4,0.55,0.2,0.55,1,-0.003063350079647087,-0.003063350079647087,0,0.0,0.0,20837.583275962923,-0.003063350079647198
2021-09-02T04:00:00+00:00,2021-09-03T04:00:00+00:00,2021-09-07T04:00:00+00:00,1,TSLA,TSLA,0.010611274991805919,0.6783913097586439,0.13276176447344612,0.9160972958978841,NFLX,NFLX,TSLA,True,0.2915829831669755,0.8181589954091751,TSLA,TSLA,baseline_temporal,0.5,0.4,0.55,0.2,0.55,1,0.010611274991805919,0.010611274991805919,0,0.0,0.0,21058.69660226882,0.0
2021-09-03T04:00:00+00:00,2021-09-07T04:00:00+00:00,2021-09-08T04:00:00+00:00,1,TSLA,TSLA,0.029148254753314173,0.6791749936622197,0.14897798015111838,0.9343924069001436,NFLX,NFLX,TSLA,True,0.30675732109113374,0.7954393302727835,TSLA,TSLA,baseline_temporal,0.5,0.4,0.55,0.2,0.55,1,0.029148254753314173,0.029148254753314173,0,0.0,0.0,21672.520855604507,0.0
2021-09-07T04:00:00+00:00,2021-09-08T04:00:00+00:00,2021-09-09T04:00:00+00:00,1,XOM,XOM,-0.021391529818496124,0.7830416643278701,0.35079481897291315,0.9875667020593533,NFLX,NFLX,XOM,True,0.40149232874250856,0.8750000000000001,TSLA,XOM,baseline_temporal,0.5,0.4,0.55,0.2,0.55,1,-0.021391529818496124,-0.021391529818496124,2,0.0,0.0,21208.912479479863,-0.021391529818496235
2021-09-08T04:00:00+00:00,2021-09-09T04:00:00+00:00,2021-09-10T04:00:00+00:00,1,NFLX,NFLX,-0.013685078318219301,0.5080657199030026,0.27793908157887187,0.8602222072424834,NFLX,NFLX,XOM,False,0.5221722629266883,0.875,XOM,NFLX,baseline_temporal,0.5,0.4,0.55,0.2,0.55,1,-0.013685078318219301,-0.013685078318219301,2,0.0,0.0,20918.666851153925,-0.03478386337580275
2021-09-09T04:00:00+00:00,2021-09-10T04:00:00+00:00,2021-09-13T04:00:00+00:00,1,NFLX,NFLX,0.0006686726847207058,0.5304381574562332,0.35104190764926957,0.8248387838842468,NFLX,NFLX,TSLA,False,0.563838929593355,0.7110111925200433,NFLX,NFLX,baseline_temporal,0.5,0.4,0.55,0.2,0.55,1,0.0006686726847207058,0.0006686726847207058,0,0.0,0.0,20932.65459227806,-0.034138449710390595
2021-09-10T04:00:00+00:00,2021-09-13T04:00:00+00:00,2021-09-14T04:00:00+00:00,1,NFLX,NFLX,-0.022886735716672213,0.5259626915407599,0.30941204742698597,0.7928542681747542,NFLX,NFLX,TSLA,False,0.5860111925200432,0.8111610704066452,NFLX,NFLX,baseline_temporal,0.5,0.4,0.55,0.2,0.55,1,-0.022886735716672213,-0.022886735716672213,0,0.0,0.0,20453.574458776206,-0.05624386775076429
2021-09-13T04:00:00+00:00,2021-09-14T04:00:00+00:00,2021-09-15T04:00:00+00:00,1,TSLA,TSLA,0.003272462831286349,0.6931532304402882,0.05099898706637085,0.9592288422182524,NFLX,NFLX,TSLA,True,0.4468725071534843,0.8528277370733119,NFLX,TSLA,baseline_temporal,0.5,0.4,0.55,0.2,0.55,1,0.003272462831286349,0.003272462831286349,2,0.0,0.0,20520.5080209595,-0.05315546088618006
2021-09-14T04:00:00+00:00,2021-09-15T04:00:00+00:00,2021-09-16T04:00:00+00:00,1,TSLA,TSLA,0.010510208190713799,0.7074163958575317,0.12506008581038988,0.9688248553711123,NFLX,NFLX,TSLA,True,0.2855615588602372,0.8528277370733119,TSLA,TSLA,baseline_temporal,0.5,0.4,0.55,0.2,0.55,1,0.010510208190713799,0.010510208190713799,0,0.0,0.0,20736.182832438997,-0.04320392765585335
2021-09-15T04:00:00+00:00,2021-09-16T04:00:00+00:00,2021-09-17T04:00:00+00:00,1,TSLA,TSLA,0.005738423527536396,0.711533611042757,0.14873056378349783,0.9710730699396654,NFLX,NFLX,TSLA,True,0.4399644487243667,0.8333333333333333,TSLA,TSLA,baseline_temporal,0.5,0.4,0.55,0.2,0.55,1,0.005738423527536396,0.005738423527536396,0,0.0,0.0,20855.175831875957,-0.03771342656325949
2021-09-16T04:00:00+00:00,2021-09-17T04:00:00+00:00,2021-09-20T04:00:00+00:00,1,NFLX,NFLX,-0.001871066507909469,0.5093392512519198,0.33996739286327665,0.7876995775566545,NFLX,NFLX,TSLA,False,0.5232977820577,0.8533451837585444,TSLA,NFLX,baseline_temporal,0.5,0.4,0.55,0.2,0.55,1,-0.001871066507909469,-0.001871066507909469,2,0.0,0.0,20816.154410860374,-0.0395139287418278
2021-09-17T04:00:00+00:00,2021-09-20T04:00:00+00:00,2021-09-21T04:00:00+00:00,1,NFLX,NFLX,-0.014485344239945519,0.545089023596271,0.33813696349401556,0.7454347073773293,NFLX,NFLX,LLY,False,0.6282859316324889,0.875,NFLX,NFLX,baseline_temporal,0.5,0.4,0.55,0.2,0.55,1,-0.014485344239945519,-0.014485344239945519,0,0.0,0.0,20514.625248467197,-0.0534269001216755
2021-09-20T04:00:00+00:00,2021-09-21T04:00:00+00:00,2021-09-22T04:00:00+00:00,1,NFLX,NFLX,0.0024208888120353933,0.5198015722826953,0.34572148817315823,0.8360451806487101,NFLX,NFLX,NVDA,False,0.5216548162414556,0.9566903675170889,NFLX,NFLX,baseline_temporal,0.5,0.4,0.55,0.2,0.55,1,0.0024208888120353933,0.0024208888120353933,0,0.0,0.0,20564.288875214308,-0.05113535189440643
2021-09-21T04:00:00+00:00,2021-09-22T04:00:00+00:00,2021-09-23T04:00:00+00:00,1,NFLX,NFLX,0.01914783508711393,0.5170372957059495,0.33903451802044315,0.818612257316398,NFLX,NFLX,AMZN,False,0.5016429658162445,0.7083333333333333,NFLX,NFLX,baseline_temporal,0.5,0.4,0.55,0.2,0.55,1,0.01914783508711393,0.01914783508711393,0,0.0,0.0,20958.050487280685,-0.03296664809248806
2021-09-22T04:00:00+00:00,2021-09-23T04:00:00+00:00,2021-09-24T04:00:00+00:00,1,NFLX,NFLX,0.0020311442112390665,0.5094552904428942,0.36129115946616314,0.7684322375967103,NFLX,NFLX,NVDA,False,0.5439093739343507,0.9583333333333334,NFLX,NFLX,baseline_temporal,0.5,0.4,0.55,0.2,0.55,1,0.0020311442112390665,0.0020311442112390665,0,0.0,0.0,21000.61931020678,-0.031002463897686017
2021-09-23T04:00:00+00:00,2021-09-24T04:00:00+00:00,2021-09-27T04:00:00+00:00,1,NFLX,NFLX,-0.006756756756756799,0.5110785455361675,0.38702131736085504,0.8393774541221064,NFLX,NFLX,AMZN,False,0.4797273434835877,0.6452726565164123,NFLX,NFLX,baseline_temporal,0.5,0.4,0.55,0.2,0.55,1,-0.006756756756756799,-0.006756756756756799,0,0.0,0.0,20858.723233786463,-0.03754974454702609
2021-09-24T04:00:00+00:00,2021-09-27T04:00:00+00:00,2021-09-28T04:00:00+00:00,1,NFLX,NFLX,0.001700680272108901,0.5489592750877841,0.38828711048325115,0.8203052581452805,NFLX,NFLX,NVDA,False,0.5630606768169211,0.9583333333333334,NFLX,NFLX,baseline_temporal,0.5,0.4,0.55,0.2,0.55,1,0.001700680272108901,0.001700680272108901,0,0.0,0.0,20894.197252891543,-0.03591292438469107
2021-09-27T04:00:00+00:00,2021-09-28T04:00:00+00:00,2021-09-29T04:00:00+00:00,1,AMZN,AMZN,-0.010602179998808636,0.7301144160528036,0.7843255432155966,0.89985307514284,NFLX,NFLX,AMZN,True,0.4200307275681927,0.6869393231830789,NFLX,AMZN,baseline_temporal,0.5,0.4,0.55,0.2,0.55,1,-0.010602179998808636,-0.010602179998808636,2,0.0,0.0,20672.67321268578,-0.04613434909488934
2021-09-28T04:00:00+00:00,2021-09-29T04:00:00+00:00,2021-09-30T04:00:00+00:00,1,NVDA,NVDA,-0.008145663632007749,0.7552997599866907,0.0,0.968080955917711,NFLX,NFLX,NVDA,True,0.42227343483587665,0.9786059898497457,AMZN,NVDA,baseline_temporal,0.5,0.4,0.55,0.2,0.55,1,-0.008145663632007749,-0.008145663632007749,2,0.0,0.0,20504.28057032082,-0.053904217837288604
2021-09-29T04:00:00+00:00,2021-09-30T04:00:00+00:00,2021-10-01T04:00:00+00:00,1,NVDA,NVDA,-0.0009661835748792091,0.7585514242055574,0.015369325212613472,0.9678607537151841,NFLX,NFLX,NVDA,True,0.35737081033440526,0.9788106507035845,NVDA,NVDA,baseline_temporal,0.5,0.4,0.55,0.2,0.55,1,-0.0009661835748792091,-0.0009661835748792091,0,0.0,0.0,20484.469671219063,-0.054818320042276714
2021-09-30T04:00:00+00:00,2021-10-01T04:00:00+00:00,2021-10-04T04:00:00+00:00,1,NFLX,NFLX,0.01621979476994362,0.32524335868721393,0.25175950421111565,0.8421045968908656,NFLX,NFLX,V,False,0.18928007981541034,0.5826213014071693,NVDA,NFLX,baseline_temporal,0.5,0.4,0.55,0.2,0.55,1,0.01621979476994362,0.01621979476994362,2,0.0,0.0,20816.723565257373,-0.039487667173051744
2021-10-01T04:00:00+00:00,2021-10-04T04:00:00+00:00,2021-10-05T04:00:00+00:00,1,NFLX,NFLX,-0.011563517915309407,0.3411261795205016,0.32809144978657606,0.8101380987480159,NFLX,NFLX,AMZN,False,0.21046942911182576,0.5826213014071693,NFLX,NFLX,baseline_temporal,0.5,0.4,0.55,0.2,0.55,1,-0.011563517915309407,-0.011563517915309407,0,0.0,0.0,20576.009009372472,-0.05059456874157198
2021-10-04T04:00:00+00:00,2021-10-05T04:00:00+00:00,2021-10-06T04:00:00+00:00,1,NVDA,NVDA,0.00855130784708269,0.7597281535806125,0.03331291046468287,0.9678879577953563,NFLX,NFLX,NVDA,True,0.35879487418673356,0.9788106507035845,NFLX,NVDA,baseline_temporal,0.5,0.4,0.55,0.2,0.55,1,0.00855130784708269,0.00855130784708269,2,0.0,0.0,20751.960796675965,-0.042475910627188807
2021-10-05T04:00:00+00:00,2021-10-06T04:00:00+00:00,2021-10-07T04:00:00+00:00,1,NFLX,NFLX,0.02228589621139765,0.4838872111700904,0.11880956327808004,0.7150956128659818,NFLX,NFLX,NVDA,False,0.6066587784082411,0.9583333333333334,NVDA,NFLX,baseline_temporal,0.5,0.4,0.55,0.2,0.55,1,0.02228589621139765,0.02228589621139765,2,0.0,0.0,21214.43684117368,-0.02113662815151318
2021-10-06T04:00:00+00:00,2021-10-07T04:00:00+00:00,2021-10-08T04:00:00+00:00,1,NFLX,NFLX,-0.01245717844908123,0.4923052401689689,0.17301787691585863,0.7228114202747411,NFLX,NFLX,NVDA,False,0.602464128204382,0.9377432197803265,NFLX,NFLX,baseline_temporal,0.5,0.4,0.55,0.2,0.55,1,-0.01245717844908123,-0.01245717844908123,0,0.0,0.0,20950.16481574641,-0.033330503851899396
2021-10-07T04:00:00+00:00,2021-10-08T04:00:00+00:00,2021-10-11T04:00:00+00:00,1,NFLX,NFLX,-0.0015767896562598471,0.5666097729079647,0.1639209609153646,0.8061905313892668,NFLX,NFLX,NVDA,False,0.7078468937726806,0.9588197728939861,NFLX,NFLX,baseline_temporal,0.5,0.4,0.55,0.2,0.55,1,-0.0015767896562598471,-0.0015767896562598471,0,0.0,0.0,20917.130812568004,-0.03485473831444763
2021-10-08T04:00:00+00:00,2021-10-11T04:00:00+00:00,2021-10-12T04:00:00+00:00,1,NFLX,NFLX,-0.00031585596967786955,0.5031340441683347,0.18101401360344058,0.7347415387036094,NFLX,NFLX,NVDA,False,0.6235406813180416,1.0,NFLX,NFLX,baseline_temporal,0.5,0.4,0.55,0.2,0.55,1,-0.00031585596967786955,-0.00031585596967786955,0,0.0,0.0,20910.524011932317,-0.0351595852069575
2021-10-11T04:00:00+00:00,2021-10-12T04:00:00+00:00,2021-10-13T04:00:00+00:00,1,NFLX,NFLX,-0.0012638230647709081,0.5187470774377126,0.1493975573051925,0.7908734151366162,NFLX,NFLX,NVDA,False,0.6240271208786944,1.0,NFLX,NFLX,baseline_temporal,0.5,0.4,0.55,0.2,0.55,1,-0.0012638230647709081,-0.0012638230647709081,0,0.0,0.0,20884.096809389594,-0.03637897277699598
2021-10-12T04:00:00+00:00,2021-10-13T04:00:00+00:00,2021-10-14T04:00:00+00:00,1,NFLX,NFLX,0.0,0.5357078750535198,0.2632877339753998,0.8432538711122987,NFLX,NFLX,NVDA,False,0.5828468937726805,1.0,NFLX,NFLX,baseline_temporal,0.5,0.4,0.55,0.2,0.55,1,0.0,0.0,0,0.0,0.0,20884.096809389594,-0.03637897277699598
2021-10-13T04:00:00+00:00,2021-10-14T04:00:00+00:00,2021-10-15T04:00:00+00:00,1,NFLX,NFLX,0.00917431192660545,0.5332891657890187,0.3686366352209586,0.8187139417679988,NFLX,NFLX,NVDA,False,0.5454555125526627,0.9782194551951676,NFLX,NFLX,baseline_temporal,0.5,0.4,0.55,0.2,0.55,1,0.00917431192660545,0.00917431192660545,0,0.0,0.0,21075.69402782436,-0.027538412894216102
2021-10-14T04:00:00+00:00,2021-10-15T04:00:00+00:00,2021-10-18T04:00:00+00:00,1,NVDA,NVDA,-0.002759889604415755,0.7530344340778816,0.01673092689767243,0.9877074606467016,NFLX,NFLX,NVDA,True,0.3825776917719922,0.9583333333333333,NFLX,NVDA,baseline_temporal,0.5,0.4,0.55,0.2,0.55,1,-0.002759889604415755,-0.002759889604415755,2,0.0,0.0,21017.527438971123,-0.030222299519162887
2021-10-15T04:00:00+00:00,2021-10-18T04:00:00+00:00,2021-10-19T04:00:00+00:00,1,NFLX,NFLX,0.007751937984496138,0.4906508215985976,0.3158810220034936,0.7392326478992446,NFLX,NFLX,NVDA,False,0.5293582365768245,0.9782194551951676,NVDA,NFLX,baseline_temporal,0.5,0.4,0.55,0.2,0.55,1,0.007751937984496138,0.007751937984496138,2,0.0,0.0,21180.45400826547,-0.022704642926288265
2021-10-18T04:00:00+00:00,2021-10-19T04:00:00+00:00,2021-10-20T04:00:00+00:00,1,NFLX,NFLX,-0.017896389324960738,0.4597361670351773,0.2825357825844156,0.6620454243310412,NFLX,NFLX,NVDA,False,0.5312526595198225,0.8967805448048323,NFLX,NFLX,baseline_temporal,0.5,0.4,0.55,0.2,0.55,1,-0.017896389324960738,-0.017896389324960738,0,0.0,0.0,20801.400357254126,-0.040194701121956
2021-10-19T04:00:00+00:00,2021-10-20T04:00:00+00:00,2021-10-21T04:00:00+00:00,1,NFLX,NFLX,0.005274936061381075,0.5303911217023426,0.21393780263596027,0.6522097204632993,NFLX,NFLX,NVDA,False,0.6742443584386587,0.9166666666666666,NFLX,NFLX,baseline_temporal,0.5,0.4,0.55,0.2,0.55,1,0.005274936061381075,0.005274936061381075,0,0.0,0.0,20911.12641412583,-0.03513178953899965
2021-10-20T04:00:00+00:00,2021-10-21T04:00:00+00:00,2021-10-22T04:00:00+00:00,1,NFLX,NFLX,0.03641278422642724,0.6624830212136257,0.1763523186848536,0.8719294722212096,NFLX,NFLX,NVDA,False,0.8175571530840581,0.9391857176946861,NFLX,NFLX,baseline_temporal,0.5,0.4,0.55,0.2,0.55,1,0.03641278422642724,0.03641278422642724,0,0.0,0.0,21672.558748174935,0.0
2021-10-21T04:00:00+00:00,2021-10-22T04:00:00+00:00,2021-10-25T04:00:00+00:00,1,NFLX,NFLX,0.01825713409021179,0.638487306100993,0.15377904015695404,0.7957252350297936,NFLX,NFLX,AMD,False,0.8175571530840581,0.9549618979439615,NFLX,NFLX,baseline_temporal,0.5,0.4,0.55,0.2,0.55,1,0.01825713409021179,0.01825713409021179,0,0.0,0.0,22068.237559318357,0.0
2021-10-22T04:00:00+00:00,2021-10-25T04:00:00+00:00,2021-10-26T04:00:00+00:00,1,NFLX,NFLX,0.015217718848877348,0.6212663773129801,0.20766389714927228,0.7770569241584094,NFLX,NFLX,WMT,False,0.7758904864173912,0.04166666666666663,NFLX,NFLX,baseline_temporal,0.5,0.4,0.55,0.2,0.55,1,0.015217718848877348,0.015217718848877348,0,0.0,0.0,22404.0657939863,0.0
2021-10-25T04:00:00+00:00,2021-10-26T04:00:00+00:00,2021-10-27T04:00:00+00:00,1,TSLA,TSLA,0.01460943904438472,0.7782786762904927,0.0,1.0,TSLA,TSLA,AMD,False,1.0,0.8367047687227053,NFLX,TSLA,baseline_temporal,0.5,0.4,0.55,0.2,0.55,1,0.01460943904438472,0.01460943904438472,2,0.0,0.0,22731.37662754993,0.0
2021-10-26T04:00:00+00:00,2021-10-27T04:00:00+00:00,2021-10-28T04:00:00+00:00,1,TSLA,TSLA,0.027557351031597177,0.7859199883400719,0.0354609050376122,1.0,TSLA,TSLA,AMD,False,1.0,0.8750000000000001,TSLA,TSLA,baseline_temporal,0.5,0.4,0.55,0.2,0.55,1,0.027557351031597177,0.027557351031597177,0,0.0,0.0,23357.793152706767,0.0
2021-10-27T04:00:00+00:00,2021-10-28T04:00:00+00:00,2021-10-29T04:00:00+00:00,1,TSLA,TSLA,0.012693063746138655,0.7838885370642201,0.027262940288978296,1.0,TSLA,TSLA,AMD,False,1.0,0.8333333333333334,TSLA,TSLA,baseline_temporal,0.5,0.4,0.55,0.2,0.55,1,0.012693063746138655,0.012693063746138655,0,0.0,0.0,23654.275110163195,0.0
2021-10-28T04:00:00+00:00,2021-10-29T04:00:00+00:00,2021-11-01T04:00:00+00:00,1,TSLA,TSLA,0.05837169319505309,0.7816472189040268,0.026401871868125436,1.0,TSLA,TSLA,AMD,False,1.0,0.8110216638203158,TSLA,TSLA,baseline_temporal,0.5,0.4,0.55,0.2,0.55,1,0.05837169319505309,0.05837169319505309,0,0.0,0.0,25035.015199645022,0.0
2021-10-29T04:00:00+00:00,2021-11-01T04:00:00+00:00,2021-11-02T04:00:00+00:00,1,AMD,AMD,0.04629552113855162,0.7242174134837204,0.14180949307731577,0.8976469063918826,AMD,AMD,TSLA,False,0.8913983247942805,1.0,TSLA,AMD,baseline_temporal,0.5,0.4,0.55,0.2,0.55,1,0.04629552113855162,0.04629552113855162,2,0.0,0.0,26194.02427502415,0.0
2021-11-01T04:00:00+00:00,2021-11-02T04:00:00+00:00,2021-11-03T04:00:00+00:00,1,AMD,AMD,0.022163546167386805,0.7654213755699152,0.08207864230847409,0.9554898486125418,AMD,TSLA,AMD,False,0.9776883304869824,0.9776883304869824,AMD,AMD,baseline_temporal,0.5,0.4,0.55,0.2,0.55,1,0.022163546167386805,0.022163546167386805,0,0.0,0.0,26774.576741353296,0.0
2021-11-02T04:00:00+00:00,2021-11-03T04:00:00+00:00,2021-11-04T04:00:00+00:00,1,TSLA,TSLA,0.048491489144837585,0.7711966152931543,0.0,0.987815337909818,TSLA,TSLA,V,False,1.0,0.8526883304869823,AMD,TSLA,baseline_temporal,0.5,0.4,0.55,0.2,0.55,1,0.048491489144837585,0.048491489144837585,2,0.0,0.0,28072.915838764253,0.0
2021-11-03T04:00:00+00:00,2021-11-04T04:00:00+00:00,2021-11-05T04:00:00+00:00,1,TSLA,TSLA,-0.005200865190657988,0.7524390563953158,0.0,0.9657514502489952,TSLA,TSLA,NFLX,False,0.9805629669514125,0.6444370330485876,TSLA,TSLA,baseline_temporal,0.5,0.4,0.55,0.2,0.55,1,-0.005200865190657988,-0.005200865190657988,0,0.0,0.0,27926.912387978155,-0.005200865190657877
2021-11-04T04:00:00+00:00,2021-11-05T04:00:00+00:00,2021-11-08T05:00:00+00:00,1,TSLA,TSLA,-0.06368944372511176,0.727580420661859,0.0063783815730616145,0.9690503416659652,TSLA,TSLA,NFLX,False,0.9166666666666666,0.7499999999999999,TSLA,TSLA,baseline_temporal,0.5,0.4,0.55,0.2,0.55,1,-0.06368944372511176,-0.06368944372511176,0,0.0,0.0,26148.262873027896,-0.06855906870488726
2021-11-05T04:00:00+00:00,2021-11-08T05:00:00+00:00,2021-11-09T05:00:00+00:00,1,TSLA,TSLA,0.02071700673172261,0.7515676728584705,0.014027927694197959,0.950839359192807,TSLA,TSLA,NFLX,False,0.9777703663819209,0.875,TSLA,TSLA,baseline_temporal,0.5,0.4,0.55,0.2,0.55,1,0.02071700673172261,0.02071700673172261,0,0.0,0.0,26689.976610991267,-0.04926240066104448
2021-11-08T05:00:00+00:00,2021-11-09T05:00:00+00:00,2021-11-10T05:00:00+00:00,1,TSLA,TSLA,-0.13905930470347638,0.7525539022639955,0.02238033546423874,0.950265501714719,TSLA,TSLA,NFLX,False,0.9777703663819209,0.875,TSLA,TSLA,baseline_temporal,0.5,0.4,0.55,0.2,0.55,1,-0.13905930470347638,-0.13905930470347638,0,0.0,0.0,22978.487020914774,-0.18147131018057194
2021-11-09T05:00:00+00:00,2021-11-10T05:00:00+00:00,2021-11-11T05:00:00+00:00,1,TSLA,TSLA,0.09141923990498801,0.7653707705375409,0.03401635733703919,0.9899984202239038,TSLA,TSLA,NFLX,False,0.9583333333333334,0.8111036997152543,TSLA,TSLA,baseline_temporal,0.5,0.4,0.55,0.2,0.55,1,0.09141923990498801,0.09141923990498801,0,0.0,0.0,25079.162838533437,-0.10664203951685403
2021-11-10T05:00:00+00:00,2021-11-11T05:00:00+00:00,2021-11-12T05:00:00+00:00,1,TSLA,TSLA,-0.05011017709948573,0.768876783144344,0.05183114362705326,0.9670718620370975,TSLA,TSLA,NFLX,False,0.980205001735622,0.8333333333333334,TSLA,TSLA,baseline_temporal,0.5,0.4,0.55,0.2,0.55,1,-0.05011017709948573,-0.05011017709948573,0,0.0,0.0,23822.441547187686,-0.15140836512989986
2021-11-11T05:00:00+00:00,2021-11-12T05:00:00+00:00,2021-11-15T05:00:00+00:00,1,TSLA,TSLA,-0.028524787352865455,0.7707055539165647,0.05388835401869813,0.9670718620370975,TSLA,TSLA,V,False,0.980205001735622,0.8333333333333334,TSLA,TSLA,baseline_temporal,0.5,0.4,0.55,0.2,0.55,1,-0.028524787352865455,-0.028524787352865455,0,0.0,0.0,23142.91146782809,-0.17561426106398992
2021-11-12T05:00:00+00:00,2021-11-15T05:00:00+00:00,2021-11-16T05:00:00+00:00,1,TSLA,TSLA,-0.014062085433802052,0.7548297101919438,0.0440203415440024,0.9442095093671656,TSLA,TSLA,V,False,0.9604100034712441,0.8749999999999999,TSLA,TSLA,baseline_temporal,0.5,0.4,0.55,0.2,0.55,1,-0.014062085433802052,-0.014062085433802052,0,0.0,0.0,22817.47386958057,-0.18720684375531615
2021-11-15T05:00:00+00:00,2021-11-16T05:00:00+00:00,2021-11-17T05:00:00+00:00,1,TSLA,TSLA,0.059980863533070305,0.7729868022927996,0.04770829854648482,0.9721047546835828,TSLA,TSLA,V,False,0.980205001735622,0.8749999999999999,TSLA,TSLA,baseline_temporal,0.5,0.4,0.55,0.2,0.55,1,0.059980863533070305,0.059980863533070305,0,0.0,0.0,24186.085655921284,-0.13845480836999025
2021-11-16T05:00:00+00:00,2021-11-17T05:00:00+00:00,2021-11-18T05:00:00+00:00,1,TSLA,TSLA,0.04047954866008463,0.7761722122685795,0.06963944887183819,0.9721047546835828,TSLA,TSLA,V,False,0.980205001735622,0.7916666666666666,TSLA,TSLA,baseline_temporal,0.5,0.4,0.55,0.2,0.55,1,0.04047954866008463,0.04047954866008463,0,0.0,0.0,25165.127487127127,-0.10357984786254126
2021-11-17T05:00:00+00:00,2021-11-18T05:00:00+00:00,2021-11-19T05:00:00+00:00,1,TSLA,TSLA,-0.006940490714382519,0.7763715545102899,0.07587607447695414,0.9721271310996843,TSLA,TSLA,V,False,0.9798268164558255,0.8548268164558255,TSLA,TSLA,baseline_temporal,0.5,0.4,0.55,0.2,0.55,1,-0.006940490714382519,-0.006940490714382519,0,0.0,0.0,24990.469153476468,-0.10980144360463673
2021-11-18T05:00:00+00:00,2021-11-19T05:00:00+00:00,2021-11-22T05:00:00+00:00,1,TSLA,TSLA,0.057741134074094314,0.7777760810223333,0.08333333333333337,0.9721271310996843,TSLA,TSLA,V,False,0.9798268164558255,0.8548268164558255,TSLA,TSLA,baseline_temporal,0.5,0.4,0.55,0.2,0.55,1,0.057741134074094314,0.057741134074094314,0,0.0,0.0,26433.447183441873,-0.05840036940724669
2021-11-19T05:00:00+00:00,2021-11-22T05:00:00+00:00,2021-11-23T05:00:00+00:00,1,TSLA,TSLA,0.004465207516002545,0.7551795913233973,0.033528249383898326,0.969003890995883,TSLA,TSLA,V,False,0.9583333333333335,0.8131601497891587,TSLA,TSLA,baseline_temporal,0.5,0.4,0.55,0.2,0.55,1,0.004465207516002545,0.004465207516002545,0,0.0,0.0,26551.478010479233,-0.05419593165965875
2021-11-22T05:00:00+00:00,2021-11-23T05:00:00+00:00,2021-11-24T05:00:00+00:00,1,TSLA,TSLA,-0.07462034586427535,0.7346204871623454,0.0309726730624996,0.9489645849390296,TSLA,TSLA,V,False,0.9381601497891588,0.875,TSLA,TSLA,baseline_temporal,0.5,0.4,0.55,0.2,0.55,1,-0.07462034586427535,-0.07462034586427535,0,0.0,0.0,24570.19753812957,-0.12477215835905375
2021-11-23T05:00:00+00:00,2021-11-24T05:00:00+00:00,2021-11-26T05:00:00+00:00,1,TSLA,TSLA,0.017660289339960666,0.7653595955769265,0.06914993132071694,0.9441049710644176,TSLA,TSLA,V,False,0.9798268164558255,0.8535065168775079,TSLA,TSLA,baseline_temporal,0.5,0.4,0.55,0.2,0.55,1,0.017660289339960666,0.017660289339960666,0,0.0,0.0,25004.114335792932,-0.10931538143728525
2021-11-24T05:00:00+00:00,2021-11-26T05:00:00+00:00,2021-11-29T05:00:00+00:00,1,TSLA,TSLA,0.0013915795792518448,0.7825089220954538,0.0652163734782957,0.9666841848756681,TSLA,TSLA,V,False,1.0,0.8537435866750787,TSLA,TSLA,baseline_temporal,0.5,0.4,0.55,0.2,0.55,1,0.0013915795792518448,0.0013915795792518448,0,0.0,0.0,25038.9095506999,-0.10807592291053969
2021-11-26T05:00:00+00:00,2021-11-29T05:00:00+00:00,2021-11-30T05:00:00+00:00,1,TSLA,TSLA,0.039400544959127926,0.7892939909393247,0.06713603635147557,1.0,TSLA,TSLA,V,False,1.0,0.8333333333333334,TSLA,TSLA,baseline_temporal,0.5,0.4,0.55,0.2,0.55,1,0.039400544959127926,0.039400544959127926,0,0.0,0.0,26025.456232179786,-0.07293362821104776
2021-11-29T05:00:00+00:00,2021-11-30T05:00:00+00:00,2021-12-01T05:00:00+00:00,1,TSLA,TSLA,0.014260997221202665,0.7531833789882505,0.04709919410550996,0.9476081743809084,TSLA,TSLA,V,False,0.9583333333333334,0.8750000000000001,TSLA,TSLA,baseline_temporal,0.5,0.4,0.55,0.2,0.55,1,0.014260997221202665,0.014260997221202665,0,0.0,0.0,26396.60519118743,-0.059712737259095205
2021-11-30T05:00:00+00:00,2021-12-01T05:00:00+00:00,2021-12-02T05:00:00+00:00,1,TSLA,TSLA,-0.05311449987076755,0.7490450391218536,0.055134901972267315,0.9274307769915728,TSLA,TSLA,NFLX,False,0.9591794933165095,0.7295897466582547,TSLA,TSLA,baseline_temporal,0.5,0.4,0.55,0.2,0.55,1,-0.05311449987076755,-0.05311449987076755,0,0.0,0.0,24994.562708171405,-0.10965562495443137
2021-12-01T05:00:00+00:00,2021-12-02T05:00:00+00:00,2021-12-03T05:00:00+00:00,1,TSLA,TSLA,-0.01296574314180432,0.7524877498019308,0.06860291776011988,0.9348807971635786,TSLA,TSLA,V,False,0.9591794933165095,0.8937179333753931,TSLA,TSLA,baseline_temporal,0.5,0.4,0.55,0.2,0.55,1,-0.01296574314180432,-0.01296574314180432,0,0.0,0.0,24670.489628155538,-0.12119960142902231
2021-12-02T05:00:00+00:00,2021-12-03T05:00:00+00:00,2021-12-06T05:00:00+00:00,1,TSLA,TSLA,-0.07676991150442491,0.794153134960447,0.08288550986519494,1.0,TSLA,TSLA,V,False,1.0,0.8122274820503521,TSLA,TSLA,baseline_temporal,0.5,0.4,0.55,0.2,0.55,1,-0.07676991150442491,-0.07676991150442491,0,0.0,0.0,22776.5383226312,-0.1886650302573698
2021-12-03T05:00:00+00:00,2021-12-06T05:00:00+00:00,2021-12-07T05:00:00+00:00,1,TSLA,TSLA,0.04262520968128447,0.7891326708840931,0.0485058106389259,1.0,TSLA,TSLA,V,False,1.0,0.7916666666666666,TSLA,TSLA,baseline_temporal,0.5,0.4,0.55,0.2,0.55,1,0.04262520968128447,0.04262520968128447,0,0.0,0.0,23747.39304444717,-0.15408170705033142
2021-12-06T05:00:00+00:00,2021-12-07T05:00:00+00:00,2021-12-08T05:00:00+00:00,1,TSLA,TSLA,0.00813054845289729,0.7864588175093018,0.0485058106389259,0.9877927701953568,TSLA,TSLA,NFLX,False,1.0,0.7916666666666666,TSLA,TSLA,baseline_temporal,0.5,0.4,0.55,0.2,0.55,1,0.00813054845289729,0.00813054845289729,0,0.0,0.0,23940.472374225043,-0.14720392738231203
2021-12-07T05:00:00+00:00,2021-12-08T05:00:00+00:00,2021-12-09T05:00:00+00:00,1,TSLA,TSLA,0.0075520091194072325,0.78509419899313,0.0503266217061749,0.9877927701953568,TSLA,TSLA,NFLX,False,1.0,0.8122274820503521,TSLA,TSLA,baseline_temporal,0.5,0.4,0.55,0.2,0.55,1,0.0075520091194072325,0.0075520091194072325,0,0.0,0.0,24121.271039918105,-0.1407636036649087
2021-12-08T05:00:00+00:00,2021-12-09T05:00:00+00:00,2021-12-10T05:00:00+00:00,1,TSLA,TSLA,-0.048932258520718475,0.7644230996069777,0.044231378522515165,0.9842969904630734,TSLA,TSLA,NFLX,False,0.9583333333333334,0.8122274820503521,TSLA,TSLA,baseline_temporal,0.5,0.4,0.55,0.2,0.55,1,-0.048932258520718475,-0.048932258520718475,0,0.0,0.0,22940.962769544516,-0.18280798114078778
2021-12-09T05:00:00+00:00,2021-12-10T05:00:00+00:00,2021-12-13T05:00:00+00:00,1,TSLA,TSLA,-0.007583643122676564,0.7822723109958284,0.016212163266097816,1.0,TSLA,NFLX,TSLA,False,1.0,1.0,TSLA,TSLA,baseline_temporal,0.5,0.4,0.55,0.2,0.55,1,-0.007583643122676564,-0.007583643122676564,0,0.0,0.0,22766.98669500968,-0.1890052737745156
2021-12-10T05:00:00+00:00,2021-12-13T05:00:00+00:00,2021-12-14T05:00:00+00:00,1,NFLX,NFLX,-0.021732026143790883,0.7151011691157991,0.2620713410395994,0.9561912540429569,NFLX,NFLX,META,False,0.8123238972909455,0.875,TSLA,NFLX,baseline_temporal,0.5,0.4,0.55,0.2,0.55,1,-0.021732026143790883,-0.021732026143790883,2,0.0,0.0,22272.21394493839,-0.20662983236732435
2021-12-13T05:00:00+00:00,2021-12-14T05:00:00+00:00,2021-12-15T05:00:00+00:00,1,NFLX,NFLX,-0.0008351428094203195,0.7793302985829691,0.3315893564109373,0.9876903006269819,NFLX,NFLX,V,False,0.875,0.5605628702003999,NFLX,NFLX,baseline_temporal,0.5,0.4,0.55,0.2,0.55,1,-0.0008351428094203195,-0.0008351428094203195,0,0.0,0.0,22253.613465612405,-0.20729240975803132
2021-12-14T05:00:00+00:00,2021-12-15T05:00:00+00:00,2021-12-16T05:00:00+00:00,1,NFLX,NFLX,-0.0018388498829822186,0.7607656583693522,0.3315893564109373,0.9564432085443868,NFLX,NFLX,V,False,0.8539905639576121,0.6239433837456726,NFLX,NFLX,baseline_temporal,0.5,0.4,0.55,0.2,0.55,1,-0.0018388498829822186,-0.0018388498829822186,0,0.0,0.0,22212.692411095235,-0.20875008001758677
2021-12-15T05:00:00+00:00,2021-12-16T05:00:00+00:00,2021-12-17T05:00:00+00:00,1,V,V,-0.011584310709478962,0.6640795001457235,0.6738453822920848,0.806144043250997,V,V,NFLX,False,0.5203050252061696,0.875,NFLX,V,baseline_temporal,0.5,0.4,0.55,0.2,0.55,1,-0.011584310709478962,-0.011584310709478962,2,0.0,0.0,21955.373680511024,-0.21791616493951338
2021-12-16T05:00:00+00:00,2021-12-17T05:00:00+00:00,2021-12-20T05:00:00+00:00,1,V,V,-0.017409911005203393,0.6426156333821759,0.7929331541835214,0.780586443917556,V,TSLA,V,False,0.43715789768505503,0.43715789768505503,V,V,baseline_temporal,0.5,0.4,0.55,0.2,0.55,1,-0.017409911005203393,-0.017409911005203393,0,0.0,0.0,21573.132578647343,-0.23153217490652467
2021-12-17T05:00:00+00:00,2021-12-20T05:00:00+00:00,2021-12-21T05:00:00+00:00,1,NVDA,NVDA,0.03894195444526094,0.73271207387212,0.0,0.9999999999999999,V,V,NVDA,True,0.37499999999999994,0.9166666666666665,V,NVDA,baseline_temporal,0.5,0.4,0.55,0.2,0.55,1,0.03894195444526094,0.03894195444526094,2,0.0,0.0,22413.232524766605,-0.2016065358690856
2021-12-20T05:00:00+00:00,2021-12-21T05:00:00+00:00,2021-12-22T05:00:00+00:00,1,TSLA,TSLA,0.05323604476146837,0.7511188245633189,0.06411298967267408,0.9726184889769796,TSLA,TSLA,V,False,0.9373859658950184,0.6659824620367768,NVDA,TSLA,baseline_temporal,0.5,0.4,0.55,0.2,0.55,1,0.05323604476146837,0.05323604476146837,2,0.0,0.0,23606.42437470428,-0.15910322567534851
2021-12-21T05:00:00+00:00,2021-12-22T05:00:00+00:00,2021-12-23T05:00:00+00:00,1,TSLA,TSLA,0.042592189878529974,0.7652442703664605,0.03807586000564704,0.9726184889769796,TSLA,V,NVDA,False,0.979052632561685,0.9585614015432966,TSLA,TSLA,baseline_temporal,0.5,0.4,0.55,0.2,0.55,1,0.042592189878529974,0.042592189878529974,0,0.0,0.0,24611.87368402484,-0.12328759059506966
2021-12-22T05:00:00+00:00,2021-12-23T05:00:00+00:00,2021-12-27T05:00:00+00:00,1,NVDA,NVDA,-0.0030343897505057393,0.7711101583039325,0.00628517211499593,0.971723083255192,NVDA,NVDA,AMZN,False,1.0,0.5421228030865932,TSLA,NVDA,baseline_temporal,0.5,0.4,0.55,0.2,0.55,1,-0.0030343897505057393,-0.0030343897505057393,2,0.0,0.0,24537.191666777293,-0.12594787774430916
2021-12-23T05:00:00+00:00,2021-12-27T05:00:00+00:00,2021-12-28T05:00:00+00:00,1,NVDA,NVDA,0.055461616503212685,0.7739958832384206,0.014265757769237244,0.9754979354343081,NVDA,V,NVDA,False,1.0,1.0,NVDA,NVDA,baseline_temporal,0.5,0.4,0.55,0.2,0.55,1,0.055461616503212685,0.055461616503212685,0,0.0,0.0,25898.063981065923,-0.07747153413594476
2021-12-27T05:00:00+00:00,2021-12-28T05:00:00+00:00,2021-12-29T05:00:00+00:00,1,V,V,0.008096584103866267,0.7941510154088227,0.7739263307427301,0.899208617441841,V,V,AMZN,False,0.7280892231016933,0.7104882204632802,NVDA,V,baseline_temporal,0.5,0.4,0.55,0.2,0.55,1,0.008096584103866267,0.008096584103866267,2,0.0,0.0,26107.74983421593,-0.07000220482386588
2021-12-28T05:00:00+00:00,2021-12-29T05:00:00+00:00,2021-12-30T05:00:00+00:00,1,V,V,0.0009980039920161055,0.738306600036987,0.7401331666939291,0.8913620629309318,V,V,AMZN,False,0.6469107768983068,0.6928872178248668,V,V,baseline_temporal,0.5,0.4,0.55,0.2,0.55,1,0.0009980039920161055,0.0009980039920161055,0,0.0,0.0,26133.805472773038,-0.06907406331171384
2021-12-29T05:00:00+00:00,2021-12-30T05:00:00+00:00,2021-12-31T05:00:00+00:00,1,NVDA,NVDA,-0.005045408678102992,0.7749367406074614,0.022632172983930544,0.9715561027484166,V,V,NVDA,True,0.47808922310169333,1.0,V,NVDA,baseline_temporal,0.5,0.4,0.55,0.2,0.55,1,-0.005045408678102992,-0.005045408678102992,2,0.0,0.0,26001.949743848854,-0.07377096511135195
2021-12-30T05:00:00+00:00,2021-12-31T05:00:00+00:00,2022-01-03T05:00:00+00:00,1,V,V,0.0032456684645125744,0.6326983418595444,0.7244903459852329,0.782020120368824,V,V,NFLX,False,0.4407323306949201,0.6249999999999999,NVDA,V,baseline_temporal,0.5,0.4,0.55,0.2,0.55,1,0.0032456684645125744,0.0032456684645125744,2,0.0,0.0,26086.343452148303,-0.0707647327418981
2021-12-31T05:00:00+00:00,2022-01-03T05:00:00+00:00,2022-01-04T05:00:00+00:00,1,V,V,0.020600409153622934,0.7180603415276021,0.7099626916893782,0.8958221970063366,V,V,NVDA,False,0.5833333333333333,1.0,V,V,baseline_temporal,0.5,0.4,0.55,0.2,0.55,1,0.020600409153622934,0.020600409153622934,0,0.0,0.0,26623.73280058449,-0.05162210603640505
2022-01-03T05:00:00+00:00,2022-01-04T05:00:00+00:00,2022-01-05T05:00:00+00:00,1,V,V,0.0028901734104045396,0.6349618361887753,0.660522565222784,0.7942546525700609,V,V,NFLX,False,0.5108284254171916,0.6902071063542979,V,V,baseline_temporal,0.5,0.4,0.55,0.2,0.55,1,0.0028901734104045396,0.0028901734104045396,0,0.0,0.0,26700.680005210455,-0.048881129464255935
2022-01-04T05:00:00+00:00,2022-01-05T05:00:00+00:00,2022-01-06T05:00:00+00:00,1,NVDA,NVDA,-0.04539154539154533,0.7444971950064471,0.05601127698149471,0.9674385577946012,V,V,NVDA,True,0.4383235175010502,0.934792893645702,V,NVDA,baseline_temporal,0.5,0.4,0.55,0.2,0.55,1,-0.04539154539154533,-0.04539154539154533,2,0.0,0.0,25488.69487676882,-0.09205388484893451
2022-01-05T05:00:00+00:00,2022-01-06T05:00:00+00:00,2022-01-07T05:00:00+00:00,1,NVDA,NVDA,0.01814882032667886,0.7576135460203696,0.01907287793817479,0.9507221494334079,NVDA,NVDA,NFLX,False,0.9818737730209646,0.7862524539580708,NVDA,NVDA,baseline_temporal,0.5,0.4,0.55,0.2,0.55,1,0.01814882032667886,0.01814882032667886,0,0.0,0.0,25951.284620448834,-0.07557573393875183
2022-01-06T05:00:00+00:00,2022-01-07T05:00:00+00:00,2022-01-10T05:00:00+00:00,1,NVDA,NVDA,-0.05525846702317294,0.7731467499991924,0.028899970907513724,0.9713031334531375,NVDA,NVDA,V,False,1.0,0.47104534760377287,NVDA,NVDA,baseline_temporal,0.5,0.4,0.55,0.2,0.55,1,-0.05525846702317294,-0.05525846702317294,0,0.0,0.0,24517.25641504079,-0.12665800176031805
2022-01-07T05:00:00+00:00,2022-01-10T05:00:00+00:00,2022-01-11T05:00:00+00:00,1,NVDA,NVDA,0.027924528301886742,0.7545116585629763,0.020517178585171898,0.954744564388259,NVDA,NVDA,CRM,False,0.9825842577968555,0.875,NVDA,NVDA,baseline_temporal,0.5,0.4,0.55,0.2,0.55,1,0.027924528301886742,0.027924528301886742,0,0.0,0.0,25201.889235687213,-0.10227033841324762
2022-01-10T05:00:00+00:00,2022-01-11T05:00:00+00:00,2022-01-12T05:00:00+00:00,1,NVDA,NVDA,0.027165932452276165,0.7340506443254464,0.016051697126994932,0.954554579674504,NVDA,NVDA,V,False,0.9409175911301888,0.6424157422031446,NVDA,NVDA,baseline_temporal,0.5,0.4,0.55,0.2,0.55,1,0.027165932452276165,0.027165932452276165,0,0.0,0.0,25886.522056333633,-0.0778826750661773
2022-01-11T05:00:00+00:00,2022-01-12T05:00:00+00:00,2022-01-13T05:00:00+00:00,1,NVDA,NVDA,0.011079342387419588,0.7294959900278797,0.016051697126994932,0.9311613966856612,NVDA,NVDA,V,False,0.9409175911301888,0.625,NVDA,NVDA,baseline_temporal,0.5,0.4,0.55,0.2,0.55,1,0.011079342387419588,0.011079342387419588,0,0.0,0.0,26173.327697415247,-0.06766622150186397
2022-01-12T05:00:00+00:00,2022-01-13T05:00:00+00:00,2022-01-14T05:00:00+00:00,1,NVDA,NVDA,-0.07317073170731714,0.7338209651019298,0.04133124894870464,0.922838259855948,NVDA,NVDA,V,False,0.9409175911301888,0.625,NVDA,NVDA,baseline_temporal,0.5,0.4,0.55,0.2,0.55,1,-0.07317073170731714,-0.07317073170731714,0,0.0,0.0,24258.206158579982,-0.13588576627002036
2022-01-13T05:00:00+00:00,2022-01-14T05:00:00+00:00,2022-01-18T05:00:00+00:00,1,NVDA,NVDA,-0.0015255530129671957,0.7429754048593069,0.04642122902162063,0.9656168715560028,NVDA,NVDA,CRM,False,0.9409175911301888,0.875,NVDA,NVDA,baseline_temporal,0.5,0.4,0.55,0.2,0.55,1,-0.0015255530129671957,-0.0015255530129671957,0,0.0,0.0,24221.19897908558,-0.1372040183428349
2022-01-14T05:00:00+00:00,2022-01-18T05:00:00+00:00,2022-01-19T05:00:00+00:00,1,NVDA,NVDA,-0.006875477463712754,0.7573252628743151,0.04640910471828836,0.9770217819847207,NVDA,NVDA,V,False,0.9583333333333333,0.5748967600108145,NVDA,NVDA,baseline_temporal,0.5,0.4,0.55,0.2,0.55,1,-0.006875477463712754,-0.006875477463712754,0,0.0,0.0,24054.666671360777,-0.14313615267050062
2022-01-18T05:00:00+00:00,2022-01-19T05:00:00+00:00,2022-01-20T05:00:00+00:00,1,CRM,CRM,0.00702146690518779,0.7227079177892052,0.14156166193963363,0.860747792158842,CRM,CRM,NVDA,False,0.908230093344148,0.9667699066558522,NVDA,CRM,baseline_temporal,0.5,0.4,0.55,0.2,0.55,1,0.00702146690518779,0.00702146690518779,2,0.0,0.0,24223.56571730906,-0.13711971152422475
2022-01-19T05:00:00+00:00,2022-01-20T05:00:00+00:00,2022-01-21T05:00:00+00:00,1,CRM,CRM,-0.02620242483456936,0.6927520148837817,0.16241888161211138,0.8914841424043775,CRM,CRM,V,False,0.8248967600108146,0.375,CRM,CRM,baseline_temporal,0.5,0.4,0.55,0.2,0.55,1,-0.02620242483456936,-0.02620242483456936,0,0.0,0.0,23588.849557376016,-0.15972926742424287
2022-01-20T05:00:00+00:00,2022-01-21T05:00:00+00:00,2022-01-24T05:00:00+00:00,1,CRM,CRM,-0.047840561864368136,0.7030991924212532,0.14302470800415837,0.8491293949548646,CRM,CRM,V,False,0.875,0.29166666666666663,CRM,CRM,baseline_temporal,0.5,0.4,0.55,0.2,0.55,1,-0.047840561864368136,-0.047840561864368136,0,0.0,0.0,22460.345740817094,-0.19992829138885126
2022-01-21T05:00:00+00:00,2022-01-24T05:00:00+00:00,2022-01-25T05:00:00+00:00,1,NVDA,NVDA,0.00943396226415083,0.6971615475069775,0.053982109738782195,0.8533253889381611,NVDA,NVDA,CRM,False,0.8752580999729637,0.8164601866882957,CRM,NVDA,baseline_temporal,0.5,0.4,0.55,0.2,0.55,1,0.00943396226415083,0.00943396226415083,2,0.0,0.0,22672.235794975742,-0.19238044508119911
2022-01-24T05:00:00+00:00,2022-01-25T05:00:00+00:00,2022-01-26T05:00:00+00:00,1,NVDA,NVDA,0.031152647975078107,0.7230355381388582,0.04910778442659239,0.9452040711220429,NVDA,NFLX,NVDA,False,0.8848355581718803,0.8848355581718803,NVDA,NVDA,baseline_temporal,0.5,0.4,0.55,0.2,0.55,1,0.031152647975078107,0.031152647975078107,0,0.0,0.0,23378.53597550459,-0.16722095738902432
2022-01-25T05:00:00+00:00,2022-01-26T05:00:00+00:00,2022-01-27T05:00:00+00:00,1,NVDA,NVDA,0.013810962451445752,0.7538009078515776,0.056504040898540664,0.9177215301187233,NVDA,NVDA,AMD,False,0.9522533372578205,0.868920003924487,NVDA,NVDA,baseline_temporal,0.5,0.4,0.55,0.2,0.55,1,0.013810962451445752,0.013810962451445752,0,0.0,0.0,23701.416058032057,-0.1557194773011732
2022-01-26T05:00:00+00:00,2022-01-27T05:00:00+00:00,2022-01-28T05:00:00+00:00,1,NVDA,NVDA,-0.06598552575564054,0.7465352845007842,0.055218135640191617,0.8928945826284281,NVDA,NVDA,NFLX,False,0.9522533372578205,0.9068311084947865,NVDA,NVDA,baseline_temporal,0.5,0.4,0.55,0.2,0.55,1,-0.06598552575564054,-0.06598552575564054,0,0.0,0.0,22137.465658289628,-0.2114297714767024
2022-01-27T05:00:00+00:00,2022-01-28T05:00:00+00:00,2022-01-31T05:00:00+00:00,1,TSLA,TSLA,0.04946065875392325,0.8002997894166818,0.08307135059377695,0.9861851491416296,TSLA,TSLA,NVDA,False,1.0,0.9007511124192735,NVDA,TSLA,baseline_temporal,0.5,0.4,0.55,0.2,0.55,1,0.04946065875392325,0.04946065875392325,2,0.0,0.0,23232.399292890987,-0.17242656850020832
2022-01-28T05:00:00+00:00,2022-01-31T05:00:00+00:00,2022-02-01T05:00:00+00:00,1,TSLA,TSLA,0.07163973874183571,0.7972449460273278,0.07109053452800246,0.9861851491416296,TSLA,TSLA,NVDA,False,1.0,0.8848355581718803,TSLA,TSLA,baseline_temporal,0.5,0.4,0.55,0.2,0.55,1,0.07163973874183571,0.07163973874183571,0,0.0,0.0,24896.762308579702,-0.1131394240778788
2022-01-31T05:00:00+00:00,2022-02-01T05:00:00+00:00,2022-02-02T05:00:00+00:00,1,AMD,AMD,0.11254817987152022,0.7353111553741994,0.06721379521395862,0.9774340734895842,AMD,AMD,NFLX,False,0.8749999999999999,0.931993623594976,TSLA,AMD,baseline_temporal,0.5,0.4,0.55,0.2,0.55,1,0.11254817987152022,0.11254817987152022,2,0.0,0.0,27698.847591104215,-0.013324880458035926
2022-02-01T05:00:00+00:00,2022-02-02T05:00:00+00:00,2022-02-03T05:00:00+00:00,1,AMD,AMD,-0.07367772730772182,0.7159644225814112,0.0542041092552972,0.96584305946838,AMD,CRM,AMD,False,0.8596730430716908,0.8596730430716908,AMD,AMD,baseline_temporal,0.5,0.4,0.55,0.2,0.55,1,-0.07367772730772182,-0.07367772730772182,0,0.0,0.0,25658.059451548692,-0.08602086085696259
2022-02-02T05:00:00+00:00,2022-02-03T05:00:00+00:00,2022-02-04T05:00:00+00:00,1,CRM,CRM,-0.014135099832058184,0.7053822898552373,0.1386106910632329,0.9067926264096295,CRM,CRM,NFLX,False,0.8376475374515944,0.9846730430716907,AMD,CRM,baseline_temporal,0.5,0.4,0.55,0.2,0.55,1,-0.014135099832058184,-0.014135099832058184,2,0.0,0.0,25295.380219704166,-0.09894004723316807
2022-02-03T05:00:00+00:00,2022-02-04T05:00:00+00:00,2022-02-07T05:00:00+00:00,1,CRM,CRM,0.018691146548052817,0.6752481650304357,0.16553715044880699,0.9417627062764441,CRM,META,NFLX,False,0.7653269569283093,0.8903269569283092,CRM,CRM,baseline_temporal,0.5,0.4,0.55,0.2,0.55,1,0.018691146548052817,0.018691146548052817,0,0.0,0.0,25768.179878379375,-0.0820982036074216
2022-02-04T05:00:00+00:00,2022-02-07T05:00:00+00:00,2022-02-08T05:00:00+00:00,1,NFLX,NFLX,-0.029254022428083948,0.7766353607222519,0.1860230894032055,0.9466858280224343,NFLX,NFLX,META,False,0.9013397097383573,0.8333333333333334,CRM,NFLX,baseline_temporal,0.5,0.4,0.55,0.2,0.55,1,-0.029254022428083948,-0.029254022428083948,2,0.0,0.0,25014.356966286363,-0.10895052334586863
2022-02-07T05:00:00+00:00,2022-02-08T05:00:00+00:00,2022-02-09T05:00:00+00:00,1,NFLX,NFLX,0.026117528879959773,0.7623987956116233,0.1687576874013692,0.9608334265370155,NFLX,META,NFLX,False,0.875,0.875,NFLX,NFLX,baseline_temporal,0.5,0.4,0.55,0.2,0.55,1,0.026117528879959773,0.026117528879959773,0,0.0,0.0,25667.670156766973,-0.08567851290588124
2022-02-08T05:00:00+00:00,2022-02-09T05:00:00+00:00,2022-02-10T05:00:00+00:00,1,META,META,0.018132733408323887,0.6742879975639323,0.03758236415940256,0.9266985719002638,META,META,NFLX,False,0.7645143174315386,0.9021523492351281,NFLX,META,baseline_temporal,0.5,0.4,0.55,0.2,0.55,1,0.018132733408323887,0.018132733408323887,2,0.0,0.0,26133.09517693242,-0.06909936513090131
2022-02-09T05:00:00+00:00,2022-02-10T05:00:00+00:00,2022-02-11T05:00:00+00:00,1,META,META,0.00083966766837551,0.742377319036885,0.07465802464602311,0.9571061522732951,META,META,NFLX,False,0.8895143174315386,0.9311809840982054,META,META,baseline_temporal,0.5,0.4,0.55,0.2,0.55,1,0.00083966766837551,0.00083966766837551,0,0.0,0.0,26155.03829202707,-0.06831771796533137
2022-02-10T05:00:00+00:00,2022-02-11T05:00:00+00:00,2022-02-14T05:00:00+00:00,1,META,META,-0.04004945467390819,0.7556871518646722,0.0830566814237983,0.9202659912208759,META,META,NFLX,False,0.9456953015297439,0.9564570477053841,META,META,baseline_temporal,0.5,0.4,0.55,0.2,0.55,1,-0.04004945467390819,-0.04004945467390819,0,0.0,0.0,25107.543271456205,-0.10563108529016207
2022-02-11T05:00:00+00:00,2022-02-14T05:00:00+00:00,2022-02-15T05:00:00+00:00,1,META,META,0.005289788408463725,0.7434449843002767,0.10858467701559422,0.9411587882841413,META,META,NFLX,False,0.8895143174315386,0.9583333333333334,META,META,baseline_temporal,0.5,0.4,0.55,0.2,0.55,1,0.005289788408463725,0.005289788408463725,0,0.0,0.0,25240.356862818553,-0.10090006297223975
2022-02-14T05:00:00+00:00,2022-02-15T05:00:00+00:00,2022-02-16T05:00:00+00:00,1,META,META,-0.03655913978494629,0.6747515586491805,0.059412909680707095,0.8297752927068529,META,META,NFLX,False,0.8206417543493669,0.8199233684064134,META,META,baseline_temporal,0.5,0.4,0.55,0.2,0.55,1,-0.03655913978494629,-0.03655913978494629,0,0.0,0.0,24317.59112804884,-0.13377038325067414
2022-02-15T05:00:00+00:00,2022-02-16T05:00:00+00:00,2022-02-17T05:00:00+00:00,1,META,META,0.0075987841945288626,0.7268527295666736,0.04844635938502745,0.9088966620563557,META,META,NFLX,False,0.9032567017397468,0.8615900350730802,META,META,baseline_temporal,0.5,0.4,0.55,0.2,0.55,1,0.0075987841945288626,0.0075987841945288626,0,0.0,0.0,24502.375255161674,-0.12718809133008646
2022-02-16T05:00:00+00:00,2022-02-17T05:00:00+00:00,2022-02-18T05:00:00+00:00,1,META,META,-0.02163461538461542,0.7120893715898647,0.04844635938502745,0.8913832358878424,META,META,NFLX,False,0.8757183859429535,0.8891283508698733,META,META,baseline_temporal,0.5,0.4,0.55,0.2,0.55,1,-0.02163461538461542,-0.02163461538461542,0,0.0,0.0,23972.27579050673,-0.14607104127727222
2022-02-17T05:00:00+00:00,2022-02-18T05:00:00+00:00,2022-02-22T05:00:00+00:00,1,META,META,-0.033675386616563,0.7911244023423352,0.10772919036580235,0.9462938151788612,META,META,NFLX,False,0.9858716491301267,0.8891283508698733,META,META,baseline_temporal,0.5,0.4,0.55,0.2,0.55,1,-0.033675386616563,-0.033675386616563,0,0.0,0.0,23165.000135182545,-0.1748274291053391
2022-02-18T05:00:00+00:00,2022-02-22T05:00:00+00:00,2022-02-23T05:00:00+00:00,1,META,META,0.008973975471133544,0.7333057013145697,0.1370262189702293,0.8967848523347336,META,META,NFLX,False,0.8757183859429535,1.0,META,META,baseline_temporal,0.5,0.4,0.55,0.2,0.55,1,0.008973975471133544,0.008973975471133544,0,0.0,0.0,23372.882278184476,-0.16742235069467826
2022-02-22T05:00:00+00:00,2022-02-23T05:00:00+00:00,2022-02-24T05:00:00+00:00,1,META,META,-0.0641367724083407,0.7343628856193783,0.13793914558773274,0.8945796654501805,META,META,NFLX,False,0.876771819420554,1.0,META,META,baseline_temporal,0.5,0.4,0.55,0.2,0.55,1,-0.0641367724083407,-0.0641367724083407,0,0.0,0.0,21873.821046981622,-0.22082119390044486
2022-02-23T05:00:00+00:00,2022-02-24T05:00:00+00:00,2022-02-25T05:00:00+00:00,1,META,META,0.07265047518479406,0.7381137273589506,0.14221199735419945,0.9309943586361583,META,META,TSLA,False,0.8478128286957403,0.9438538379709265,META,META,baseline_temporal,0.5,0.4,0.55,0.2,0.55,1,0.07265047518479406,0.07265047518479406,0,0.0,0.0,23462.964540151985,-0.1642134833833917
2022-02-24T05:00:00+00:00,2022-02-25T05:00:00+00:00,2022-02-28T05:00:00+00:00,1,META,META,0.013339240007875564,0.7536945486678298,0.17460640075389672,0.945294262035409,META,META,NFLX,False,0.8605205046375931,1.0,META,META,baseline_temporal,0.5,0.4,0.55,0.2,0.55,1,0.013339240007875564,0.013339240007875564,0,0.0,0.0,23775.942655449348,-0.15306472644289648
2022-02-25T05:00:00+00:00,2022-02-28T05:00:00+00:00,2022-03-01T05:00:00+00:00,1,META,META,0.010540632437946229,0.7456764188938367,0.15684269854682484,0.9330048238536959,META,META,NFLX,False,0.8478128286957403,1.0,META,META,baseline_temporal,0.5,0.4,0.55,0.2,0.55,1,0.010540632437946229,0.010540632437946229,0,0.0,0.0,24026.556127846125,-0.14413749302559964
2022-02-28T05:00:00+00:00,2022-03-01T05:00:00+00:00,2022-03-02T05:00:00+00:00,1,META,META,-0.024274178042684058,0.7859320630374166,0.13883073294321854,0.9584735078474871,META,META,NFLX,False,0.9438538379709265,1.0,META,META,baseline_temporal,0.5,0.4,0.55,0.2,0.55,1,-0.024274178042684058,-0.024274178042684058,0,0.0,0.0,23443.33122664625,-0.16491285189995408
2022-03-01T05:00:00+00:00,2022-03-02T05:00:00+00:00,2022-03-03T05:00:00+00:00,1,META,META,0.02073993792797668,0.7952372447238587,0.12277220159607177,0.9352865334007816,META,META,NFLX,False,0.9839222061288251,0.9744111272045083,META,META,baseline_temporal,0.5,0.4,0.55,0.2,0.55,1,0.02073993792797668,0.02073993792797668,0,0.0,0.0,23929.544461111887,-0.1475931962839081
2022-03-02T05:00:00+00:00,2022-03-03T05:00:00+00:00,2022-03-04T05:00:00+00:00,1,META,META,-0.03180501930501922,0.7966199927856996,0.14086178399767393,0.9465100538011078,META,META,NFLX,False,0.9744111272045083,0.8910777938711748,META,META,baseline_temporal,0.5,0.4,0.55,0.2,0.55,1,-0.03180501930501922,-0.03180501930501922,0,0.0,0.0,23168.46483756591,-0.1747040111318281
2022-03-03T05:00:00+00:00,2022-03-04T05:00:00+00:00,2022-03-07T05:00:00+00:00,1,META,META,-0.007826130302577283,0.7878039917224804,0.11477923716883454,0.9566486830312781,META,META,AMD,False,0.9583333333333334,0.9005888727954917,META,META,baseline_temporal,0.5,0.4,0.55,0.2,0.55,1,-0.007826130302577283,-0.007826130302577283,0,0.0,0.0,22987.145412836435,-0.18116288507890488
2022-03-04T05:00:00+00:00,2022-03-07T05:00:00+00:00,2022-03-08T05:00:00+00:00,1,META,META,-0.0644594051446945,0.7577334104868377,0.0638036352248921,0.8870445899343704,META,META,NFLX,False,0.9744111272045083,0.8333333333333334,META,META,baseline_temporal,0.5,0.4,0.55,0.2,0.55,1,-0.0644594051446945,-0.0644594051446945,0,0.0,0.0,21505.407693550405,-0.23394463841711655
2022-03-07T05:00:00+00:00,2022-03-08T05:00:00+00:00,2022-03-09T05:00:00+00:00,1,META,META,0.04204929917834699,0.777289345021268,0.10741114647065944,0.9507864492142375,META,META,NFLX,False,0.9422555394621585,0.75,META,META,baseline_temporal,0.5,0.4,0.55,0.2,0.55,1,0.04204929917834699,0.04204929917834699,0,0.0,0.0,22409.69501560883,-0.20173254733074109
2022-03-08T05:00:00+00:00,2022-03-09T05:00:00+00:00,2022-03-10T05:00:00+00:00,1,META,META,-0.004638218923933235,0.6681993235007961,0.09619196825045927,0.8667142456334914,META,META,NFLX,False,0.7779520385682184,0.6249999999999999,META,META,baseline_temporal,0.5,0.4,0.55,0.2,0.55,1,-0.004638218923933235,-0.004638218923933235,0,0.0,0.0,22305.753944107862,-0.20543508653607168
2022-03-09T05:00:00+00:00,2022-03-10T05:00:00+00:00,2022-03-11T05:00:00+00:00,1,META,META,-0.011287149218183634,0.7494967572520063,0.06790844230241733,0.9158362354569847,META,META,NFLX,False,0.9409286570246119,0.9340713429753879,META,META,baseline_temporal,0.5,0.4,0.55,0.2,0.55,1,-0.011287149218183634,-0.011287149218183634,0,0.0,0.0,22053.98557091663,-0.2144034592778722
2022-03-10T05:00:00+00:00,2022-03-11T05:00:00+00:00,2022-03-14T04:00:00+00:00,1,META,META,-0.029116045245077493,0.7677080193054413,0.06849272506204027,0.9147794582948592,META,META,NFLX,False,0.9757380096420546,0.9166666666666665,META,META,baseline_temporal,0.5,0.4,0.55,0.2,0.55,1,-0.029116045245077493,-0.029116045245077493,0,0.0,0.0,21411.860729199536,-0.2372769237019139
2022-03-11T05:00:00+00:00,2022-03-14T04:00:00+00:00,2022-03-15T04:00:00+00:00,1,META,META,0.020172599784250123,0.7199808226140058,0.09326785269091846,0.9459542257592497,META,META,NFLX,False,0.8507380096420546,0.9166666666666665,META,META,baseline_temporal,0.5,0.4,0.55,0.2,0.55,1,0.020172599784250123,0.020172599784250123,0,0.0,0.0,21843.79362632578,-0.2218908163375406
2022-03-14T04:00:00+00:00,2022-03-15T04:00:00+00:00,2022-03-16T04:00:00+00:00,1,META,META,0.02046103415459455,0.7489165612346356,0.12563777984622823,0.9822044159647662,META,META,AMD,False,0.875,1.0,META,META,baseline_temporal,0.5,0.4,0.55,0.2,0.55,1,0.02046103415459455,0.02046103415459455,0,0.0,0.0,22290.74023377995,-0.20596989775461916
2022-03-15T04:00:00+00:00,2022-03-16T04:00:00+00:00,2022-03-17T04:00:00+00:00,1,META,META,0.03590487539505727,0.7445833704398457,0.07864176472513018,0.884081317510091,META,META,AMD,False,0.9535355223196627,0.9214644776803375,META,META,baseline_temporal,0.5,0.4,0.55,0.2,0.55,1,0.03590487539505727,0.03590487539505727,0,0.0,0.0,23091.086484337407,-0.1774603458735743
2022-03-16T04:00:00+00:00,2022-03-17T04:00:00+00:00,2022-03-18T04:00:00+00:00,1,META,META,0.02480744223266984,0.7473471705967619,0.027618271172431392,0.9488264486075637,META,META,NFLX,False,0.9351010944931646,1.0,META,META,baseline_temporal,0.5,0.4,0.55,0.2,0.55,1,0.02480744223266984,0.02480744223266984,0,0.0,0.0,23663.91727838719,-0.15705524091975276
2022-03-17T04:00:00+00:00,2022-03-18T04:00:00+00:00,2022-03-21T04:00:00+00:00,1,META,META,0.03772571986334783,0.7456812562385181,0.0329413921796187,0.8988547919586045,META,META,NFLX,False,0.9535355223196627,0.9815655721735019,META,META,baseline_temporal,0.5,0.4,0.55,0.2,0.55,1,0.03772571986334783,0.03772571986334783,0,0.0,0.0,24556.655592501065,-0.125254543078414
2022-03-18T04:00:00+00:00,2022-03-21T04:00:00+00:00,2022-03-22T04:00:00+00:00,1,META,META,-0.01457931618304098,0.7917310378035235,0.013346695818536789,1.0,META,META,NFLX,False,1.0,0.9214644776803375,META,META,baseline_temporal,0.5,0.4,0.55,0.2,0.55,1,-0.01457931618304098,-0.01457931618304098,0,0.0,0.0,24198.636346219948,-0.13800773367455255
2022-03-21T04:00:00+00:00,2022-03-22T04:00:00+00:00,2022-03-23T04:00:00+00:00,1,META,META,0.009258817353123616,0.7577418163895475,0.04027443596142065,0.9223777704368454,META,META,NFLX,False,0.9535355223196627,0.963131144347004,META,META,baseline_temporal,0.5,0.4,0.55,0.2,0.55,1,0.009258817353123616,0.009258817353123616,0,0.0,0.0,24422.687100344257,-0.1300267047208401
2022-03-22T04:00:00+00:00,2022-03-23T04:00:00+00:00,2022-03-24T04:00:00+00:00,1,META,META,0.007849813212275958,0.7206732503389157,0.037393232349008605,0.9617927715151101,META,META,NFLX,False,0.852525891783132,0.977525891783132,META,META,baseline_temporal,0.5,0.4,0.55,0.2,0.55,1,0.007849813212275958,0.007849813212275958,0,0.0,0.0,24614.40063222382,-0.12319757685323052
2022-03-23T04:00:00+00:00,2022-03-24T04:00:00+00:00,2022-03-25T04:00:00+00:00,1,META,META,0.02561816731572275,0.7564619158833787,0.0350399724337407,0.9961613481684681,META,META,NFLX,False,0.9166666666666666,0.9583333333333334,META,META,baseline_temporal,0.5,0.4,0.55,0.2,0.55,1,0.02561816731572275,0.02561816731572275,0,0.0,0.0,25244.976465996362,-0.10073550567422551
2022-03-24T04:00:00+00:00,2022-03-25T04:00:00+00:00,2022-03-28T04:00:00+00:00,1,META,META,0.007365387254677724,0.7206605074483345,0.05187987330555845,0.9638632581551596,META,META,NFLX,False,0.8558074415502013,1.0,META,META,baseline_temporal,0.5,0.4,0.55,0.2,0.55,1,0.007365387254677724,0.007365387254677724,0,0.0,0.0,25430.915493903653,-0.09411207442913416
2022-03-25T04:00:00+00:00,2022-03-28T04:00:00+00:00,2022-03-29T04:00:00+00:00,1,META,META,0.017711171662125436,0.6992523825818867,0.028973281913099728,0.9227980431185927,META,META,NFLX,False,0.8366148831004027,1.0,META,META,baseline_temporal,0.5,0.4,0.55,0.2,0.55,1,0.017711171662125436,0.017711171662125436,0,0.0,0.0,25881.326803741187,-0.07806773787270183
2022-03-28T04:00:00+00:00,2022-03-29T04:00:00+00:00,2022-03-30T04:00:00+00:00,1,NFLX,NFLX,0.013527575442247697,0.6823997894251553,0.05680097312364796,0.8928149384656843,NFLX,NFLX,META,False,0.830051783566264,0.8333333333333333,META,NFLX,baseline_temporal,0.5,0.4,0.55,0.2,0.55,1,0.013527575442247697,0.013527575442247697,2,0.0,0.0,26231.438404624267,-0.06559622964413259
2022-03-29T04:00:00+00:00,2022-03-30T04:00:00+00:00,2022-03-31T04:00:00+00:00,1,NFLX,NFLX,-0.015400410677618104,0.769042885630495,0.03859987750189306,0.94046930422032,NFLX,NFLX,ADI,False,0.9823009577926178,0.5416666666666666,NFLX,NFLX,baseline_temporal,0.5,0.4,0.55,0.2,0.55,1,-0.015400410677618104,-0.015400410677618104,0,0.0,0.0,25827.46348052841,-0.07998643144632767
2022-03-30T04:00:00+00:00,2022-03-31T04:00:00+00:00,2022-04-01T04:00:00+00:00,1,NFLX,NFLX,-0.017726798748696537,0.7560126143094448,0.05386647628420597,0.9201279392234569,NFLX,NFLX,CRM,False,0.9760323755407154,0.8926990422073822,NFLX,NFLX,baseline_temporal,0.5,0.4,0.55,0.2,0.55,1,-0.017726798748696537,-0.017726798748696537,0,0.0,0.0,25369.625233219773,-0.09629532682214881
2022-03-31T04:00:00+00:00,2022-04-01T04:00:00+00:00,2022-04-04T04:00:00+00:00,1,NFLX,NFLX,-0.00849256900212314,0.7569415005137575,0.04481096490561136,0.9291729695390276,NFLX,NFLX,AMD,False,0.9760323755407154,0.9646019155852357,NFLX,NFLX,baseline_temporal,0.5,0.4,0.55,0.2,0.55,1,-0.00849256900212314,-0.00849256900212314,0,0.0,0.0,25154.17194036865,-0.10397010111665272
2022-04-01T04:00:00+00:00,2022-04-04T04:00:00+00:00,2022-04-05T04:00:00+00:00,1,NFLX,NFLX,0.04202355460385432,0.7540652194190764,0.057514672291208914,0.9363089404260142,NFLX,NFLX,AMD,False,0.9583333333333334,0.9292038311704712,NFLX,NFLX,baseline_temporal,0.5,0.4,0.55,0.2,0.55,1,0.04202355460385432,0.04202355460385432,0,0.0,0.0,26211.239658419472,-0.06631573973424243
2022-04-04T04:00:00+00:00,2022-04-05T04:00:00+00:00,2022-04-06T04:00:00+00:00,1,NFLX,NFLX,-0.03878756742871814,0.762970373244156,0.07526665339606614,0.9813740745058483,NFLX,NFLX,AMD,False,0.9166666666666666,1.0,NFLX,NFLX,baseline_temporal,0.5,0.4,0.55,0.2,0.55,1,-0.03878756742871814,-0.03878756742871814,0,0.0,0.0,25194.569432778237,-0.10253108093643326
2022-04-05T04:00:00+00:00,2022-04-06T04:00:00+00:00,2022-04-07T04:00:00+00:00,1,NFLX,NFLX,-0.02458578300374137,0.7498148314331003,0.0956099794411987,0.9235947057947194,NFLX,NFLX,AMD,False,0.933059364759637,1.0,NFLX,NFLX,baseline_temporal,0.5,0.4,0.55,0.2,0.55,1,-0.02458578300374137,-0.02458578300374137,0,0.0,0.0,24575.141215831256,-0.12459605703313237
2022-04-06T04:00:00+00:00,2022-04-07T04:00:00+00:00,2022-04-08T04:00:00+00:00,1,NFLX,NFLX,-0.008219178082191747,0.7723737899319074,0.10055388199279996,0.9150963372894223,NFLX,NFLX,AMD,False,0.9747260314263038,0.8913926980929704,NFLX,NFLX,baseline_temporal,0.5,0.4,0.55,0.2,0.55,1,-0.008219178082191747,-0.008219178082191747,0,0.0,0.0,24373.15375378333,-0.1317911579342299
2022-04-07T04:00:00+00:00,2022-04-08T04:00:00+00:00,2022-04-11T04:00:00+00:00,1,NFLX,NFLX,-0.03314917127071826,0.7607793674742539,0.06725108225747617,0.9471268743369643,NFLX,NFLX,AMD,False,0.9583333333333334,0.9166666666666665,NFLX,NFLX,baseline_temporal,0.5,0.4,0.55,0.2,0.55,1,-0.03314917127071826,-0.03314917127071826,0,0.0,0.0,23565.203905591618,-0.16057156153862007
2022-04-08T04:00:00+00:00,2022-04-11T04:00:00+00:00,2022-04-12T04:00:00+00:00,1,NFLX,NFLX,0.016857142857142904,0.7225318154187701,0.07638344603322045,0.9564361580416724,NFLX,NFLX,AMD,False,0.875,0.75,NFLX,NFLX,baseline_temporal,0.5,0.4,0.55,0.2,0.55,1,0.016857142857142904,0.016857142857142904,0,0.0,0.0,23962.445914285876,-0.14642119643312823
2022-04-11T04:00:00+00:00,2022-04-12T04:00:00+00:00,2022-04-13T04:00:00+00:00,1,AMD,AMD,-0.035229803603968435,0.7262192256540103,0.061703612163284946,0.990063078084874,AMD,AMD,NFLX,False,0.875,0.8333333333333334,NFLX,AMD,baseline_temporal,0.5,0.4,0.55,0.2,0.55,1,-0.035229803603968435,-0.035229803603968435,2,0.0,0.0,23118.25365085487,-0.1764926100432994
2022-04-12T04:00:00+00:00,2022-04-13T04:00:00+00:00,2022-04-14T04:00:00+00:00,1,AMD,AMD,0.032214060860440874,0.7515211249400185,0.056813649262735584,0.9410265038930817,AMD,NFLX,AMD,False,0.9416271030021993,0.9416271030021993,AMD,AMD,baseline_temporal,0.5,0.4,0.55,0.2,0.55,1,0.032214060860440874,0.032214060860440874,0,0.0,0.0,23862.986480950618,-0.14996409286421142
2022-04-13T04:00:00+00:00,2022-04-14T04:00:00+00:00,2022-04-18T04:00:00+00:00,1,NFLX,NFLX,-0.031339031339031376,0.6417889065478446,0.057599810337519305,0.7473288095348775,NFLX,NFLX,AMD,False,0.858491587991203,1.0,AMD,NFLX,baseline_temporal,0.5,0.4,0.55,0.2,0.55,1,-0.031339031339031376,-0.031339031339031376,2,0.0,0.0,23115.143599781222,-0.17660339479724196
2022-04-14T04:00:00+00:00,2022-04-18T04:00:00+00:00,2022-04-19T04:00:00+00:00,1,NFLX,NFLX,-0.020000000000000018,0.6547415324788669,0.057599810337519305,0.8561978263520814,NFLX,NFLX,AMD,False,0.8250791273289347,1.0,NFLX,NFLX,baseline_temporal,0.5,0.4,0.55,0.2,0.55,1,-0.020000000000000018,-0.020000000000000018,0,0.0,0.0,22652.8407277856,-0.19307132690129714
2022-04-18T04:00:00+00:00,2022-04-19T04:00:00+00:00,2022-04-20T04:00:00+00:00,1,AMD,AMD,0.04770573432564107,0.7407047376374397,0.04878956585494082,0.9315909938440835,AMD,AMD,ADI,False,0.9416271030021993,0.5084520243267355,NFLX,AMD,baseline_temporal,0.5,0.4,0.55,0.2,0.55,1,0.04770573432564107,0.04770573432564107,2,0.0,0.0,23733.5111292664,-0.15457620200270827
2022-04-19T04:00:00+00:00,2022-04-20T04:00:00+00:00,2022-04-21T04:00:00+00:00,1,AMD,AMD,-0.027391659852820993,0.7638157868569186,0.034348549174427895,0.923698609138925,AMD,ADI,AMD,False,0.983293769668866,0.983293769668866,AMD,AMD,baseline_temporal,0.5,0.4,0.55,0.2,0.55,1,-0.027391659852820993,-0.027391659852820993,0,0.0,0.0,23083.410865300397,-0.17773376310893008
2022-04-20T04:00:00+00:00,2022-04-21T04:00:00+00:00,2022-04-22T04:00:00+00:00,1,NFLX,NFLX,0.0009090909090909705,0.7031177193937267,0.0,0.9077187140556844,NFLX,NFLX,ADI,False,0.8391079180263825,0.5416666666666666,AMD,NFLX,baseline_temporal,0.5,0.4,0.55,0.2,0.55,1,0.0009090909090909705,0.0009090909090909705,2,0.0,0.0,23104.39578426885,-0.17698624834812005
2022-04-21T04:00:00+00:00,2022-04-22T04:00:00+00:00,2022-04-25T04:00:00+00:00,1,NFLX,NFLX,-0.02906448683015439,0.7345712820764263,0.0,0.9739952864878314,NFLX,NFLX,META,False,0.8749999999999999,0.8692254153069507,NFLX,NFLX,baseline_temporal,0.5,0.4,0.55,0.2,0.55,1,-0.02906448683015439,-0.02906448683015439,0,0.0,0.0,22432.878377278295,-0.20090672069404203
2022-04-22T04:00:00+00:00,2022-04-25T04:00:00+00:00,2022-04-26T04:00:00+00:00,1,NFLX,NFLX,-0.023386342376052416,0.6989842914777682,0.0,0.9571181583685148,NFLX,NFLX,AMD,False,0.8096127076534753,0.9820539590131914,NFLX,NFLX,baseline_temporal,0.5,0.4,0.55,0.2,0.55,1,-0.023386342376052416,-0.023386342376052416,0,0.0,0.0,21908.25540306692,-0.2195945897142937
2022-04-25T04:00:00+00:00,2022-04-26T04:00:00+00:00,2022-04-27T04:00:00+00:00,1,NFLX,NFLX,-0.07088122605363989,0.7419660489527042,0.018853243755767562,0.900442693663474,NFLX,NFLX,AMD,False,0.928838122960426,0.9282158360527651,NFLX,NFLX,baseline_temporal,0.5,0.4,0.55,0.2,0.55,1,-0.07088122605363989,-0.07088122605363989,0,0.0,0.0,20355.371399401258,-0.2749106820142384
2022-04-26T04:00:00+00:00,2022-04-27T04:00:00+00:00,2022-04-28T04:00:00+00:00,1,META,META,0.16332195940084437,0.5466734495448295,0.1303666156329989,0.504299524536583,META,META,NFLX,False,0.6916318661618464,0.7788729234652464,NFLX,META,baseline_temporal,0.5,0.4,0.55,0.2,0.55,1,0.16332195940084437,0.16332195940084437,2,0.0,0.0,23679.85054068338,-0.1564876738601818
2022-04-27T04:00:00+00:00,2022-04-28T04:00:00+00:00,2022-04-29T04:00:00+00:00,1,META,META,0.0076062639821028455,0.6964514485191156,0.07329529505121092,0.9158775047251874,META,AMD,NFLX,False,0.8521919968528779,1.0,META,META,baseline_temporal,0.5,0.4,0.55,0.2,0.55,1,0.0076062639821028455,0.0076062639821028455,0,0.0,0.0,23859.96573495256,-0.15007169643540474
2022-04-28T04:00:00+00:00,2022-04-29T04:00:00+00:00,2022-05-02T04:00:00+00:00,1,META,META,-0.01613380698638256,0.7535392555528014,0.1395189103511216,1.0,META,META,NFLX,False,0.8749999999999999,0.9166666666666665,META,META,baseline_temporal,0.5,0.4,0.55,0.2,0.55,1,-0.01613380698638256,-0.01613380698638256,0,0.0,0.0,23475.013653083133,-0.1637842756373794
2022-04-29T04:00:00+00:00,2022-05-02T04:00:00+00:00,2022-05-03T04:00:00+00:00,1,META,META,0.046186249435835824,0.7382938147387215,0.2062044009192529,0.9082777316186932,META,META,NFLX,False,0.8372826729609104,0.9811413364804554,META,META,baseline_temporal,0.5,0.4,0.55,0.2,0.55,1,0.046186249435835824,0.046186249435835824,0,0.0,0.0,24559.23648917408,-0.12516260760979936
2022-05-02T04:00:00+00:00,2022-05-03T04:00:00+00:00,2022-05-04T04:00:00+00:00,1,META,META,0.000958680855143168,0.68715780468256,0.14321981133131978,0.8827164067291219,META,META,NFLX,False,0.7539493396275772,0.9355253301862114,META,META,baseline_temporal,0.5,0.4,0.55,0.2,0.55,1,0.000958680855143168,0.000958680855143168,0,0.0,0.0,24582.780959013184,-0.12432391775035156
2022-05-03T04:00:00+00:00,2022-05-04T04:00:00+00:00,2022-05-05T04:00:00+00:00,1,META,META,0.038406282923091783,0.5589239306294331,0.15692120884629265,0.7426055167882089,META,META,NFLX,False,0.595181352216065,0.9355253301862114,META,META,baseline_temporal,0.5,0.4,0.55,0.2,0.55,1,0.038406282923091783,0.038406282923091783,0,0.0,0.0,25526.914199561437,-0.09069245438648699
2022-05-04T04:00:00+00:00,2022-05-05T04:00:00+00:00,2022-05-06T04:00:00+00:00,1,META,META,-0.05211215642870326,0.6264714185580327,0.12105638817284893,0.824718322973724,META,META,NFLX,False,0.6719810591834429,0.9583333333333331,META,META,baseline_temporal,0.5,0.4,0.55,0.2,0.55,1,-0.05211215642870326,-0.05211215642870326,0,0.0,0.0,24196.651653651807,-0.13807843144529852
2022-05-05T04:00:00+00:00,2022-05-06T04:00:00+00:00,2022-05-09T04:00:00+00:00,1,AMD,AMD,-0.015634937460250242,0.6673362625598356,0.15643225709490335,0.783763325748267,AMD,AMD,META,False,0.7774763239793039,0.7606287850335526,META,AMD,baseline_temporal,0.5,0.4,0.55,0.2,0.55,1,-0.015634937460250242,-0.015634937460250242,2,0.0,0.0,23818.3385182995,-0.15155452126529212
2022-05-06T04:00:00+00:00,2022-05-09T04:00:00+00:00,2022-05-10T04:00:00+00:00,1,AMD,AMD,-0.039681257739729636,0.6541817820739824,0.15191549072294439,0.8084680169902742,AMD,META,AMD,False,0.735809657312637,0.735809657312637,AMD,AMD,baseline_temporal,0.5,0.4,0.55,0.2,0.55,1,-0.039681257739729636,-0.039681257739729636,0,0.0,0.0,22873.196888622726,-0.1852219049850724
2022-05-09T04:00:00+00:00,2022-05-10T04:00:00+00:00,2022-05-11T04:00:00+00:00,1,META,META,-0.015927592658138257,0.6514700357513252,0.18691801852334824,0.6341334711458303,META,META,AMD,False,0.7827907164960799,0.8333333333333333,AMD,META,baseline_temporal,0.5,0.4,0.55,0.2,0.55,1,-0.015927592658138257,-0.015927592658138257,2,0.0,0.0,22508.881925791346,-0.1981993585892441
2022-05-10T04:00:00+00:00,2022-05-11T04:00:00+00:00,2022-05-12T04:00:00+00:00,1,META,META,-0.047220224026307656,0.6535579182810908,0.20184076595767605,0.7666804715432953,META,META,AMD,False,0.7163049221084978,0.8164857943875823,META,META,baseline_temporal,0.5,0.4,0.55,0.2,0.55,1,-0.047220224026307656,-0.047220224026307656,0,0.0,0.0,21446.00747867377,-0.23606056450109714
2022-05-11T04:00:00+00:00,2022-05-12T04:00:00+00:00,2022-05-13T04:00:00+00:00,1,TSLA,TSLA,0.10339367484058704,0.7412981300190804,0.10903183404839534,0.9749675900603493,TSLA,TSLA,META,False,0.8749999999999999,0.7171708979103436,META,TSLA,baseline_temporal,0.5,0.4,0.55,0.2,0.55,1,0.10339367484058704,0.10339367484058704,2,0.0,0.0,23663.389002552565,-0.157074058909222
2022-05-12T04:00:00+00:00,2022-05-13T04:00:00+00:00,2022-05-16T04:00:00+00:00,1,TSLA,TSLA,-0.008183686925493538,0.7793053572988189,0.09236207271960442,0.9831855682061172,TSLA,META,TSLA,False,0.9583333333333334,0.9583333333333334,TSLA,TSLA,baseline_temporal,0.5,0.4,0.55,0.2,0.55,1,-0.008183686925493538,-0.008183686925493538,0,0.0,0.0,23469.73523535951,-0.16397230091248594
2022-05-13T04:00:00+00:00,2022-05-16T04:00:00+00:00,2022-05-17T04:00:00+00:00,1,META,META,0.02575129268417542,0.7060305955776618,0.21391736317959828,0.8665033422666302,META,META,NFLX,False,0.7734846027064364,0.9184341795820687,TSLA,META,baseline_temporal,0.5,0.4,0.55,0.2,0.55,1,0.02575129268417542,0.02575129268417542,2,0.0,0.0,24074.111256625358,-0.14244350694120556
2022-05-16T04:00:00+00:00,2022-05-17T04:00:00+00:00,2022-05-18T04:00:00+00:00,1,META,META,-0.010481133958874178,0.681707901979761,0.21070225478713533,0.8665203745619846,META,TSLA,NFLX,False,0.7318179360397699,0.876767512915402,META,META,baseline_temporal,0.5,0.4,0.55,0.2,0.55,1,-0.010481133958874178,-0.010481133958874178,0,0.0,0.0,23821.787271603826,-0.15143167142225722
2022-05-17T04:00:00+00:00,2022-05-18T04:00:00+00:00,2022-05-19T04:00:00+00:00,1,NFLX,NFLX,-0.04659882163899309,0.7120243574193169,0.08751423435641704,0.9082948154972277,NFLX,NFLX,META,False,0.8315658204179313,0.6467170897910344,META,NFLX,baseline_temporal,0.5,0.4,0.55,0.2,0.55,1,-0.04659882163899309,-0.04659882163899309,2,0.0,0.0,22711.720055412323,-0.19097395561414987
2022-05-18T04:00:00+00:00,2022-05-19T04:00:00+00:00,2022-05-20T04:00:00+00:00,1,NFLX,NFLX,0.04438202247191003,0.8231456289325757,0.2160391574960617,0.9748330991282022,NFLX,NFLX,TSLA,False,1.0,0.7702500373993026,NFLX,NFLX,baseline_temporal,0.5,0.4,0.55,0.2,0.55,1,0.04438202247191003,0.04438202247191003,0,0.0,0.0,23719.712125287362,-0.1550677435318566
2022-05-19T04:00:00+00:00,2022-05-20T04:00:00+00:00,2022-05-23T04:00:00+00:00,1,TSLA,TSLA,-0.08260504201680674,0.705255128680609,0.151450365973461,0.9499837630007735,TSLA,TSLA,NFLX,False,0.8130832959340308,1.0,NFLX,TSLA,baseline_temporal,0.5,0.4,0.55,0.2,0.55,1,-0.08260504201680674,-0.08260504201680674,2,0.0,0.0,21760.34430855144,-0.22486340807876293
2022-05-20T04:00:00+00:00,2022-05-23T04:00:00+00:00,2022-05-24T04:00:00+00:00,1,TSLA,TSLA,-0.002290006412017931,0.727640218940595,0.11846004359883085,0.9167447356394907,TSLA,NFLX,TSLA,False,0.8738334081319385,0.8738334081319385,TSLA,TSLA,baseline_temporal,0.5,0.4,0.55,0.2,0.55,1,-0.002290006412017931,-0.002290006412017931,0,0.0,0.0,21710.51298055714,-0.22663847584445218
2022-05-23T04:00:00+00:00,2022-05-24T04:00:00+00:00,2022-05-25T04:00:00+00:00,1,NFLX,NFLX,-0.009340659340659196,0.815865366819426,0.22348720847682152,0.9580468673672811,NFLX,NFLX,TSLA,False,1.0,0.9369167040659693,TSLA,NFLX,baseline_temporal,0.5,0.4,0.55,0.2,0.55,1,-0.009340659340659196,-0.009340659340659196,2,0.0,0.0,21507.722474694798,-0.2338621823887621
2022-05-24T04:00:00+00:00,2022-05-25T04:00:00+00:00,2022-05-26T04:00:00+00:00,1,NFLX,NFLX,0.03438713255684944,0.8282090875703223,0.21006135841953089,0.9832386617782463,NFLX,NFLX,TSLA,False,1.0,0.8535833707326361,NFLX,NFLX,baseline_temporal,0.5,0.4,0.55,0.2,0.55,1,0.03438713255684944,0.03438713255684944,0,0.0,0.0,22247.311378428058,-0.2075168996977491
2022-05-25T04:00:00+00:00,2022-05-26T04:00:00+00:00,2022-05-27T04:00:00+00:00,1,META,META,0.04633460201886486,0.6086691426315237,0.11542638934677125,0.7583389075242215,META,META,NFLX,False,0.6689645429210601,1.0,NFLX,META,baseline_temporal,0.5,0.4,0.55,0.2,0.55,1,0.04633460201886486,0.04633460201886486,2,0.0,0.0,23278.131697137287,-0.17079751063856818
2022-05-26T04:00:00+00:00,2022-05-27T04:00:00+00:00,2022-05-31T04:00:00+00:00,1,META,META,0.01845115715114143,0.7984874057761995,0.2674844727330862,0.9416610122769922,META,NFLX,META,False,0.9378829793757323,0.9378829793757323,META,META,baseline_temporal,0.5,0.4,0.55,0.2,0.55,1,0.01845115715114143,0.01845115715114143,0,0.0,0.0,23707.640163266133,-0.15549776519724268
2022-05-27T04:00:00+00:00,2022-05-31T04:00:00+00:00,2022-06-01T04:00:00+00:00,1,NFLX,NFLX,0.012742099898063186,0.8034223140362674,0.1858796222796483,0.9497749384664333,NFLX,NFLX,META,False,1.0,0.9583333333333334,META,NFLX,baseline_temporal,0.5,0.4,0.55,0.2,0.55,1,0.012742099898063186,0.012742099898063186,2,0.0,0.0,24009.725282573803,-0.1447370333572484
2022-05-31T04:00:00+00:00,2022-06-01T04:00:00+00:00,2022-06-02T04:00:00+00:00,1,NFLX,NFLX,-0.03371917463512841,0.7975864599586783,0.16861250416729673,0.9414254243326412,NFLX,META,NFLX,False,1.0,1.0,NFLX,NFLX,baseline_temporal,0.5,0.4,0.55,0.2,0.55,1,-0.03371917463512841,-0.03371917463512841,0,0.0,0.0,23200.13716282924,-0.17357579468843332
2022-06-01T04:00:00+00:00,2022-06-02T04:00:00+00:00,2022-06-03T04:00:00+00:00,1,META,META,0.03993362239708809,0.7051056039361289,0.16211676033950112,0.949902771622279,META,META,TSLA,False,0.7712163127090657,0.8757659587514645,NFLX,META,baseline_temporal,0.5,0.4,0.55,0.2,0.55,1,0.03993362239708809,0.03993362239708809,2,0.0,0.0,24126.60267985031,-0.14057368253370772
2022-06-02T04:00:00+00:00,2022-06-03T04:00:00+00:00,2022-06-06T04:00:00+00:00,1,META,META,-0.010140526071961697,0.7955387045486949,0.21085481595125488,0.9666794309636375,META,META,TSLA,False,0.9372494150156642,0.9176690066040105,META,META,baseline_temporal,0.5,0.4,0.55,0.2,0.55,1,-0.010140526071961697,-0.010140526071961697,0,0.0,0.0,23881.94623634743,-0.14928871751290462
2022-06-03T04:00:00+00:00,2022-06-06T04:00:00+00:00,2022-06-07T04:00:00+00:00,1,META,META,-0.01060842433697362,0.8024998925349995,0.1739717524261629,0.9416630734171528,META,META,TSLA,False,0.9794172516510027,0.9166666666666666,META,META,baseline_temporal,0.5,0.4,0.55,0.2,0.55,1,-0.01060842433697362,-0.01060842433697362,0,0.0,0.0,23628.596416679466,-0.15831342378577884
2022-06-06T04:00:00+00:00,2022-06-07T04:00:00+00:00,2022-06-08T04:00:00+00:00,1,META,META,0.01429622621675608,0.7362336929426128,0.15222845682636518,0.9333421853429963,META,META,NFLX,False,0.8544172516510026,0.9583333333333334,META,META,baseline_temporal,0.5,0.4,0.55,0.2,0.55,1,0.01429622621675608,0.01429622621675608,0,0.0,0.0,23966.396176236747,-0.14628048208861344
2022-06-07T04:00:00+00:00,2022-06-08T04:00:00+00:00,2022-06-09T04:00:00+00:00,1,META,META,-0.002020934811897579,0.7552495157255511,0.16813712722705418,0.9833222345469979,META,META,TSLA,False,0.8749999999999999,0.8755011699686718,META,META,baseline_temporal,0.5,0.4,0.55,0.2,0.55,1,-0.002020934811897579,-0.002020934811897579,0,0.0,0.0,23917.961651888465,-0.14800579358195676
2022-06-08T04:00:00+00:00,2022-06-09T04:00:00+00:00,2022-06-10T04:00:00+00:00,1,META,META,-0.0578430863492394,0.6132263450527202,0.2058822254943529,0.7999026010753457,META,META,TSLA,False,0.6054195915883464,0.8127505849843359,META,META,baseline_temporal,0.5,0.4,0.55,0.2,0.55,1,-0.0578430863492394,-0.0578430863492394,0,0.0,0.0,22534.472930760483,-0.19728776803284742
2022-06-09T04:00:00+00:00,2022-06-10T04:00:00+00:00,2022-06-13T04:00:00+00:00,1,META,META,-0.0680628272251309,0.7249717518110806,0.10898636007882456,0.966647881701969,META,META,TSLA,False,0.8333333333333336,0.7293302509934503,META,META,baseline_temporal,0.5,0.4,0.55,0.2,0.55,1,-0.0680628272251309,-0.0680628272251309,0,0.0,0.0,21000.712993064742,-0.2519226319887269
2022-06-10T04:00:00+00:00,2022-06-13T04:00:00+00:00,2022-06-14T04:00:00+00:00,1,META,META,-0.02672974571259601,0.6700025804080292,0.13771580065068362,0.9666583348041475,META,NFLX,META,False,0.7293302509934503,0.7293302509934503,META,META,baseline_temporal,0.5,0.4,0.55,0.2,0.55,1,-0.02672974571259601,-0.02672974571259601,0,0.0,0.0,20439.36927497691,-0.2719185498090164
2022-06-13T04:00:00+00:00,2022-06-14T04:00:00+00:00,2022-06-15T04:00:00+00:00,1,META,META,0.007048244015068539,0.7783177193692942,0.20529990505034423,0.8667004055737877,META,META,NFLX,False,0.9379907529803511,0.8326789960261989,META,META,baseline_temporal,0.5,0.4,0.55,0.2,0.55,1,0.007048244015068539,0.007048244015068539,0,0.0,0.0,20583.43093714104,-0.2667868540852254
2022-06-14T04:00:00+00:00,2022-06-15T04:00:00+00:00,2022-06-16T04:00:00+00:00,1,META,META,-0.020815735489320697,0.7235718076213247,0.18367476534669136,0.9749575830421795,META,META,NFLX,False,0.7916666666666667,0.8746728313464329,META,META,baseline_temporal,0.5,0.4,0.55,0.2,0.55,1,-0.020815735489320697,-0.020815735489320697,0,0.0,0.0,20154.971683290816,-0.2820492249878799
2022-06-15T04:00:00+00:00,2022-06-16T04:00:00+00:00,2022-06-17T04:00:00+00:00,1,NFLX,NFLX,-0.0022988505747125743,0.8224391878381548,0.14246479418908262,1.0,NFLX,NFLX,META,False,1.0,0.8123364156732166,META,NFLX,baseline_temporal,0.5,0.4,0.55,0.2,0.55,1,-0.0022988505747125743,-0.0022988505747125743,2,0.0,0.0,20108.638415053367,-0.28369968653963185
2022-06-16T04:00:00+00:00,2022-06-17T04:00:00+00:00,2022-06-21T04:00:00+00:00,1,NFLX,NFLX,0.023041474654378113,0.8012270345464415,0.22348368200484028,0.9249195087584128,NFLX,NFLX,META,False,1.0,0.8961532215839847,NFLX,NFLX,baseline_temporal,0.5,0.4,0.55,0.2,0.55,1,0.023041474654378113,0.023041474654378113,0,0.0,0.0,20571.97109742787,-0.2671950710221118
2022-06-17T04:00:00+00:00,2022-06-21T04:00:00+00:00,2022-06-22T04:00:00+00:00,1,META,META,-0.04553468295945051,0.7332714875130344,0.22137983454701202,0.9416543883839343,META,META,NFLX,False,0.8126066294168838,1.0,NFLX,META,baseline_temporal,0.5,0.4,0.55,0.2,0.55,1,-0.04553468295945051,-0.04553468295945051,2,0.0,0.0,19635.232915655517,-0.3005631111342425
2022-06-21T04:00:00+00:00,2022-06-22T04:00:00+00:00,2022-06-23T04:00:00+00:00,1,META,META,-0.0133121019108281,0.6636149271643519,0.11203192752219684,0.9166823289233508,META,META,CRM,False,0.7502132588337677,0.8333333333333334,META,META,baseline_temporal,0.5,0.4,0.55,0.2,0.55,1,-0.0133121019108281,-0.0133121019108281,0,0.0,0.0,19373.84669403946,-0.30987408627901614
2022-06-22T04:00:00+00:00,2022-06-23T04:00:00+00:00,2022-06-24T04:00:00+00:00,1,META,META,0.034923503970047065,0.6427895474542968,0.10188354012736525,0.8750232029638155,META,META,NFLX,False,0.7288467784160152,0.8961532215839847,META,META,baseline_temporal,0.5,0.4,0.55,0.2,0.55,1,0.034923503970047065,0.034923503970047065,0,0.0,0.0,20050.449305973834,-0.28577247119134885
2022-06-23T04:00:00+00:00,2022-06-24T04:00:00+00:00,2022-06-27T04:00:00+00:00,1,META,META,0.05844560878243521,0.5892009759249741,0.08293263828900001,0.9583012650611342,META,META,NFLX,False,0.5833333333333331,0.9376066294168837,META,META,baseline_temporal,0.5,0.4,0.55,0.2,0.55,1,0.05844560878243521,0.05844560878243521,0,0.0,0.0,21222.31002202283,-0.244029008460953
2022-06-24T04:00:00+00:00,2022-06-27T04:00:00+00:00,2022-06-28T04:00:00+00:00,1,META,META,-0.007484235959691277,0.704272264083192,0.12864833609816292,0.8583292994942118,META,META,NFLX,False,0.8127083088803577,0.9583333333333334,META,META,baseline_temporal,0.5,0.4,0.55,0.2,0.55,1,-0.007484235959691277,-0.007484235959691277,0,0.0,0.0,21063.47724620829,-0.24968687374031295
2022-06-27T04:00:00+00:00,2022-06-28T04:00:00+00:00,2022-06-29T04:00:00+00:00,1,META,META,-0.037228357677235424,0.6315528355690861,0.14108008585295195,0.8749985670001986,META,META,NFLX,False,0.7084722059202384,0.8959027696267858,META,META,baseline_temporal,0.5,0.4,0.55,0.2,0.55,1,-0.037228357677235424,-0.037228357677235424,0,0.0,0.0,20279.31858136014,-0.2776197991746332
2022-06-28T04:00:00+00:00,2022-06-29T04:00:00+00:00,2022-06-30T04:00:00+00:00,1,META,META,-0.008695652173912993,0.6449600710239032,0.1254692787509252,0.8416201349967969,META,META,NFLX,False,0.7915277940797616,0.9584722059202384,META,META,baseline_temporal,0.5,0.4,0.55,0.2,0.55,1,-0.008695652173912993,-0.008695652173912993,0,0.0,0.0,20102.97668065266,-0.28390136613833206
2022-06-29T04:00:00+00:00,2022-06-30T04:00:00+00:00,2022-07-01T04:00:00+00:00,1,META,META,-0.0113848450914521,0.581263202826236,0.16028397375051381,0.7749585187377035,META,META,NFLX,False,0.6877083088803577,1.0,META,META,baseline_temporal,0.5,0.4,0.55,0.2,0.55,1,-0.0113848450914521,-0.0113848450914521,0,0.0,0.0,19874.107405266357,-0.2920540381550476
2022-06-30T04:00:00+00:00,2022-07-01T04:00:00+00:00,2022-07-05T04:00:00+00:00,1,META,META,-0.0135296708828897,0.7134919312806646,0.15685651565835873,0.8833202108583328,META,META,NFLX,False,0.8333333333333334,0.9375694362934526,META,META,baseline_temporal,0.5,0.4,0.55,0.2,0.55,1,-0.0135296708828897,-0.0135296708828897,0,0.0,0.0,19605.217272981903,-0.30163231402168056
2022-07-01T04:00:00+00:00,2022-07-05T04:00:00+00:00,2022-07-06T04:00:00+00:00,1,META,META,0.06366420005103346,0.6539436554195213,0.09957843275020184,0.891629473203662,META,META,CRM,False,0.7916666666666666,0.9166666666666666,META,META,baseline_temporal,0.5,0.4,0.55,0.2,0.55,1,0.06366420005103346,0.06366420005103346,0,0.0,0.0,20853.367747493,-0.2571712939523795
2022-07-05T04:00:00+00:00,2022-07-06T04:00:00+00:00,2022-07-07T04:00:00+00:00,1,META,META,0.007376754228139548,0.7649455067671923,0.18412361795237142,0.9416665441398875,META,META,NFLX,False,0.8957881458493534,0.7916666666666666,META,META,baseline_temporal,0.5,0.4,0.55,0.2,0.55,1,0.007376754228139548,0.007376754228139548,0,0.0,0.0,21007.19791619527,-0.25169162915425924
2022-07-06T04:00:00+00:00,2022-07-07T04:00:00+00:00,2022-07-08T04:00:00+00:00,1,META,META,0.003155325355718386,0.7314060531643152,0.19006074592328337,0.9666449579616847,META,META,NFLX,False,0.7916666666666666,0.9375451874839802,META,META,baseline_temporal,0.5,0.4,0.55,0.2,0.55,1,0.003155325355718386,0.003155325355718386,0,0.0,0.0,21073.482460432835,-0.24933047277783338
2022-07-07T04:00:00+00:00,2022-07-08T04:00:00+00:00,2022-07-11T04:00:00+00:00,1,META,META,-0.017151335311572646,0.6528695323582803,0.16156697124763197,0.8999746075190744,META,META,NFLX,False,0.6665762916987067,0.7707881458493534,META,META,baseline_temporal,0.5,0.4,0.55,0.2,0.55,1,-0.017151335311572646,-0.017151335311572646,0,0.0,0.0,20712.044096571404,-0.26220545754740054
2022-07-08T04:00:00+00:00,2022-07-11T04:00:00+00:00,2022-07-12T04:00:00+00:00,1,META,META,-0.013525753275768437,0.7349305052676419,0.1857101446485633,0.8416742828345855,META,META,NFLX,False,0.8748192500640798,0.8334237083012933,META,META,baseline_temporal,0.5,0.4,0.55,0.2,0.55,1,-0.013525753275768437,-0.013525753275768437,0,0.0,0.0,20431.898098284346,-0.27218468449682276
2022-07-11T04:00:00+00:00,2022-07-12T04:00:00+00:00,2022-07-13T04:00:00+00:00,1,META,META,-0.028156944359429503,0.668639465471738,0.15523380987572374,0.833326671596901,META,META,NFLX,False,0.8124118159618716,0.8958039386539571,META,META,baseline_temporal,0.5,0.4,0.55,0.2,0.55,1,-0.028156944359429503,-0.028156944359429503,0,0.0,0.0,19856.59828037342,-0.2926777398393864
2022-07-12T04:00:00+00:00,2022-07-13T04:00:00+00:00,2022-07-14T04:00:00+00:00,1,META,META,0.006613340051646821,0.7575616188105417,0.17764733474468772,0.8499743905174832,META,META,NFLX,False,0.9791960613460429,0.9166666666666666,META,META,baseline_temporal,0.5,0.4,0.55,0.2,0.55,1,0.006613340051646821,0.006613340051646821,0,0.0,0.0,19987.91671707047,-0.287999977206845
2022-07-13T04:00:00+00:00,2022-07-14T04:00:00+00:00,2022-07-15T04:00:00+00:00,1,META,META,-0.004254786634964369,0.7627999759810603,0.17764733474468772,0.8666300231524009,META,META,NFLX,False,1.0,0.9583333333333335,META,META,baseline_temporal,0.5,0.4,0.55,0.2,0.55,1,-0.004254786634964369,-0.004254786634964369,0,0.0,0.0,19902.8723961619,-0.29102938538791956
2022-07-14T04:00:00+00:00,2022-07-15T04:00:00+00:00,2022-07-18T04:00:00+00:00,1,META,META,0.038708055799924646,0.6872862373644342,0.1849950587929806,0.8583219736267436,META,META,NFLX,False,0.8124706053206239,0.9374706053206239,META,META,baseline_temporal,0.5,0.4,0.55,0.2,0.55,1,0.038708055799924646,0.038708055799924646,0,0.0,0.0,20673.273891451317,-0.26358651127700816
2022-07-15T04:00:00+00:00,2022-07-18T04:00:00+00:00,2022-07-19T04:00:00+00:00,1,META,META,0.0217180883242587,0.6838329426739409,0.17113913713095955,0.816642562589649,META,META,NFLX,False,0.8749412106412476,0.8749999999999999,META,META,baseline_temporal,0.5,0.4,0.55,0.2,0.55,1,0.0217180883242587,0.0217180883242587,0,0.0,0.0,21122.257879777448,-0.24759301808574674
2022-07-18T04:00:00+00:00,2022-07-19T04:00:00+00:00,2022-07-20T04:00:00+00:00,1,META,META,0.04174314642666821,0.7563631076000117,0.15259869527623499,0.9000016723281508,META,META,NFLX,False,0.9166284342802602,0.9375573485796096,META,META,baseline_temporal,0.5,0.4,0.55,0.2,0.55,1,0.04174314642666821,0.04174314642666821,0,0.0,0.0,22003.967383314844,-0.21618518326725256
2022-07-19T04:00:00+00:00,2022-07-20T04:00:00+00:00,2022-07-21T04:00:00+00:00,1,META,META,0.017733318176651247,0.5575735051889006,0.14947530206960277,0.5250185592877872,META,META,ADI,False,0.6877485105116418,0.18755734857960965,META,META,baseline_temporal,0.5,0.4,0.55,0.2,0.55,1,0.017733318176651247,0.017733318176651247,0,0.0,0.0,22394.17073807182,-0.20228554573055724
2022-07-20T04:00:00+00:00,2022-07-21T04:00:00+00:00,2022-07-22T04:00:00+00:00,1,META,META,-0.04188540154138276,0.7860808409978812,0.17842085187461265,0.8999958518379236,META,META,ADI,False,0.97918578285987,0.22926224763268274,META,META,baseline_temporal,0.5,0.4,0.55,0.2,0.55,1,-0.04188540154138276,-0.04188540154138276,0,0.0,0.0,21456.1819045214,-0.23569813596299782
2022-07-21T04:00:00+00:00,2022-07-22T04:00:00+00:00,2022-07-25T04:00:00+00:00,1,XOM,XOM,0.006923579359895404,0.6163196519915586,0.3739557491290918,0.7666531992270786,XOM,XOM,GOOGL,False,0.7290710857006506,0.8540710857006507,META,XOM,baseline_temporal,0.5,0.4,0.55,0.2,0.55,1,0.006923579359895404,0.006923579359895404,2,0.0,0.0,21604.735482697706,-0.23040643135242167
2022-07-22T04:00:00+00:00,2022-07-25T04:00:00+00:00,2022-07-26T04:00:00+00:00,2,XOM,XOM,0.03373118837571365,0.6607828483798256,0.4084189923372067,0.6666658971525208,XOM,XOM,META,False,0.8123661866475776,0.9167048990530732,CASH,XOM,baseline_temporal,0.5,0.4,0.55,0.2,0.55,1,0.03373118837571365,0.03373118837571365,1,0.0,0.0,22333.488885072045,-0.2044471257156325
2022-07-25T04:00:00+00:00,2022-07-26T04:00:00+00:00,2022-07-27T04:00:00+00:00,2,XOM,XOM,-0.009287148594377626,0.6299052567931286,0.3735860105178968,0.9416649204233257,XOM,XOM,META,False,0.625,0.896249712497953,XOM,XOM,baseline_temporal,0.5,0.4,0.55,0.2,0.55,1,-0.009287148594377626,-0.009287148594377626,0,0.0,0.0,22126.0744551655,-0.21183554347379563
2022-07-26T04:00:00+00:00,2022-07-27T04:00:00+00:00,2022-07-28T04:00:00+00:00,2,META,META,-0.009368989265992389,0.6985019410096429,0.09074455608253236,0.8749831712667295,META,META,XOM,False,0.9787502875020468,0.625,XOM,META,baseline_temporal,0.5,0.4,0.55,0.2,0.55,1,-0.009368989265992389,-0.009368989265992389,2,0.0,0.0,21918.775501096505,-0.21921984780682646
2022-07-27T04:00:00+00:00,2022-07-28T04:00:00+00:00,2022-07-29T04:00:00+00:00,2,META,META,-0.02091945383940874,0.7219281211690332,0.1453170320858537,0.9416456843146944,META,META,XOM,False,1.0,0.497501725012281,META,META,baseline_temporal,0.5,0.4,0.55,0.2,0.55,1,-0.02091945383940874,-0.02091945383940874,0,0.0,0.0,21460.246688784955,-0.23555334215935808
2022-07-28T04:00:00+00:00,2022-07-29T04:00:00+00:00,2022-08-01T04:00:00+00:00,2,META,META,-0.002814738996929411,0.7101410034298858,0.054141153383762304,0.9416477021336633,META,META,XOM,False,1.0,0.45583505834561433,META,META,baseline_temporal,0.5,0.4,0.55,0.2,0.55,1,-0.002814738996929411,-0.002814738996929411,0,0.0,0.0,21399.841695546304,-0.23770505997825453
2022-07-29T04:00:00+00:00,2022-08-01T04:00:00+00:00,2022-08-02T04:00:00+00:00,2,META,META,0.006735950731331819,0.6776762492651611,0.0191178545900886,0.9333131902386826,META,META,XOM,False,0.9787502875020468,0.35375028750204685,META,META,baseline_temporal,0.5,0.4,0.55,0.2,0.55,1,0.006735950731331819,0.006735950731331819,0,0.0,0.0,21543.989974865806,-0.2325702788195244
2022-08-01T04:00:00+00:00,2022-08-02T04:00:00+00:00,2022-08-03T04:00:00+00:00,2,META,META,0.02765564264321685,0.7069964025686569,0.05522072506858907,0.9749866031258456,META,META,XOM,False,1.0,0.5804694910506356,META,META,baseline_temporal,0.5,0.4,0.55,0.2,0.55,1,0.02765564264321685,0.02765564264321685,0,0.0,0.0,22139.80286271974,-0.21134651669677385
2022-08-02T04:00:00+00:00,2022-08-03T04:00:00+00:00,2022-08-04T04:00:00+00:00,2,META,META,0.034476344019346516,0.6907373454427075,0.03512707940375194,0.9416559864378728,META,META,XOM,False,0.9583333333333335,0.5582042365759533,META,META,baseline_temporal,0.5,0.4,0.55,0.2,0.55,1,0.034476344019346516,0.034476344019346516,0,0.0,0.0,22903.10232273538,-0.18415662789435572
2022-08-03T04:00:00+00:00,2022-08-04T04:00:00+00:00,2022-08-05T04:00:00+00:00,2,META,META,-0.007732422226218394,0.6737441991660522,0.020238765219119277,0.9416530539764,META,META,XOM,False,0.9777347455253178,0.72487090324262,META,META,baseline_temporal,0.5,0.4,0.55,0.2,0.55,1,-0.007732422226218394,-0.007732422226218394,0,0.0,0.0,22726.005865285708,-0.19046507331793827
2022-08-04T04:00:00+00:00,2022-08-05T04:00:00+00:00,2022-08-08T04:00:00+00:00,2,META,META,0.006040836051709464,0.5888102188430706,0.10462753929476272,0.8583231407143743,META,META,XOM,False,0.8082042365759532,0.8944014121919843,META,META,baseline_temporal,0.5,0.4,0.55,0.2,0.55,1,0.006040836051709464,0.006040836051709464,0,0.0,0.0,22863.289940828086,-0.18557480554771932
2022-08-05T04:00:00+00:00,2022-08-08T04:00:00+00:00,2022-08-09T04:00:00+00:00,2,META,META,0.005644289660141633,0.6802425073599387,0.06835588882462203,0.8666578387927308,META,META,XOM,False,0.9554694910506355,0.8527347455253178,META,META,baseline_temporal,0.5,0.4,0.55,0.2,0.55,1,0.005644289660141633,0.005644289660141633,0,0.0,0.0,22992.33697183792,-0.1809779538437135
2022-08-08T04:00:00+00:00,2022-08-09T04:00:00+00:00,2022-08-10T04:00:00+00:00,2,META,META,0.041676618103654306,0.6055509707822945,0.0890103988214825,0.9083289427181949,META,XOM,META,False,0.770771042612031,0.770771042612031,META,META,baseline_temporal,0.5,0.4,0.55,0.2,0.55,1,0.041676618103654306,0.041676618103654306,0,0.0,0.0,23950.57981912374,-0.14684388480758448
2022-08-09T04:00:00+00:00,2022-08-10T04:00:00+00:00,2022-08-11T04:00:00+00:00,2,META,META,0.02115098016737349,0.5914856605062545,0.1168375628265541,0.9166593935394578,META,META,XOM,False,0.7915420852240617,0.6666666666666667,META,META,baseline_temporal,0.5,0.4,0.55,0.2,0.55,1,0.02115098016737349,0.02115098016737349,0,0.0,0.0,24457.15805787512,-0.12879879673547645
2022-08-10T04:00:00+00:00,2022-08-11T04:00:00+00:00,2022-08-12T04:00:00+00:00,2,META,META,0.006118439517260654,0.609803810080665,0.08300670906661625,0.9249962149724712,META,META,XOM,False,0.7500000000000001,0.6874377092786975,META,META,baseline_temporal,0.5,0.4,0.55,0.2,0.55,1,0.006118439517260654,0.006118439517260654,0,0.0,0.0,24606.797700216317,-0.12346840486593758
2022-08-11T04:00:00+00:00,2022-08-12T04:00:00+00:00,2022-08-15T04:00:00+00:00,2,META,META,-0.010265565721937042,0.5767065512994834,0.11009930026760065,0.9083274172147634,META,META,XOM,False,0.7292289573879692,0.5210202054972408,META,META,baseline_temporal,0.5,0.4,0.55,0.2,0.55,1,-0.010265565721937042,-0.010265565721937042,0,0.0,0.0,24354.195001218337,-0.13246649756314055
2022-08-12T04:00:00+00:00,2022-08-15T04:00:00+00:00,2022-08-16T04:00:00+00:00,2,META,META,0.0027057497181510737,0.597320784215397,0.1156252710025115,0.9666596458946425,META,META,GOOGL,False,0.7500000000000001,0.4378114536065125,META,META,baseline_temporal,0.5,0.4,0.55,0.2,0.55,1,0.0027057497181510737,0.0027057497181510737,0,0.0,0.0,24420.091357478683,-0.13011916903343534
2022-08-15T04:00:00+00:00,2022-08-16T04:00:00+00:00,2022-08-17T04:00:00+00:00,2,XOM,XOM,-0.008246153846153903,0.6371497414701667,0.2719798266278996,0.9000000990047166,GOOGL,GOOGL,XOM,True,0.2709585167309669,0.6874582722007888,META,XOM,baseline_temporal,0.5,0.4,0.55,0.2,0.55,1,-0.008246153846153903,-0.008246153846153903,2,0.0,0.0,24218.719527207777,-0.13729234019340597
2022-08-16T04:00:00+00:00,2022-08-17T04:00:00+00:00,2022-08-18T04:00:00+00:00,2,XOM,XOM,0.020600645321419586,0.6425888185317357,0.29361010055011066,0.8583321307796241,GOOGL,GOOGL,XOM,True,0.4793753056627226,0.7707081499356998,XOM,XOM,baseline_temporal,0.5,0.4,0.55,0.2,0.55,1,0.020600645321419586,0.020600645321419586,0,0.0,0.0,24717.64077832672,-0.11952000567765853
2022-08-17T04:00:00+00:00,2022-08-18T04:00:00+00:00,2022-08-19T04:00:00+00:00,2,GOOGL,GOOGL,-0.0031255279608041198,0.5994688990215328,0.5184425115666998,0.9916652830156807,GOOGL,GOOGL,XOM,False,0.5416666666666666,0.6873748166023663,XOM,GOOGL,baseline_temporal,0.5,0.4,0.55,0.2,0.55,1,-0.0031255279608041198,-0.0031255279608041198,2,0.0,0.0,24640.385100948948,-0.12227197051884164
2022-08-18T04:00:00+00:00,2022-08-19T04:00:00+00:00,2022-08-22T04:00:00+00:00,2,JPM,JPM,-0.032060650347095376,0.5623467025302894,0.5389142271201864,0.9499978879225477,JPM,JPM,GOOGL,False,0.39579160553412207,0.5624582722007888,GOOGL,JPM,baseline_temporal,0.5,0.4,0.55,0.2,0.55,1,-0.032060650347095376,-0.032060650347095376,2,0.0,0.0,23850.398329809646,-0.15041250197188205
2022-08-19T04:00:00+00:00,2022-08-22T04:00:00+00:00,2022-08-23T04:00:00+00:00,2,JPM,JPM,-0.0005661979805605677,0.5929375198117499,0.5162804199242611,0.9333329861609869,JPM,GOOGL,XOM,False,0.5000834555984224,0.5,JPM,JPM,baseline_temporal,0.5,0.4,0.55,0.2,0.55,1,-0.0005661979805605677,-0.0005661979805605677,0,0.0,0.0,23836.89428243974,-0.1508935366975751
2022-08-22T04:00:00+00:00,2022-08-23T04:00:00+00:00,2022-08-24T04:00:00+00:00,2,NFLX,NFLX,-0.0035320088300220265,0.662642549256481,0.11951204096186632,0.94999542068533,NFLX,NFLX,XOM,False,0.937527673435439,0.35413899323122766,JPM,NFLX,baseline_temporal,0.5,0.4,0.55,0.2,0.55,1,-0.0035320088300220265,-0.0035320088300220265,2,0.0,0.0,23752.70216135386,-0.1538925882235882
2022-08-23T04:00:00+00:00,2022-08-24T04:00:00+00:00,2022-08-25T04:00:00+00:00,2,NFLX,NFLX,0.01993797075764281,0.638545595298314,0.10613776491524049,0.9249955291067874,NFLX,XOM,NFLX,False,0.9166113197957887,0.9166113197957887,NFLX,NFLX,baseline_temporal,0.5,0.4,0.55,0.2,0.55,1,0.01993797075764281,0.01993797075764281,0,0.0,0.0,24226.282842461933,-0.13702292338976518
2022-08-24T04:00:00+00:00,2022-08-25T04:00:00+00:00,2022-08-26T04:00:00+00:00,2,NFLX,NFLX,0.01476976542137276,0.6084210746968303,0.06107249429119865,0.9166623809566359,NFLX,XOM,NFLX,False,0.8749446531291221,0.8749446531291221,NFLX,NFLX,baseline_temporal,0.5,0.4,0.55,0.2,0.55,1,0.01476976542137276,0.01476976542137276,0,0.0,0.0,24584.099357076924,-0.12427695440420994
2022-08-25T04:00:00+00:00,2022-08-26T04:00:00+00:00,2022-08-29T04:00:00+00:00,2,NFLX,NFLX,-0.05008561643835607,0.6711136079709349,0.1143105410032307,0.9916614711100747,NFLX,NFLX,AMZN,False,0.9583333333333334,0.8332779864624552,NFLX,NFLX,baseline_temporal,0.5,0.4,0.55,0.2,0.55,1,-0.05008561643835607,-0.05008561643835607,0,0.0,0.0,23352.789586195933,-0.16813808297214972
2022-08-26T04:00:00+00:00,2022-08-29T04:00:00+00:00,2022-08-30T04:00:00+00:00,2,NFLX,NFLX,0.02163136547994604,0.6237829087437725,0.09380818175496237,0.8916627612109272,NFLX,NFLX,MSFT,False,0.8957503130270164,0.47913899323122766,NFLX,NFLX,baseline_temporal,0.5,0.4,0.55,0.2,0.55,1,0.02163136547994604,0.02163136547994604,0,0.0,0.0,23857.942312711217,-0.1501437738160717
2022-08-29T04:00:00+00:00,2022-08-30T04:00:00+00:00,2022-08-31T04:00:00+00:00,2,NFLX,NFLX,0.0013233348037051673,0.6206749684238606,0.10184383763583071,0.9833306105565804,NFLX,NFLX,COST,False,0.8333333333333335,0.125,NFLX,NFLX,baseline_temporal,0.5,0.4,0.55,0.2,0.55,1,0.0013233348037051673,0.0013233348037051673,0,0.0,0.0,23889.514358118417,-0.14901912949381702
2022-08-30T04:00:00+00:00,2022-08-31T04:00:00+00:00,2022-09-01T04:00:00+00:00,2,NFLX,NFLX,-0.027753303964757614,0.596030095578755,0.11071152437875716,0.9166647013276114,NFLX,NFLX,XOM,False,0.7892677267625203,0.4214645464749595,NFLX,NFLX,baseline_temporal,0.5,0.4,0.55,0.2,0.55,1,-0.027753303964757614,-0.027753303964757614,0,0.0,0.0,23226.501404567116,-0.17263666026116908
2022-08-31T04:00:00+00:00,2022-09-01T04:00:00+00:00,2022-09-02T04:00:00+00:00,2,NFLX,NFLX,0.046669687358405154,0.6485593314285513,0.11463239626283585,0.991663991210245,NFLX,NFLX,TSLA,False,0.875,0.6863005300479267,NFLX,NFLX,baseline_temporal,0.5,0.4,0.55,0.2,0.55,1,0.046669687358405154,0.046669687358405154,0,0.0,0.0,24310.474963547822,-0.13402387186375186
2022-09-01T04:00:00+00:00,2022-09-02T04:00:00+00:00,2022-09-06T04:00:00+00:00,2,NFLX,NFLX,-0.023376623376623495,0.637300768387162,0.14647446711605044,0.899997587610504,NFLX,NFLX,COST,False,0.8922349234771136,0.1053661366187399,NFLX,NFLX,baseline_temporal,0.5,0.4,0.55,0.2,0.55,1,-0.023376623376623495,-0.023376623376623495,0,0.0,0.0,23742.178146218128,-0.15426746966433968
2022-09-02T04:00:00+00:00,2022-09-06T04:00:00+00:00,2022-09-07T04:00:00+00:00,2,NFLX,NFLX,-0.02393617021276595,0.6457368067804484,0.1264640458193154,0.9499972013544072,NFLX,META,NFLX,False,0.89463386338126,0.89463386338126,NFLX,NFLX,baseline_temporal,0.5,0.4,0.55,0.2,0.55,1,-0.02393617021276595,-0.02393617021276595,0,0.0,0.0,23173.88132888844,-0.17451106746492717
2022-09-06T04:00:00+00:00,2022-09-07T04:00:00+00:00,2022-09-08T04:00:00+00:00,2,NFLX,NFLX,0.01816530426884655,0.6540719076995918,0.09324542902432131,0.8749984519237073,NFLX,NFLX,AMD,False,0.9414157548463458,0.7916666666666666,NFLX,NFLX,baseline_temporal,0.5,0.4,0.55,0.2,0.55,1,0.01816530426884655,0.01816530426884655,0,0.0,0.0,23594.84193431784,-0.15951580983486235
2022-09-07T04:00:00+00:00,2022-09-08T04:00:00+00:00,2022-09-09T04:00:00+00:00,2,AMD,AMD,0.04998125702861422,0.6053326501176708,0.057490449073109164,0.9416648655450319,AMD,AMD,NFLX,False,0.8554719182821153,0.9388052516154486,NFLX,AMD,baseline_temporal,0.5,0.4,0.55,0.2,0.55,1,0.04998125702861422,0.04998125702861422,2,0.0,0.0,24774.141793586507,-0.11750735349773189
2022-09-08T04:00:00+00:00,2022-09-09T04:00:00+00:00,2022-09-12T04:00:00+00:00,2,AMD,AMD,0.010234440080923557,0.6499827950324902,0.06110025032423028,0.9083320460573117,AMD,AMZN,COST,False,0.9192771698975638,0.25,AMD,AMD,baseline_temporal,0.5,0.4,0.55,0.2,0.55,1,0.010234440080923557,0.010234440080923557,0,0.0,0.0,25027.69126332927,-0.10847553538524879
2022-09-09T04:00:00+00:00,2022-09-12T04:00:00+00:00,2022-09-13T04:00:00+00:00,2,AMZN,AMZN,-0.02300607778067798,0.6076837821627751,0.2598237979915754,0.9916650210044855,AMZN,AMZN,AAPL,False,0.75,0.3971385849487819,AMD,AMZN,baseline_temporal,0.5,0.4,0.55,0.2,0.55,1,-0.02300607778067798,-0.02300607778067798,2,0.0,0.0,24451.90225145432,-0.12898601656155306
2022-09-12T04:00:00+00:00,2022-09-13T04:00:00+00:00,2022-09-14T04:00:00+00:00,2,AMZN,AMZN,-0.027829936646057485,0.5952809769804782,0.28457277879059906,0.9499985728853548,AMZN,ADM,TSLA,False,0.7304719182821153,0.8138052516154485,AMZN,AMZN,baseline_temporal,0.5,0.4,0.55,0.2,0.55,1,-0.027829936646057485,-0.027829936646057485,0,0.0,0.0,23771.40736092076,-0.1532262805384752
2022-09-13T04:00:00+00:00,2022-09-14T04:00:00+00:00,2022-09-15T04:00:00+00:00,2,NFLX,NFLX,0.04868061874431295,0.6179148141275199,0.125,0.8916656561500931,NFLX,NFLX,TSLA,False,0.8560103280187774,0.9583333333333335,AMZN,NFLX,baseline_temporal,0.5,0.4,0.55,0.2,0.55,1,0.04868061874431295,0.04868061874431295,2,0.0,0.0,24928.614179673496,-0.11200481193866485
2022-09-14T04:00:00+00:00,2022-09-15T04:00:00+00:00,2022-09-16T04:00:00+00:00,2,NFLX,NFLX,0.0030368763557484524,0.6748539057190999,0.125,0.9583321742173634,NFLX,TSLA,AMZN,False,0.9368854462159631,0.8094272310798154,NFLX,NFLX,baseline_temporal,0.5,0.4,0.55,0.2,0.55,1,0.0030368763557484524,0.0030368763557484524,0,0.0,0.0,25004.319298657323,-0.10930808034802297
2022-09-15T04:00:00+00:00,2022-09-16T04:00:00+00:00,2022-09-19T04:00:00+00:00,2,TSLA,TSLA,0.001618798084144002,0.5693548207791406,0.29751901213606374,0.6999993439312127,TSLA,TSLA,AMZN,False,0.8180309840563323,0.8333333333333334,NFLX,TSLA,baseline_temporal,0.5,0.4,0.55,0.2,0.55,1,0.001618798084144002,0.001618798084144002,2,0.0,0.0,25044.796242833316,-0.10786622997492779
2022-09-16T04:00:00+00:00,2022-09-19T04:00:00+00:00,2022-09-20T04:00:00+00:00,2,TSLA,TSLA,0.022726515378719947,0.614690069611605,0.2848671123807587,0.9583323586760242,TSLA,TSLA,META,False,0.7714478871173702,0.9166666666666667,TSLA,TSLA,baseline_temporal,0.5,0.4,0.55,0.2,0.55,1,0.022726515378719947,0.022726515378719947,0,0.0,0.0,25613.977189802976,-0.0875911381305775
2022-09-19T04:00:00+00:00,2022-09-20T04:00:00+00:00,2022-09-21T04:00:00+00:00,2,TSLA,TSLA,0.004496432178814569,0.60224797078431,0.32049096686002965,0.8999990982454997,TSLA,TSLA,META,False,0.772676994685444,0.8510938977464821,TSLA,TSLA,baseline_temporal,0.5,0.4,0.55,0.2,0.55,1,0.004496432178814569,0.004496432178814569,0,0.0,0.0,25729.148701066628,-0.08348855356383234
2022-09-20T04:00:00+00:00,2022-09-21T04:00:00+00:00,2022-09-22T04:00:00+00:00,2,META,META,-0.0330760749724367,0.6073909702051888,0.06373480425682455,0.866666236129795,META,META,TSLA,False,0.8116962672572449,0.668274132152177,TSLA,META,baseline_temporal,0.5,0.4,0.55,0.2,0.55,1,-0.0330760749724367,-0.0330760749724367,2,0.0,0.0,24878.129449653174,-0.11380315487925141
2022-09-21T04:00:00+00:00,2022-09-22T04:00:00+00:00,2022-09-23T04:00:00+00:00,2,META,META,-0.000926453819840356,0.6686447694955122,0.06373480425682455,0.9749992962950195,META,TSLA,CAT,False,0.9166666666666665,0.8338691551618368,META,META,baseline_temporal,0.5,0.4,0.55,0.2,0.55,1,-0.000926453819840356,-0.000926453819840356,0,0.0,0.0,24855.08101159406,-0.11462417533154412
2022-09-22T04:00:00+00:00,2022-09-23T04:00:00+00:00,2022-09-26T04:00:00+00:00,2,TSLA,TSLA,-0.03977533646543496,0.6838836006600834,0.2827626251902055,0.9999991120156243,TSLA,TSLA,CAT,False,0.9166666666666665,0.6650592011811565,META,TSLA,baseline_temporal,0.5,0.4,0.55,0.2,0.55,1,-0.03977533646543496,-0.03977533646543496,2,0.0,0.0,23866.461801482263,-0.14984029665609377
2022-09-23T04:00:00+00:00,2022-09-26T04:00:00+00:00,2022-09-27T04:00:00+00:00,2,TSLA,TSLA,0.04418202553066242,0.6910709494056102,0.1824285453469477,0.9416660780909395,TSLA,TSLA,ADI,False,0.9166666666666665,0.33333333333333337,TSLA,TSLA,baseline_temporal,0.5,0.4,0.55,0.2,0.55,1,0.04418202553066242,0.04418202553066242,0,0.0,0.0,24920.930426121933,-0.11227851893781293
2022-09-26T04:00:00+00:00,2022-09-27T04:00:00+00:00,2022-09-28T04:00:00+00:00,2,TSLA,TSLA,-0.002677564825253609,0.6539204436908983,0.18558261374537424,0.9749992479157048,TSLA,TSLA,CAT,False,0.8750000000000001,0.6044345775809185,TSLA,TSLA,baseline_temporal,0.5,0.4,0.55,0.2,0.55,1,-0.002677564825253609,-0.002677564825253609,0,0.0,0.0,24854.203019400356,-0.11465545075012706
2022-09-27T04:00:00+00:00,2022-09-28T04:00:00+00:00,2022-09-29T04:00:00+00:00,2,TSLA,TSLA,-0.0011304224954076236,0.6902554172524964,0.2794099352793916,0.9249994676956703,TSLA,TSLA,CAT,False,0.9609643449790851,0.6028511608437909,TSLA,TSLA,baseline_temporal,0.5,0.4,0.55,0.2,0.55,1,-0.0011304224954076236,-0.0011304224954076236,0,0.0,0.0,24826.1072692018,-0.11565626414478558
2022-09-28T04:00:00+00:00,2022-09-29T04:00:00+00:00,2022-09-30T04:00:00+00:00,2,META,META,-0.023742309084328617,0.6865726241363367,0.07220730812110313,0.9916661354287984,META,META,TSLA,False,0.9583333333333333,0.8333333333333334,TSLA,META,baseline_temporal,0.5,0.4,0.55,0.2,0.55,1,-0.023742309084328617,-0.023742309084328617,2,0.0,0.0,24236.67815705571,-0.13665262645825005
2022-09-29T04:00:00+00:00,2022-09-30T04:00:00+00:00,2022-10-03T04:00:00+00:00,2,META,META,0.008007711129235373,0.6705207096873729,0.09707725683888342,0.9416661690762527,META,META,TSLA,False,0.938815505822876,0.8749999999999999,META,META,baseline_temporal,0.5,0.4,0.55,0.2,0.55,1,0.008007711129235373,0.008007711129235373,0,0.0,0.0,24430.75847446966,-0.12973919008674362
2022-09-30T04:00:00+00:00,2022-10-03T04:00:00+00:00,2022-10-04T04:00:00+00:00,2,META,META,0.024420742920191474,0.6671121058019962,0.09053907267936782,0.9833328204745779,META,META,NFLX,False,0.9166666666666667,0.6666666666666667,META,META,baseline_temporal,0.5,0.4,0.55,0.2,0.55,1,0.024420742920191474,0.024420742920191474,0,0.0,0.0,25027.375746519978,-0.1084867745743342
2022-10-03T04:00:00+00:00,2022-10-04T04:00:00+00:00,2022-10-05T04:00:00+00:00,2,ADEA,ADEA,0.13384128809660711,0.6386293268088029,0.08486761800069281,0.8999994882756828,ADEA,ADEA,META,False,0.9414465174686276,0.9335534825313724,META,ADEA,baseline_temporal,0.5,0.4,0.55,0.2,0.55,1,0.13384128809660711,0.13384128809660711,2,0.0,0.0,28377.071954111998,0.0
2022-10-04T04:00:00+00:00,2022-10-05T04:00:00+00:00,2022-10-06T04:00:00+00:00,2,ADEA,ADEA,0.0011411182959299992,0.6541026947059713,0.08475648929162222,0.9333329773374623,ADEA,ADEA,AMD,False,0.9597044075149767,0.896518870424155,ADEA,ADEA,baseline_temporal,0.5,0.4,0.55,0.2,0.55,1,0.0011411182959299992,0.0011411182959299992,0,0.0,0.0,28409.453550103754,0.0
2022-10-05T04:00:00+00:00,2022-10-06T04:00:00+00:00,2022-10-07T04:00:00+00:00,2,ADEA,ADEA,0.02735562310030404,0.6361084778502638,0.07798261661088063,0.8999996696871775,ADEA,ADEA,TSLA,False,0.939556611272465,0.8736289258183567,ADEA,ADEA,baseline_temporal,0.5,0.4,0.55,0.2,0.55,1,0.02735562310030404,0.02735562310030404,0,0.0,0.0,29186.611853905986,0.0
2022-10-06T04:00:00+00:00,2022-10-07T04:00:00+00:00,2022-10-10T04:00:00+00:00,2,ADEA,ADEA,0.08234714003944754,0.6849532229179003,0.07120874393013907,0.9999995937888941,ADEA,ADEA,TSLA,False,1.0,0.8118144629091784,ADEA,ADEA,baseline_temporal,0.5,0.4,0.55,0.2,0.55,1,0.08234714003944754,0.08234714003944754,0,0.0,0.0,31590.045867516583,0.0
2022-10-07T04:00:00+00:00,2022-10-10T04:00:00+00:00,2022-10-11T04:00:00+00:00,2,ADEA,ADEA,0.013895216400911181,0.6153305466999242,0.05766099856865591,0.8666663620368926,ADEA,ADEA,TSLA,False,0.9194088150299534,0.7701477962425117,ADEA,ADEA,baseline_temporal,0.5,0.4,0.55,0.2,0.55,1,0.013895216400911181,0.013895216400911181,0,0.0,0.0,32028.996390960438,0.0
2022-10-10T04:00:00+00:00,2022-10-11T04:00:00+00:00,2022-10-12T04:00:00+00:00,2,ADEA,ADEA,-0.04223769939339472,0.6303192607800873,0.05766099856865591,0.9333329959252814,ADEA,ADEA,TSLA,False,0.91803774084831,0.6478899446057982,ADEA,ADEA,baseline_temporal,0.5,0.4,0.55,0.2,0.55,1,-0.04223769939339472,-0.04223769939339472,0,0.0,0.0,30676.165269526922,-0.042237699393394834
2022-10-11T04:00:00+00:00,2022-10-12T04:00:00+00:00,2022-10-13T04:00:00+00:00,2,ADEA,ADEA,0.041871921182266014,0.6654922283614348,0.06068852686129732,0.9666664189370189,ADEA,ADEA,TSLA,False,0.9784927817196222,0.7298405516137112,ADEA,ADEA,baseline_temporal,0.5,0.4,0.55,0.2,0.55,1,0.041871921182266014,0.041871921182266014,0,0.0,0.0,31960.63524386672,-0.0021343518310492637
2022-10-12T04:00:00+00:00,2022-10-13T04:00:00+00:00,2022-10-14T04:00:00+00:00,2,ADEA,ADEA,0.1662726556343579,0.5753056948623373,0.052560696252547744,0.8333331636641121,ADEA,ADEA,TSLA,False,0.850797241931444,0.7930144365607558,ADEA,ADEA,baseline_temporal,0.5,0.4,0.55,0.2,0.55,1,0.1662726556343579,0.1662726556343579,0,0.0,0.0,37274.81494162549,0.0
2022-10-13T04:00:00+00:00,2022-10-14T04:00:00+00:00,2022-10-17T04:00:00+00:00,2,ADEA,ADEA,-0.05550193050193042,0.6543938025688509,0.04443286564379818,0.9333331281481474,ADEA,ADEA,TSLA,False,0.9569855634392442,0.772854988174467,ADEA,ADEA,baseline_temporal,0.5,0.4,0.55,0.2,0.55,1,-0.05550193050193042,-0.05550193050193042,0,0.0,0.0,35205.990753263075,-0.05550193050193042
2022-10-14T04:00:00+00:00,2022-10-17T04:00:00+00:00,2022-10-18T04:00:00+00:00,2,ADEA,ADEA,0.01635155850792036,0.552648158171433,0.06440212149868589,0.7666665563481855,ADEA,ADEA,TSLA,False,0.807782805370688,0.8736522301059109,ADEA,ADEA,baseline_temporal,0.5,0.4,0.55,0.2,0.55,1,0.01635155850792036,0.01635155850792036,0,0.0,0.0,35781.663570894365,-0.04005791505791467
2022-10-17T04:00:00+00:00,2022-10-18T04:00:00+00:00,2022-10-19T04:00:00+00:00,2,ADEA,ADEA,-0.01789844142785324,0.5955708850210378,0.07700589657323526,0.8999998065561244,ADEA,META,ADEA,False,0.8521450118255328,0.8521450118255328,ADEA,ADEA,baseline_temporal,0.5,0.4,0.55,0.2,0.55,1,-0.01789844142785324,-0.01789844142785324,0,0.0,0.0,35141.22756127956,-0.057239382239382075
2022-10-18T04:00:00+00:00,2022-10-19T04:00:00+00:00,2022-10-20T04:00:00+00:00,2,ADEA,ADEA,0.0018429405139757105,0.6108119330148628,0.04854650532146924,0.9333332023745862,ADEA,ADEA,META,False,0.8729163686182566,1.0,ADEA,ADEA,baseline_temporal,0.5,0.4,0.55,0.2,0.55,1,0.0018429405139757105,0.0018429405139757105,0,0.0,0.0,35205.99075326308,-0.0555019305019302
2022-10-19T04:00:00+00:00,2022-10-20T04:00:00+00:00,2022-10-21T04:00:00+00:00,2,ADEA,ADEA,0.02197240674501777,0.6484437697205054,0.045380922277332286,0.9999998528045319,ADEA,ADEA,META,False,0.9166666666666665,0.9208339294301534,ADEA,ADEA,baseline_temporal,0.5,0.4,0.55,0.2,0.55,1,0.02197240674501777,0.02197240674501777,0,0.0,0.0,35979.55110195511,-0.03474903474903457
2022-10-20T04:00:00+00:00,2022-10-21T04:00:00+00:00,2022-10-24T04:00:00+00:00,2,META,META,0.007427521763437417,0.7308776923600077,0.1832498160327865,0.9999998555397759,ADEA,ADEA,META,True,0.31145818430912836,1.0,ADEA,META,baseline_temporal,0.5,0.4,0.55,0.2,0.55,1,0.007427521763437417,0.007427521763437417,2,0.0,0.0,36246.790000803594,-0.027579612197453973
2022-10-21T04:00:00+00:00,2022-10-24T04:00:00+00:00,2022-10-25T04:00:00+00:00,2,ADEA,ADEA,0.015000000000000124,0.45748575928353064,0.09072580699939908,0.8333332792162229,ADEA,ADEA,TSLA,False,0.5572909215456417,1.0,META,ADEA,baseline_temporal,0.5,0.4,0.55,0.2,0.55,1,0.015000000000000124,0.015000000000000124,2,0.0,0.0,36790.491850815655,-0.012993306380415626
2022-10-24T04:00:00+00:00,2022-10-25T04:00:00+00:00,2022-10-26T04:00:00+00:00,2,ADEA,ADEA,-0.00886699507389166,0.5870706941907821,0.093891390043536,0.9999998760480637,ADEA,ADEA,TSLA,False,0.7499999999999999,1.0,ADEA,ADEA,baseline_temporal,0.5,0.4,0.55,0.2,0.55,1,-0.00886699507389166,-0.00886699507389166,0,0.0,0.0,36464.27074080842,-0.021745089870638723
2022-10-25T04:00:00+00:00,2022-10-26T04:00:00+00:00,2022-10-27T04:00:00+00:00,2,ADEA,ADEA,0.005964214711729587,0.5298492798015492,0.07060341209096309,0.8666666134359531,ADEA,ADEA,META,False,0.646128204642213,0.874410257382241,ADEA,ADEA,baseline_temporal,0.5,0.4,0.55,0.2,0.55,1,0.005964214711729587,0.005964214711729587,0,0.0,0.0,36681.75148081324,-0.015910567543823362
2022-10-26T04:00:00+00:00,2022-10-27T04:00:00+00:00,2022-10-28T04:00:00+00:00,2,ADEA,ADEA,-0.008893280632411016,0.4375586358357412,0.0680252079220358,0.699999974583878,ADEA,ADEA,TSLA,False,0.543435894519944,0.9577435907155742,ADEA,ADEA,baseline_temporal,0.5,0.4,0.55,0.2,0.55,1,-0.008893280632411016,-0.008893280632411016,0,0.0,0.0,36355.53037080601,-0.024662351034046237
2022-10-27T04:00:00+00:00,2022-10-28T04:00:00+00:00,2022-10-31T04:00:00+00:00,2,ADEA,ADEA,-0.019740777666998888,0.49441514398095177,0.08639796376914846,0.6999999573069836,ADEA,ADEA,ADC,False,0.6648974388133896,0.18897435654439768,ADEA,ADEA,baseline_temporal,0.5,0.4,0.55,0.2,0.55,1,-0.019740777666998888,-0.019740777666998888,0,0.0,0.0,35637.8439287901,-0.043916274712536674
2022-10-28T04:00:00+00:00,2022-10-31T04:00:00+00:00,2022-11-01T04:00:00+00:00,2,ADEA,ADEA,0.07912937347436921,0.6317678564249112,0.140238881323884,0.8666665825592987,ADEA,ADEA,GOOGL,False,0.8544615379755462,0.7922564092844258,ADEA,ADEA,baseline_temporal,0.5,0.4,0.55,0.2,0.55,1,0.07912937347436921,0.07912937347436921,0,0.0,0.0,38457.844190852615,0.0
2022-10-31T04:00:00+00:00,2022-11-01T04:00:00+00:00,2022-11-02T04:00:00+00:00,2,ADEA,ADEA,0.0037700282752122227,0.679096947447672,0.08615730464485549,0.8999999031591156,ADEA,ADEA,GOOGL,False,0.9583333333333335,0.6877948713088797,ADEA,ADEA,baseline_temporal,0.5,0.4,0.55,0.2,0.55,1,0.0037700282752122227,0.0037700282752122227,0,0.0,0.0,38602.831350855835,0.0
2022-11-01T04:00:00+00:00,2022-11-02T04:00:00+00:00,2022-11-03T04:00:00+00:00,2,ADEA,ADEA,0.00657276995305156,0.697552533677146,0.07326941450351077,0.8999999511901228,ADEA,GOOGL,ADEA,False,0.9583333333333335,0.9583333333333335,ADEA,ADEA,baseline_temporal,0.5,0.4,0.55,0.2,0.55,1,0.00657276995305156,0.00657276995305156,0,0.0,0.0,38856.558880861456,0.0
2022-11-02T04:00:00+00:00,2022-11-03T04:00:00+00:00,2022-11-04T04:00:00+00:00,2,GOOGL,GOOGL,-0.01063581112669465,0.6798321027823777,0.28399383538717393,0.7333333379685768,GOOGL,GOOGL,TSLA,False,0.8205320959115988,0.977560247484347,ADEA,GOOGL,baseline_temporal,0.5,0.4,0.55,0.2,0.55,1,-0.01063581112669465,-0.01063581112669465,2,0.0,0.0,38443.28785957133,-0.010635811126694539
2022-11-03T04:00:00+00:00,2022-11-04T04:00:00+00:00,2022-11-07T05:00:00+00:00,2,GOOGL,GOOGL,0.021972829297105756,0.7002837875288713,0.25466865030306757,0.7999999938789926,GOOGL,ADEA,GOOGL,False,0.858985924213626,0.858985924213626,GOOGL,GOOGL,baseline_temporal,0.5,0.4,0.55,0.2,0.55,1,0.021972829297105756,0.021972829297105756,0,0.0,0.0,39287.99566132919,0.0
2022-11-04T04:00:00+00:00,2022-11-07T05:00:00+00:00,2022-11-08T05:00:00+00:00,2,GOOGL,GOOGL,0.018610565252571876,0.6082859819564096,0.29613721943174426,0.7666666731345032,GOOGL,GOOGL,ADEA,False,0.631425676729279,0.9807730858489866,GOOGL,GOOGL,baseline_temporal,0.5,0.4,0.55,0.2,0.55,1,0.018610565252571876,0.018610565252571876,0,0.0,0.0,40019.16746822711,0.0
2022-11-07T05:00:00+00:00,2022-11-08T05:00:00+00:00,2022-11-09T05:00:00+00:00,2,GOOGL,GOOGL,-0.005106672719019545,0.6161461197995217,0.30565414245901956,0.8333333391705156,GOOGL,GOOGL,ADEA,False,0.6282128383646396,0.9615461716979729,GOOGL,GOOGL,baseline_temporal,0.5,0.4,0.55,0.2,0.55,1,-0.005106672719019545,-0.005106672719019545,0,0.0,0.0,39814.80267747924,-0.005106672719019656
2022-11-08T05:00:00+00:00,2022-11-09T05:00:00+00:00,2022-11-10T05:00:00+00:00,2,GOOGL,GOOGL,0.04300216721797656,0.6442787726670248,0.3155596269095638,0.833333333753091,GOOGL,GOOGL,ADEA,False,0.6625881081883813,0.8872356754348556,GOOGL,GOOGL,baseline_temporal,0.5,0.4,0.55,0.2,0.55,1,0.04300216721797656,0.04300216721797656,0,0.0,0.0,41526.92547996694,0.0
2022-11-09T05:00:00+00:00,2022-11-10T05:00:00+00:00,2022-11-11T05:00:00+00:00,2,GOOGL,GOOGL,0.026465441819772506,0.6553058857292884,0.312698018527501,0.8333333334206214,GOOGL,GOOGL,ADEA,False,0.7124118918116186,0.7663142339131408,GOOGL,GOOGL,baseline_temporal,0.5,0.4,0.55,0.2,0.55,1,0.026465441819772506,0.026465441819772506,0,0.0,0.0,42625.953910211036,0.0
2022-11-10T05:00:00+00:00,2022-11-11T05:00:00+00:00,2022-11-14T05:00:00+00:00,2,ADEA,ADEA,-0.03009998969178429,0.7069663424297841,0.08982722393574448,0.8999999601689949,ADEA,ADEA,GOOGL,False,1.0,0.7418428830434297,GOOGL,ADEA,baseline_temporal,0.5,0.4,0.55,0.2,0.55,1,-0.03009998969178429,-0.03009998969178429,2,0.0,0.0,41342.913136911215,-0.03009998969178418
2022-11-11T05:00:00+00:00,2022-11-14T05:00:00+00:00,2022-11-15T05:00:00+00:00,2,ADEA,ADEA,0.051014985652035216,0.7049651194289682,0.07969419943351541,0.8999999601689949,ADEA,ADEA,GOOGL,False,1.0,0.625,ADEA,ADEA,baseline_temporal,0.5,0.4,0.55,0.2,0.55,1,0.051014985652035216,0.051014985652035216,0,0.0,0.0,43452.02125740408,0.0
2022-11-14T05:00:00+00:00,2022-11-15T05:00:00+00:00,2022-11-16T05:00:00+00:00,2,ADEA,ADEA,-0.03428051370209306,0.6690047787368789,0.06078101674855171,0.7999999764399184,ADEA,ADEA,GOOGL,False,0.9436178377174277,0.6397154956159055,ADEA,ADEA,baseline_temporal,0.5,0.4,0.55,0.2,0.55,1,-0.03428051370209306,-0.03428051370209306,0,0.0,0.0,41962.463647306,-0.03428051370209295
2022-11-15T05:00:00+00:00,2022-11-16T05:00:00+00:00,2022-11-17T05:00:00+00:00,2,ADEA,ADEA,-0.02554973821989548,0.6963856694056225,0.07967935533675678,0.8999999711234693,ADEA,ADEA,GOOGL,False,1.0,0.5795160211523389,ADEA,ADEA,baseline_temporal,0.5,0.4,0.55,0.2,0.55,1,-0.02554973821989548,-0.02554973821989548,0,0.0,0.0,40890.33368605545,-0.05895439377085654
2022-11-16T05:00:00+00:00,2022-11-17T05:00:00+00:00,2022-11-18T05:00:00+00:00,2,ADEA,ADEA,0.011068128089404938,0.6960334684546929,0.061720656304707446,0.8666666456331911,ADEA,ADEA,GOOGL,False,0.9810753227571639,0.625,ADEA,ADEA,baseline_temporal,0.5,0.4,0.55,0.2,0.55,1,0.011068128089404938,0.011068128089404938,0,0.0,0.0,41342.91313691122,-0.04853878046314064
2022-11-17T05:00:00+00:00,2022-11-18T05:00:00+00:00,2022-11-21T05:00:00+00:00,2,ADEA,ADEA,-0.012966308853225583,0.686140463686534,0.031134713663384463,0.8999999711234693,ADEA,ADEA,GOOGL,False,1.0,0.5340320423046779,ADEA,ADEA,baseline_temporal,0.5,0.4,0.55,0.2,0.55,1,-0.012966308853225583,-0.012966308853225583,0,0.0,0.0,40806.84815628595,-0.06087572049752221
2022-11-18T05:00:00+00:00,2022-11-21T05:00:00+00:00,2022-11-22T05:00:00+00:00,2,ADEA,ADEA,-0.017228383762248334,0.6899910664217671,0.05072147327641636,0.8999999711234693,ADEA,ADEA,GOOGL,False,1.0,0.6211826878190058,ADEA,ADEA,baseline_temporal,0.5,0.4,0.55,0.2,0.55,1,-0.017228383762248334,-0.017228383762248334,0,0.0,0.0,40103.81211612167,-0.07705531398523568
2022-11-21T05:00:00+00:00,2022-11-22T05:00:00+00:00,2022-11-23T05:00:00+00:00,2,ADEA,ADEA,0.03297907307987291,0.6576351059090115,0.061660781390989815,0.8999999746912158,ADEA,ADEA,AAPL,False,0.9166666666666666,0.5795160211523389,ADEA,ADEA,baseline_temporal,0.5,0.4,0.55,0.2,0.55,1,0.03297907307987291,0.03297907307987291,0,0.0,0.0,41426.39866668073,-0.046617453736474634
2022-11-22T05:00:00+00:00,2022-11-23T05:00:00+00:00,2022-11-25T05:00:00+00:00,2,ADEA,ADEA,0.018985999151463595,0.6898317030804612,0.056889150146058456,0.899999981230255,ADEA,ADEA,GOOGL,False,1.0,0.5605486449782545,ADEA,ADEA,baseline_temporal,0.5,0.4,0.55,0.2,0.55,1,0.018985999151463595,0.018985999151463595,0,0.0,0.0,42212.920236614525,-0.028516533522095155
2022-11-23T05:00:00+00:00,2022-11-25T05:00:00+00:00,2022-11-28T05:00:00+00:00,2,ADEA,ADEA,-0.009784532112001587,0.6966450774707336,0.026411557216662322,0.8999999838184487,ADEA,ADEA,GOOGL,False,1.0,0.6022153116449211,ADEA,ADEA,baseline_temporal,0.5,0.4,0.55,0.2,0.55,1,-0.009784532112001587,-0.009784532112001587,0,0.0,0.0,41799.88656301801,-0.0380220446961268
2022-11-25T05:00:00+00:00,2022-11-28T05:00:00+00:00,2022-11-29T05:00:00+00:00,2,ADEA,ADEA,0.018711237254283697,0.6690286285420267,0.026411557216662322,0.866666653830044,ADEA,ADEA,NFLX,False,0.9394513550217456,0.6666666666666666,ADEA,ADEA,baseline_temporal,0.5,0.4,0.55,0.2,0.55,1,0.018711237254283697,0.018711237254283697,0,0.0,0.0,42582.01415770078,-0.020022246941045374
2022-11-28T05:00:00+00:00,2022-11-29T05:00:00+00:00,2022-11-30T05:00:00+00:00,2,ADEA,ADEA,0.0293055412238159,0.6814953642121969,0.052784357970346495,0.8999999887256778,ADEA,ADEA,NFLX,False,0.9166666666666666,0.8333333333333334,ADEA,ADEA,baseline_temporal,0.5,0.4,0.55,0.2,0.55,1,0.0293055412238159,0.0293055412238159,0,0.0,0.0,43829.903128992395,0.0
2022-11-29T05:00:00+00:00,2022-11-30T05:00:00+00:00,2022-12-01T05:00:00+00:00,2,ADEA,ADEA,0.03659147869674184,0.6919934870545459,0.039430526356058364,0.8999999914840104,ADEA,ADEA,NFLX,False,0.9166666666666666,0.7916666666666666,ADEA,ADEA,baseline_temporal,0.5,0.4,0.55,0.2,0.55,1,0.03659147869674184,0.03659147869674184,0,0.0,0.0,45433.70409561718,0.0
2022-11-30T05:00:00+00:00,2022-12-01T05:00:00+00:00,2022-12-02T05:00:00+00:00,2,ADEA,ADEA,-0.052707930367504874,0.6264053496798623,0.04940764722139684,0.8653462679627103,ADEA,ADEA,ADM,False,0.9252438556323614,0.3146442972414237,ADEA,ADEA,baseline_temporal,0.5,0.4,0.55,0.2,0.55,1,-0.052707930367504874,-0.052707930367504874,0,0.0,0.0,43038.98758380757,-0.052707930367504874
2022-12-01T05:00:00+00:00,2022-12-02T05:00:00+00:00,2022-12-05T05:00:00+00:00,2,ADEA,ADEA,0.055640632976008186,0.6672476995360959,0.013604927593795616,0.9650311006214032,ADEA,ADEA,GOOGL,False,0.9813109639080904,0.625,ADEA,ADEA,baseline_temporal,0.5,0.4,0.55,0.2,0.55,1,0.055640632976008186,0.055640632976008186,0,0.0,0.0,45433.70409561718,0.0
2022-12-02T05:00:00+00:00,2022-12-05T05:00:00+00:00,2022-12-06T05:00:00+00:00,2,ADEA,ADEA,-0.007736943907156735,0.6550092920089008,0.027209855187591215,0.9318028220871487,ADEA,ADEA,GOOGL,False,0.9626219278161806,0.5833333333333333,ADEA,ADEA,baseline_temporal,0.5,0.4,0.55,0.2,0.55,1,-0.007736943907156735,-0.007736943907156735,0,0.0,0.0,45082.18607553503,-0.007736943907156735
2022-12-05T05:00:00+00:00,2022-12-06T05:00:00+00:00,2022-12-07T05:00:00+00:00,2,ADEA,ADEA,0.0019493177387914784,0.6509910185062765,0.020407391390693416,0.9651036243169131,ADEA,ADEA,GOOGL,False,0.9396442972414236,0.6063109639080903,ADEA,ADEA,baseline_temporal,0.5,0.4,0.55,0.2,0.55,1,0.0019493177387914784,0.0019493177387914784,0,0.0,0.0,45170.065580555565,-0.005802707930367523
2022-12-06T05:00:00+00:00,2022-12-07T05:00:00+00:00,2022-12-08T05:00:00+00:00,2,ADEA,ADEA,-0.009727626459143934,0.6118616114780504,0.06613087801997249,0.8654187937611277,ADEA,ADEA,GOOGL,False,0.8835771889656946,0.602022369425243,ADEA,ADEA,baseline_temporal,0.5,0.4,0.55,0.2,0.55,1,-0.009727626459143934,-0.009727626459143934,0,0.0,0.0,44730.66805545289,-0.015473887814313358
2022-12-07T05:00:00+00:00,2022-12-08T05:00:00+00:00,2022-12-09T05:00:00+00:00,2,ADEA,ADEA,-0.039685658153241654,0.6725679659096918,0.03934372271933405,0.96269501059724,ADEA,ADEA,ADM,False,0.9811156625844444,0.39388433741555556,ADEA,ADEA,baseline_temporal,0.5,0.4,0.55,0.2,0.55,1,-0.039685658153241654,-0.039685658153241654,0,0.0,0.0,42955.50205403806,-0.054545454545454564
2022-12-08T05:00:00+00:00,2022-12-09T05:00:00+00:00,2022-12-12T05:00:00+00:00,2,ADEA,ADEA,-0.020253682487725078,0.6235734107483848,0.051135702165223895,0.896716474251332,ADEA,ADEA,ADM,False,0.9016803210866666,0.3294353414977778,ADEA,ADEA,baseline_temporal,0.5,0.4,0.55,0.2,0.55,1,-0.020253682487725078,-0.020253682487725078,0,0.0,0.0,42085.49495433475,-0.07369439071566741
2022-12-09T05:00:00+00:00,2022-12-12T05:00:00+00:00,2022-12-13T05:00:00+00:00,2,ADEA,ADEA,0.05345583629150141,0.5867193080203931,0.01916732877387267,0.7973082851501313,ADEA,ADEA,XOM,False,0.8866939755066664,0.6022176707488889,ADEA,ADEA,baseline_temporal,0.5,0.4,0.55,0.2,0.55,1,0.05345583629150141,0.05345583629150141,0,0.0,0.0,44335.21028286047,-0.024177949709864754
2022-12-12T05:00:00+00:00,2022-12-13T05:00:00+00:00,2022-12-14T05:00:00+00:00,2,ADEA,ADEA,-0.00951437066402383,0.6718977957451564,0.04166666666666664,0.9626950122375078,ADEA,ADEA,ADM,False,0.9811156625844444,0.2877686748311112,ADEA,ADEA,baseline_temporal,0.5,0.4,0.55,0.2,0.55,1,-0.00951437066402383,-0.00951437066402383,0,0.0,0.0,43913.3886587619,-0.033462282398452725
2022-12-13T05:00:00+00:00,2022-12-14T05:00:00+00:00,2022-12-15T05:00:00+00:00,2,ADEA,ADEA,-0.054832899739843954,0.6904698008014191,0.0549380057175944,0.9957723577096584,ADEA,ADEA,ADM,False,1.0,0.18944899591777775,ADEA,ADEA,baseline_temporal,0.5,0.4,0.55,0.2,0.55,1,-0.054832899739843954,-0.054832899739843954,0,0.0,0.0,41505.49022119921,-0.08646034816247594
2022-12-14T05:00:00+00:00,2022-12-15T05:00:00+00:00,2022-12-16T05:00:00+00:00,2,ADEA,ADEA,-0.026042769426212198,0.6845252769853309,0.024945869114205724,0.9936956071059833,ADEA,ADEA,ADM,False,1.0,0.20833333333333334,ADEA,ADEA,baseline_temporal,0.5,0.4,0.55,0.2,0.55,1,-0.026042769426212198,-0.026042769426212198,0,0.0,0.0,40424.572309446616,-0.11025145067698261
2022-12-15T05:00:00+00:00,2022-12-16T05:00:00+00:00,2022-12-19T05:00:00+00:00,2,ADEA,ADEA,-0.0061956521739129355,0.667992018234942,0.01898773764485558,0.9607479576499458,ADEA,ADEA,NFLX,False,0.980489787936253,0.9166666666666667,ADEA,ADEA,baseline_temporal,0.5,0.4,0.55,0.2,0.55,1,-0.0061956521739129355,-0.0061956521739129355,0,0.0,0.0,40174.115720138085,-0.11576402321083179
2022-12-16T05:00:00+00:00,2022-12-19T05:00:00+00:00,2022-12-20T05:00:00+00:00,2,ADEA,ADEA,-0.0371869189543913,0.5843008586818758,0.03153822192740678,0.8624303735201457,ADEA,ADEA,ADM,False,0.8386258184116787,0.08333333333333338,ADEA,ADEA,baseline_temporal,0.5,0.4,0.55,0.2,0.55,1,-0.0371869189543913,-0.0371869189543913,0,0.0,0.0,38680.164134788974,-0.1486460348162476
2022-12-19T05:00:00+00:00,2022-12-20T05:00:00+00:00,2022-12-21T05:00:00+00:00,2,ADEA,ADEA,0.013972509371805053,0.6022552904133047,0.03749635339675693,0.8621676904703877,ADEA,ADEA,NFLX,False,0.8802924850783456,0.941469363808759,ADEA,ADEA,baseline_temporal,0.5,0.4,0.55,0.2,0.55,1,0.013972509371805053,0.013972509371805053,0,0.0,0.0,39220.62309066527,-0.13675048355899422
2022-12-20T05:00:00+00:00,2022-12-21T05:00:00+00:00,2022-12-22T05:00:00+00:00,2,ADEA,ADEA,-0.021174098140264386,0.6292424827577868,0.03153822192740678,0.9944836575083295,ADEA,ADEA,AAPL,False,0.8749999999999999,0.5833333333333333,ADEA,ADEA,baseline_temporal,0.5,0.4,0.55,0.2,0.55,1,-0.021174098140264386,-0.021174098140264386,0,0.0,0.0,38390.16176822121,-0.15502901353965182
2022-12-21T05:00:00+00:00,2022-12-22T05:00:00+00:00,2022-12-23T05:00:00+00:00,2,ADEA,ADEA,0.016252718324367477,0.5975412495373191,0.030567024715956688,0.8970018499461254,ADEA,ADEA,COST,False,0.856639051746134,0.6066390517461342,ADEA,ADEA,baseline_temporal,0.5,0.4,0.55,0.2,0.55,1,0.016252718324367477,0.016252718324367477,0,0.0,0.0,39014.10625386701,-0.14129593810444885
2022-12-22T05:00:00+00:00,2022-12-23T05:00:00+00:00,2022-12-27T05:00:00+00:00,2,ADEA,ADEA,0.007433269512332474,0.6003826288009649,0.043557187110525704,0.9302531884326974,ADEA,ADEA,AAPL,False,0.8349815900529782,0.6666666666666667,ADEA,ADEA,baseline_temporal,0.5,0.4,0.55,0.2,0.55,1,0.007433269512332474,0.007433269512332474,0,0.0,0.0,39304.108620434774,-0.13491295938104464
2022-12-23T05:00:00+00:00,2022-12-27T05:00:00+00:00,2022-12-28T05:00:00+00:00,2,ADEA,ADEA,0.002124091671324768,0.5652959662198639,0.04967755203108382,0.8973433375946753,ADEA,ADEA,COST,False,0.7733057184128007,0.4799907950264891,ADEA,ADEA,baseline_temporal,0.5,0.4,0.55,0.2,0.55,1,0.002124091671324768,0.002124091671324768,0,0.0,0.0,39387.59415020429,-0.13307543520309473
2022-12-27T05:00:00+00:00,2022-12-28T05:00:00+00:00,2022-12-29T05:00:00+00:00,2,ADEA,ADEA,-0.012605979473449325,0.570299940507844,0.08522385377719238,0.9305946761116183,ADEA,ADEA,COST,False,0.7516482567196449,0.4799907950264891,ADEA,ADEA,baseline_temporal,0.5,0.4,0.55,0.2,0.55,1,-0.012605979473449325,-0.012605979473449325,0,0.0,0.0,38891.07494683826,-0.14400386847195368
2022-12-28T05:00:00+00:00,2022-12-29T05:00:00+00:00,2022-12-30T05:00:00+00:00,2,ADEA,ADEA,0.00632696870410121,0.5696818940213333,0.08372085612099237,0.9974388409762792,ADEA,ADEA,COST,False,0.7083333333333333,0.4599815900529782,ADEA,ADEA,baseline_temporal,0.5,0.4,0.55,0.2,0.55,1,0.00632696870410121,0.00632696870410121,0,0.0,0.0,39137.13756089576,-0.13858800773694402
2022-12-29T05:00:00+00:00,2022-12-30T05:00:00+00:00,2023-01-03T05:00:00+00:00,2,ADEA,ADEA,0.01908611204670474,0.5473853287059355,0.09339236680322141,0.9649478152540997,ADEA,ADEA,NFLX,False,0.6869768044611725,0.8322869422556785,ADEA,ADEA,baseline_temporal,0.5,0.4,0.55,0.2,0.55,1,0.01908611204670474,0.01908611204670474,0,0.0,0.0,39884.11335357031,-0.12214700193423611
2022-12-30T05:00:00+00:00,2023-01-03T05:00:00+00:00,2023-01-04T05:00:00+00:00,2,ADEA,ADEA,0.0489148397047483,0.5539474666006473,0.08432280344285524,0.965169782186175,ADEA,ADEA,COST,False,0.6869768044611725,0.5630231955388274,ADEA,ADEA,baseline_temporal,0.5,0.4,0.55,0.2,0.55,1,0.0489148397047483,0.0489148397047483,0,0.0,0.0,41835.038365026216,-0.0792069632495166
2023-01-03T05:00:00+00:00,2023-01-04T05:00:00+00:00,2023-01-05T05:00:00+00:00,2,ADEA,ADEA,0.005986766095998242,0.5763718786097909,0.06554210203731224,0.9652807656798803,ADEA,ADEA,COST,False,0.7286434711278392,0.5203101377945059,ADEA,ADEA,baseline_temporal,0.5,0.4,0.55,0.2,0.55,1,0.005986766095998242,0.005986766095998242,0,0.0,0.0,42085.49495433475,-0.07369439071566741
2023-01-04T05:00:00+00:00,2023-01-05T05:00:00+00:00,2023-01-06T05:00:00+00:00,2,ADEA,ADEA,0.02954687826268554,0.5617157284335026,0.0990279742343621,0.9652807658695153,ADEA,ADEA,COST,False,0.6869768044611725,0.5630231955388274,ADEA,ADEA,baseline_temporal,0.5,0.4,0.55,0.2,0.55,1,0.02954687826268554,0.02954687826268554,0,0.0,0.0,43328.98995037534,-0.04632495164410044
2023-01-05T05:00:00+00:00,2023-01-06T05:00:00+00:00,2023-01-09T05:00:00+00:00,2,ADEA,ADEA,0.028293276543960966,0.5778863233771471,0.07616789199711065,0.9651669953123017,ADEA,ADEA,COST,False,0.729689862205494,0.47968986220549414,ADEA,ADEA,baseline_temporal,0.5,0.4,0.55,0.2,0.55,1,0.028293276543960966,0.028293276543960966,0,0.0,0.0,44554.90904541182,-0.01934235976789156
2023-01-06T05:00:00+00:00,2023-01-09T05:00:00+00:00,2023-01-10T05:00:00+00:00,2,ADEA,ADEA,-0.012820512820512886,0.6131509681664356,0.10436310715218239,0.9579331258132788,ADEA,ADEA,AAPL,False,0.7916666666666666,0.6038323397401091,ADEA,ADEA,baseline_temporal,0.5,0.4,0.55,0.2,0.55,1,-0.012820512820512886,-0.012820512820512886,0,0.0,0.0,43983.69226277833,-0.03191489361702138
2023-01-09T05:00:00+00:00,2023-01-10T05:00:00+00:00,2023-01-11T05:00:00+00:00,2,ADEA,ADEA,0.013986013986013957,0.6111211692139588,0.09841699056275534,0.9603319302524872,ADEA,ADEA,AAPL,False,0.7704990064067757,0.6666666666666667,ADEA,ADEA,baseline_temporal,0.5,0.4,0.55,0.2,0.55,1,0.013986013986013957,0.013986013986013957,0,0.0,0.0,44598.84879792207,-0.018375241779497342
2023-01-10T05:00:00+00:00,2023-01-11T05:00:00+00:00,2023-01-12T05:00:00+00:00,2,ADEA,ADEA,0.015763546798029493,0.4886303199685545,0.13172808454522497,0.8731627093822686,ADEA,TSLA,ADEA,False,0.49933134614688485,0.49933134614688485,ADEA,ADEA,baseline_temporal,0.5,0.4,0.55,0.2,0.55,1,0.015763546798029493,0.015763546798029493,0,0.0,0.0,45301.884838086364,-0.0029013539651839837
2023-01-11T05:00:00+00:00,2023-01-12T05:00:00+00:00,2023-01-13T05:00:00+00:00,2,AAPL,AAPL,-0.013824534751234241,0.6726265283790993,0.36905388341057294,0.8314014049404422,ADEA,ADEA,AAPL,True,0.4774950320338788,0.793003974372897,ADEA,AAPL,baseline_temporal,0.5,0.4,0.55,0.2,0.55,1,-0.013824534751234241,-0.013824534751234241,2,0.0,0.0,44675.60735684583,-0.01668577884770084
2023-01-12T05:00:00+00:00,2023-01-13T05:00:00+00:00,2023-01-17T05:00:00+00:00,2,GOOGL,GOOGL,0.013325930038867284,0.5818543545807077,0.27938534650304614,0.9337037197428537,GOOGL,GOOGL,XOM,False,0.5621656730734423,0.29166666666666663,AAPL,GOOGL,baseline_temporal,0.5,0.4,0.55,0.2,0.55,1,0.013325930038867284,0.013325930038867284,2,0.0,0.0,45270.95137492706,-0.0035822023304019623
2023-01-13T05:00:00+00:00,2023-01-17T05:00:00+00:00,2023-01-18T05:00:00+00:00,2,GOOGL,GOOGL,0.0008767123287671819,0.5912977669950858,0.2896180777764249,0.9412852860651268,GOOGL,AAPL,GOOGL,False,0.562714950096062,0.562714950096062,GOOGL,GOOGL,baseline_temporal,0.5,0.4,0.55,0.2,0.55,1,0.0008767123287671819,0.0008767123287671819,0,0.0,0.0,45310.640976132476,-0.0027086305625820817
2023-01-17T05:00:00+00:00,2023-01-18T05:00:00+00:00,2023-01-19T05:00:00+00:00,2,GOOGL,GOOGL,-0.015438519654001892,0.6600250682006077,0.2666725255487007,0.9229348159129258,GOOGL,AMD,GOOGL,False,0.7293816167627286,0.7293816167627286,GOOGL,GOOGL,baseline_temporal,0.5,0.4,0.55,0.2,0.55,1,-0.015438519654001892,-0.015438519654001892,0,0.0,0.0,44611.11175488703,-0.018105332970408172
2023-01-18T05:00:00+00:00,2023-01-19T05:00:00+00:00,2023-01-20T05:00:00+00:00,2,ADEA,ADEA,-0.006903353057199246,0.5922706318231344,0.11304196353000087,0.8946031863910138,ADEA,ADEA,AAPL,False,0.7504299001921241,0.499570099807876,GOOGL,ADEA,baseline_temporal,0.5,0.4,0.55,0.2,0.55,1,-0.006903353057199246,-0.006903353057199246,2,0.0,0.0,44303.14550016888,-0.024883698521894426
2023-01-19T05:00:00+00:00,2023-01-20T05:00:00+00:00,2023-01-23T05:00:00+00:00,2,ADEA,ADEA,-0.016981132075471805,0.6126665918689629,0.07523966142303995,0.9194691695052116,ADEA,ADEA,AAPL,False,0.7289517165706046,0.5416666666666667,ADEA,ADEA,baseline_temporal,0.5,0.4,0.55,0.2,0.55,1,-0.016981132075471805,-0.016981132075471805,0,0.0,0.0,43550.82793507167,-0.04144227722623961
2023-01-20T05:00:00+00:00,2023-01-23T05:00:00+00:00,2023-01-24T05:00:00+00:00,2,ADEA,ADEA,0.02838670572785129,0.650028225633553,0.07523966142303995,0.9750907574254695,ADEA,ADEA,GOOGL,False,0.7916666666666666,0.5829034331412094,ADEA,ADEA,baseline_temporal,0.5,0.4,0.55,0.2,0.55,1,0.02838670572785129,0.02838670572785129,0,0.0,0.0,44787.09247186884,-0.014231981226701551
2023-01-23T05:00:00+00:00,2023-01-24T05:00:00+00:00,2023-01-25T05:00:00+00:00,2,ADEA,ADEA,-0.006876227897838927,0.6446833271569111,0.09716746023336433,0.8273617393764824,ADEA,ADEA,GOOGL,False,0.9172216155609979,0.6247225255528344,ADEA,ADEA,baseline_temporal,0.5,0.4,0.55,0.2,0.55,1,-0.006876227897838927,-0.006876227897838927,0,0.0,0.0,44479.12621715068,-0.021010346778187916
2023-01-24T05:00:00+00:00,2023-01-25T05:00:00+00:00,2023-01-26T05:00:00+00:00,2,ADEA,ADEA,0.027695351137487778,0.6413596345175504,0.11326015956571213,0.9259296319835824,ADEA,ADEA,GOOGL,False,0.8543054038902494,0.6456945961097506,ADEA,ADEA,baseline_temporal,0.5,0.4,0.55,0.2,0.55,1,0.027695351137487778,0.027695351137487778,0,0.0,0.0,45710.991236023314,0.0
2023-01-25T05:00:00+00:00,2023-01-26T05:00:00+00:00,2023-01-27T05:00:00+00:00,2,XOM,XOM,0.01939275220372183,0.48622286285375005,0.4686748990474848,0.8257980298621264,XOM,XOM,AAPL,False,0.29111171777233547,0.41611171777233547,ADEA,XOM,baseline_temporal,0.5,0.4,0.55,0.2,0.55,1,0.01939275220372183,0.01939275220372183,2,0.0,0.0,46597.453162050006,0.0
2023-01-26T05:00:00+00:00,2023-01-27T05:00:00+00:00,2023-01-30T05:00:00+00:00,2,XOM,XOM,-0.01585318985395845,0.5105769921113806,0.38834735152709976,0.6867518207470381,XOM,GOOGL,COST,False,0.4779180316544214,0.16694414111383227,XOM,XOM,baseline_temporal,0.5,0.4,0.55,0.2,0.55,1,-0.01585318985395845,-0.01585318985395845,0,0.0,0.0,45858.7348903611,-0.015853189853958227
2023-01-27T05:00:00+00:00,2023-01-30T05:00:00+00:00,2023-01-31T05:00:00+00:00,2,TSLA,TSLA,-0.07570907048581865,0.6014079966740353,0.006419607443507761,0.8213350994304848,TSLA,TSLA,GOOGL,False,0.8951396472154192,0.666389192219501,XOM,TSLA,baseline_temporal,0.5,0.4,0.55,0.2,0.55,1,-0.07570907048581865,-0.07570907048581865,2,0.0,0.0,42386.812698156275,-0.09036203007169863
2023-01-30T05:00:00+00:00,2023-01-31T05:00:00+00:00,2023-02-01T05:00:00+00:00,2,TSLA,TSLA,0.05663243604545176,0.6558006650845751,0.013508400683931289,0.9281813764201703,TSLA,TSLA,GOOGL,False,0.9792662877616797,0.6461321966183722,TSLA,TSLA,baseline_temporal,0.5,0.4,0.55,0.2,0.55,1,0.05663243604545176,0.05663243604545176,0,0.0,0.0,44787.281157455145,-0.03884701591521966
2023-01-31T05:00:00+00:00,2023-02-01T05:00:00+00:00,2023-02-02T05:00:00+00:00,2,TSLA,TSLA,0.07726148714704695,0.634915171413803,0.013508400683931289,0.8789339283179785,TSLA,TSLA,CAT,False,0.9585325755233592,0.4581340911433074,TSLA,TSLA,baseline_temporal,0.5,0.4,0.55,0.2,0.55,1,0.07726148714704695,0.07726148714704695,0,0.0,0.0,48247.613104953045,0.0
2023-02-01T05:00:00+00:00,2023-02-02T05:00:00+00:00,2023-02-03T05:00:00+00:00,2,TSLA,TSLA,-0.018016815694648303,0.6691698157116684,0.0,0.9580092660457464,TSLA,TSLA,CAT,False,1.0,0.6248007578099741,TSLA,TSLA,baseline_temporal,0.5,0.4,0.55,0.2,0.55,1,-0.018016815694648303,-0.018016815694648303,0,0.0,0.0,47378.34475193441,-0.01801681569464819
2023-02-02T05:00:00+00:00,2023-02-03T05:00:00+00:00,2023-02-06T05:00:00+00:00,2,TSLA,TSLA,0.04925251427018207,0.6284747114821898,0.009910803992272366,0.8670880639131795,TSLA,TSLA,XOM,False,0.9372011367149611,0.7083333333333333,TSLA,TSLA,baseline_temporal,0.5,0.4,0.55,0.2,0.55,1,0.04925251427018207,0.04925251427018207,0,0.0,0.0,49711.84735292667,0.0
2023-02-03T05:00:00+00:00,2023-02-06T05:00:00+00:00,2023-02-07T05:00:00+00:00,2,TSLA,TSLA,0.017719289156002294,0.6582246543378019,0.009910803992272366,0.9281813764603751,TSLA,TSLA,XOM,False,0.9792662877616797,0.6459329544283463,TSLA,TSLA,baseline_temporal,0.5,0.4,0.55,0.2,0.55,1,0.017719289156002294,0.017719289156002294,0,0.0,0.0,50592.70595065223,0.0
2023-02-06T05:00:00+00:00,2023-02-07T05:00:00+00:00,2023-02-08T05:00:00+00:00,2,TSLA,TSLA,-0.001679987781907144,0.5946918464496046,0.01025637757720263,0.888759784875206,TSLA,TSLA,XOM,False,0.7719683111009144,0.5833333333333333,TSLA,TSLA,baseline_temporal,0.5,0.4,0.55,0.2,0.55,1,-0.001679987781907144,-0.001679987781907144,0,0.0,0.0,50507.710822801506,-0.001679987781907255
2023-02-07T05:00:00+00:00,2023-02-08T05:00:00+00:00,2023-02-09T05:00:00+00:00,2,TSLA,TSLA,0.059535951045385005,0.6064100807851409,0.0,0.8805200751676379,TSLA,TSLA,XOM,False,0.811365022232419,0.563634977767581,TSLA,TSLA,baseline_temporal,0.5,0.4,0.55,0.2,0.55,1,0.059535951045385005,0.059535951045385005,0,0.0,0.0,53514.73542176228,0.0
2023-02-08T05:00:00+00:00,2023-02-09T05:00:00+00:00,2023-02-10T05:00:00+00:00,2,TSLA,TSLA,-0.0267115870533029,0.5806768688773715,0.0,0.8951803850582083,TSLA,TSLA,XOM,False,0.7696983555657523,0.6075715999694098,TSLA,TSLA,baseline_temporal,0.5,0.4,0.55,0.2,0.55,1,-0.0267115870533029,-0.0267115870533029,0,0.0,0.0,52085.2719079094,-0.0267115870533029
2023-02-09T05:00:00+00:00,2023-02-10T05:00:00+00:00,2023-02-13T05:00:00+00:00,2,TSLA,TSLA,-0.03862034862158492,0.5785321271531819,0.0,0.9190863998633074,TSLA,TSLA,XOM,False,0.75,0.4560633777981713,TSLA,TSLA,baseline_temporal,0.5,0.4,0.55,0.2,0.55,1,-0.03862034862158492,-0.03862034862158492,0,0.0,0.0,50073.7205487759,-0.0643003248706534
2023-02-10T05:00:00+00:00,2023-02-13T05:00:00+00:00,2023-02-14T05:00:00+00:00,2,TSLA,TSLA,-0.012730499189877342,0.6823112893945298,0.0,0.9194558400884127,TSLA,TSLA,GOOGL,False,1.0,0.8159049333027429,TSLA,TSLA,baseline_temporal,0.5,0.4,0.55,0.2,0.55,1,-0.012730499189877342,-0.012730499189877342,0,0.0,0.0,49436.25708989556,-0.07621224882685607
2023-02-13T05:00:00+00:00,2023-02-14T05:00:00+00:00,2023-02-15T05:00:00+00:00,2,TSLA,TSLA,0.1032353860581432,0.6707004101656936,0.0,0.9349575325428237,TSLA,TSLA,GOOGL,False,1.0,0.8448205554582711,TSLA,TSLA,baseline_temporal,0.5,0.4,0.55,0.2,0.55,1,0.1032353860581432,0.1032353860581432,0,0.0,0.0,54539.82817584054,0.0
2023-02-14T05:00:00+00:00,2023-02-15T05:00:00+00:00,2023-02-16T05:00:00+00:00,2,TSLA,TSLA,-0.004604377700644591,0.6645958914182014,0.0,0.9187146570780396,TSLA,TSLA,XOM,False,0.9583333333333335,0.5833333333333334,TSLA,TSLA,baseline_temporal,0.5,0.4,0.55,0.2,0.55,1,-0.004604377700644591,-0.004604377700644591,0,0.0,0.0,54288.70620719071,-0.004604377700644591
2023-02-15T05:00:00+00:00,2023-02-16T05:00:00+00:00,2023-02-17T05:00:00+00:00,2,TSLA,TSLA,-0.05121453648353724,0.6833553013219478,0.0,0.916516796911635,TSLA,TSLA,XOM,False,1.0,0.5833333333333334,TSLA,TSLA,baseline_temporal,0.5,0.4,0.55,0.2,0.55,1,-0.05121453648353724,-0.05121453648353724,0,0.0,0.0,51508.33528249851,-0.05558310311444814
2023-02-16T05:00:00+00:00,2023-02-17T05:00:00+00:00,2023-02-21T05:00:00+00:00,2,TSLA,TSLA,0.025026877015776217,0.6634201828810609,0.0,0.8925261764699929,TSLA,TSLA,XOM,False,0.9810812036874897,0.41283759262502084,TSLA,TSLA,baseline_temporal,0.5,0.4,0.55,0.2,0.55,1,0.025026877015776217,0.025026877015776217,0,0.0,0.0,52797.42805490097,-0.031947297584472456
2023-02-17T05:00:00+00:00,2023-02-21T05:00:00+00:00,2023-02-22T05:00:00+00:00,2,TSLA,TSLA,-0.03444070442460612,0.6799756513583124,0.0,0.9310084808359402,TSLA,TSLA,XOM,False,1.0,0.564414537020823,TSLA,TSLA,baseline_temporal,0.5,0.4,0.55,0.2,0.55,1,-0.03444070442460612,-0.03444070442460612,0,0.0,0.0,50979.04744088273,-0.06528771457580662
2023-02-21T05:00:00+00:00,2023-02-22T05:00:00+00:00,2023-02-23T05:00:00+00:00,2,TSLA,TSLA,0.030212701460112124,0.6836215911074247,0.0,0.9293672801810282,TSLA,TSLA,XOM,False,1.0,0.3983248540771809,TSLA,TSLA,baseline_temporal,0.5,0.4,0.55,0.2,0.55,1,0.030212701460112124,0.030212701460112124,0,0.0,0.0,52519.26218193501,-0.03704753134518646
2023-02-22T05:00:00+00:00,2023-02-23T05:00:00+00:00,2023-02-24T05:00:00+00:00,2,TSLA,TSLA,-0.037197783335785384,0.6800574684079634,0.0,0.9361854761827839,TSLA,TSLA,XOM,False,1.0,0.4449745622315428,TSLA,TSLA,baseline_temporal,0.5,0.4,0.55,0.2,0.55,1,-0.037197783335785384,-0.037197783335785384,0,0.0,0.0,50565.66204633608,-0.0728672286368679
2023-02-23T05:00:00+00:00,2023-02-24T05:00:00+00:00,2023-02-27T05:00:00+00:00,2,TSLA,TSLA,0.029058958359862608,0.6880750989646015,0.0,0.9225490841866335,TSLA,TSLA,XOM,False,1.0,0.648324854077181,TSLA,TSLA,baseline_temporal,0.5,0.4,0.55,0.2,0.55,1,0.029058958359862608,0.029058958359862608,0,0.0,0.0,52035.047514179445,-0.04592571603976259
2023-02-24T05:00:00+00:00,2023-02-27T05:00:00+00:00,2023-02-28T05:00:00+00:00,2,TSLA,TSLA,0.04236994505766467,0.6802144473413615,0.0,0.9361854761680622,TSLA,TSLA,GOOGL,False,1.0,0.6850084792561525,TSLA,TSLA,baseline_temporal,0.5,0.4,0.55,0.2,0.55,1,0.04236994505766467,0.04236994505766467,0,0.0,0.0,54239.7696184282,-0.005501641047436556
2023-02-27T05:00:00+00:00,2023-02-28T05:00:00+00:00,2023-03-01T05:00:00+00:00,2,TSLA,TSLA,-0.02079870839071174,0.6720445569447423,0.008064426200913983,0.8997493335881439,TSLA,TSLA,XOM,False,0.9816581874105144,0.18002543776845722,TSLA,TSLA,baseline_temporal,0.5,0.4,0.55,0.2,0.55,1,-0.02079870839071174,-0.02079870839071174,0,0.0,0.0,53111.65246695513,-0.02618592241033224
2023-02-28T05:00:00+00:00,2023-03-01T05:00:00+00:00,2023-03-02T05:00:00+00:00,2,TSLA,TSLA,-0.09441831143009549,0.66402458132909,0.018727619633571158,0.9222841629236576,TSLA,TSLA,LLY,False,0.9820884606432142,0.6608230787135714,TSLA,TSLA,baseline_temporal,0.5,0.4,0.55,0.2,0.55,1,-0.09441831143009549,-0.09441831143009549,0,0.0,0.0,48096.93992376316,-0.11813180326320472
2023-03-01T05:00:00+00:00,2023-03-02T05:00:00+00:00,2023-03-03T05:00:00+00:00,2,TSLA,TSLA,0.04313483988433098,0.6904125451432809,0.018727619633571158,0.9321569047117426,TSLA,TSLA,LLY,False,1.0,0.648755127309881,TSLA,TSLA,baseline_temporal,0.5,0.4,0.55,0.2,0.55,1,0.04313483988433098,0.04313483988433098,0,0.0,0.0,50171.59372630097,-0.08009255979787933
2023-03-02T05:00:00+00:00,2023-03-03T05:00:00+00:00,2023-03-06T05:00:00+00:00,2,TSLA,TSLA,0.019225339459431723,0.673729609408218,0.008793068116192244,0.9698890471506059,TSLA,TSLA,LLY,False,1.0,0.625,TSLA,TSLA,baseline_temporal,0.5,0.4,0.55,0.2,0.55,1,0.019225339459431723,0.019225339459431723,0,0.0,0.0,51136.1596469098,-0.06240702698873668
2023-03-03T05:00:00+00:00,2023-03-06T05:00:00+00:00,2023-03-07T05:00:00+00:00,2,TSLA,TSLA,-0.03606326181122188,0.6795957060978056,0.008793068116192244,0.9468538928377893,TSLA,TSLA,GOOGL,False,1.0,0.41666666666666663,TSLA,TSLA,baseline_temporal,0.5,0.4,0.55,0.2,0.55,1,-0.03606326181122188,-0.03606326181122188,0,0.0,0.0,49292.02293354285,-0.09621968784680379
2023-03-06T05:00:00+00:00,2023-03-07T05:00:00+00:00,2023-03-08T05:00:00+00:00,2,TSLA,TSLA,-0.033127808548437665,0.6677932566822624,0.008793068116192244,0.9688993750220745,TSLA,TSLA,LLY,False,1.0,0.5595782060234524,TSLA,TSLA,baseline_temporal,0.5,0.4,0.55,0.2,0.55,1,-0.033127808548437665,-0.033127808548437665,0,0.0,0.0,47659.08623483524,-0.12615994899766225
2023-03-07T05:00:00+00:00,2023-03-08T05:00:00+00:00,2023-03-09T05:00:00+00:00,2,TSLA,TSLA,-0.02588629485516636,0.6667083212336575,0.018133219096195995,0.9771708669792838,TSLA,TSLA,XOM,False,1.0,0.25624254822289905,TSLA,TSLA,baseline_temporal,0.5,0.4,0.55,0.2,0.55,1,-0.02588629485516636,-0.02588629485516636,0,0.0,0.0,46425.36907603249,-0.14878043021416243
2023-03-08T05:00:00+00:00,2023-03-09T05:00:00+00:00,2023-03-10T05:00:00+00:00,2,TSLA,TSLA,-0.02840499306518729,0.6651657230908151,0.009066609548097985,0.9771708669792838,TSLA,TSLA,GOOGL,False,1.0,0.5656212741114495,TSLA,TSLA,baseline_temporal,0.5,0.4,0.55,0.2,0.55,1,-0.02840499306518729,-0.02840499306518729,0,0.0,0.0,45106.65678937903,-0.17295931619088079
2023-03-09T05:00:00+00:00,2023-03-10T05:00:00+00:00,2023-03-13T04:00:00+00:00,2,TSLA,TSLA,-0.04382458744932327,0.6660578361418308,0.009066609548097985,0.9691486019976672,TSLA,TSLA,XOM,False,1.0,0.28019715566768194,TSLA,TSLA,baseline_temporal,0.5,0.4,0.55,0.2,0.55,1,-0.04382458744932327,-0.04382458744932327,0,0.0,0.0,43129.87616436627,-0.2092040329626217
2023-03-10T05:00:00+00:00,2023-03-13T04:00:00+00:00,2023-03-14T04:00:00+00:00,2,TSLA,TSLA,0.05885163178167252,0.628523149553145,0.0,0.897452682587563,TSLA,TSLA,XOM,False,0.9520907851104343,0.28019715566768194,TSLA,TSLA,baseline_temporal,0.5,0.4,0.55,0.2,0.55,1,0.05885163178167252,0.05885163178167252,0,0.0,0.0,45668.139755180695,-0.16266439989610626
2023-03-13T04:00:00+00:00,2023-03-14T04:00:00+00:00,2023-03-15T04:00:00+00:00,2,COST,COST,0.012788679162363703,0.6761891434870525,0.8303251068229411,0.8253081199916021,COST,COST,XOM,False,0.5531361776656514,0.3510453925552171,TSLA,COST,baseline_temporal,0.5,0.4,0.55,0.2,0.55,1,0.012788679162363703,0.012788679162363703,2,0.0,0.0,46252.1749424517,-0.15195598355515205
2023-03-14T04:00:00+00:00,2023-03-15T04:00:00+00:00,2023-03-16T04:00:00+00:00,2,COST,COST,0.007094660562799726,0.6618164444506283,0.8312516468525617,0.9057332915518654,COST,TSLA,XOM,False,0.47607112719017425,0.45297769738246235,COST,COST,baseline_temporal,0.5,0.4,0.55,0.2,0.55,1,0.007094660562799726,0.007094660562799726,0,0.0,0.0,46580.31842395962,-0.1459393991161625
2023-03-15T04:00:00+00:00,2023-03-16T04:00:00+00:00,2023-03-17T04:00:00+00:00,2,TSLA,TSLA,0.023008898622238094,0.6703209739146189,0.02444463321600406,0.9688947019679668,TSLA,TSLA,XOM,False,1.0,0.7145244122863182,COST,TSLA,baseline_temporal,0.5,0.4,0.55,0.2,0.55,1,0.023008898622238094,0.023008898622238094,2,0.0,0.0,47652.080248368075,-0.12628840533317864
2023-03-16T04:00:00+00:00,2023-03-17T04:00:00+00:00,2023-03-20T04:00:00+00:00,2,TSLA,TSLA,-0.03487521339728461,0.6725761690061373,0.03472450984003517,0.9688947019679668,TSLA,XOM,COST,False,1.0,0.13654671490385603,TSLA,TSLA,baseline_temporal,0.5,0.4,0.55,0.2,0.55,1,-0.03487521339728461,-0.03487521339728461,0,0.0,0.0,45990.20378088171,-0.1567592836448658
2023-03-17T04:00:00+00:00,2023-03-20T04:00:00+00:00,2023-03-21T04:00:00+00:00,2,XOM,XOM,0.04555120313374372,0.6442974171724198,0.41353369628462405,0.9956719768648226,XOM,XOM,TSLA,False,0.6666666666666669,0.9521422543803484,TSLA,XOM,baseline_temporal,0.5,0.4,0.55,0.2,0.55,1,0.04555120313374372,0.04555120313374372,2,0.0,0.0,48085.11289546692,-0.1183486544835296
2023-03-20T04:00:00+00:00,2023-03-21T04:00:00+00:00,2023-03-22T04:00:00+00:00,2,XOM,XOM,0.02526225647612934,0.6023922482474539,0.4036769778264087,0.9051012549195243,XOM,XOM,TSLA,False,0.6072622061431592,1.0,XOM,XOM,baseline_temporal,0.5,0.4,0.55,0.2,0.55,1,0.02526225647612934,0.02526225647612934,0,0.0,0.0,49299.85135011584,-0.09607615207056797
2023-03-21T04:00:00+00:00,2023-03-22T04:00:00+00:00,2023-03-23T04:00:00+00:00,2,XOM,XOM,-0.013468365003132199,0.6038941791618219,0.3704428013259938,0.8738569262983109,XOM,XOM,COST,False,0.6071873924164807,0.10114594091685264,XOM,XOM,baseline_temporal,0.5,0.4,0.55,0.2,0.55,1,-0.013468365003132199,-0.013468365003132199,0,0.0,0.0,48635.862957532314,-0.10825052838951743
2023-03-22T04:00:00+00:00,2023-03-23T04:00:00+00:00,2023-03-24T04:00:00+00:00,2,XOM,XOM,-0.03693512541009625,0.639122163159204,0.4233238959097332,0.915368985802566,XOM,AMD,XOM,False,0.6488540590831473,0.6488540590831473,XOM,XOM,baseline_temporal,0.5,0.4,0.55,0.2,0.55,1,-0.03693512541009625,-0.03693512541009625,0,0.0,0.0,46839.49125976761,-0.1411874069578376
2023-03-23T04:00:00+00:00,2023-03-24T04:00:00+00:00,2023-03-27T04:00:00+00:00,2,XOM,XOM,0.03219780219780222,0.6627656730017081,0.4438756401063269,0.9481650232295926,XOM,XOM,AMD,False,0.690520725749814,0.8215621772494421,XOM,XOM,baseline_temporal,0.5,0.4,0.55,0.2,0.55,1,0.03219780219780222,0.03219780219780222,0,0.0,0.0,48347.61993439529,-0.11353552896208441
2023-03-24T04:00:00+00:00,2023-03-27T04:00:00+00:00,2023-03-28T04:00:00+00:00,2,AMD,AMD,-0.012752499489899982,0.6813705135554063,0.18542816575167007,0.974363028422021,AMD,AMD,XOM,False,0.9583333333333334,0.690520725749814,XOM,AMD,baseline_temporal,0.5,0.4,0.55,0.2,0.55,1,-0.012752499489899982,-0.012752499489899982,2,0.0,0.0,47731.066935844035,-0.12484016667680997
2023-03-27T04:00:00+00:00,2023-03-28T04:00:00+00:00,2023-03-29T04:00:00+00:00,2,AMD,AMD,-0.007233646791360959,0.6813112167610723,0.1940950526234376,0.9658906599833361,AMD,AMD,XOM,False,0.9583333333333334,0.6071873924164807,AMD,AMD,baseline_temporal,0.5,0.4,0.55,0.2,0.55,1,-0.007233646791360959,-0.007233646791360959,0,0.0,0.0,47385.797256655336,-0.13117076379705617
2023-03-28T04:00:00+00:00,2023-03-29T04:00:00+00:00,2023-03-30T04:00:00+00:00,2,AMD,AMD,0.020089518059748235,0.6925282508464264,0.20425893672303524,0.986181760036946,AMD,XOM,AMD,False,0.9583333333333334,0.9583333333333334,AMD,AMD,baseline_temporal,0.5,0.4,0.55,0.2,0.55,1,0.020089518059748235,0.020089518059748235,0,0.0,0.0,48337.75508641848,-0.11371640316551979
2023-03-29T04:00:00+00:00,2023-03-30T04:00:00+00:00,2023-03-31T04:00:00+00:00,2,TSLA,TSLA,0.00997034461601376,0.6288785712404252,0.06963995432107076,0.9449711992799368,TSLA,TSLA,AMD,False,0.8987959246496454,1.0,AMD,TSLA,baseline_temporal,0.5,0.4,0.55,0.2,0.55,1,0.00997034461601376,0.00997034461601376,2,0.0,0.0,48819.699162594545,-0.10487985027755986
2023-03-30T04:00:00+00:00,2023-03-31T04:00:00+00:00,2023-04-03T04:00:00+00:00,2,TSLA,TSLA,0.012048802713511941,0.6470244288655436,0.07890352520007517,0.9115696449121087,TSLA,AMD,TSLA,False,0.952408150700709,0.952408150700709,TSLA,TSLA,baseline_temporal,0.5,0.4,0.55,0.2,0.55,1,0.012048802713511941,0.012048802713511941,0,0.0,0.0,49407.91808633765,-0.09409472418866494
2023-03-31T04:00:00+00:00,2023-04-03T04:00:00+00:00,2023-04-04T04:00:00+00:00,2,TSLA,TSLA,-0.012955830123555612,0.6564869959460259,0.0723759617662833,0.9117499056818618,TSLA,TSLA,AMD,False,0.9642585159659575,0.9762040753503546,TSLA,TSLA,baseline_temporal,0.5,0.4,0.55,0.2,0.55,1,-0.012955830123555612,-0.012955830123555612,0,0.0,0.0,48767.79749285251,-0.10583147905010937
2023-04-03T04:00:00+00:00,2023-04-04T04:00:00+00:00,2023-04-05T04:00:00+00:00,2,TSLA,TSLA,-0.03448712750861549,0.6721925054597383,0.057555643195207035,0.9448012076818731,TSLA,TSLA,AMD,False,0.9821292579829788,0.9762040753503546,TSLA,TSLA,baseline_temporal,0.5,0.4,0.55,0.2,0.55,1,-0.03448712750861549,-0.03448712750861549,0,0.0,0.0,47085.93624240217,-0.13666878284629835
2023-04-04T04:00:00+00:00,2023-04-05T04:00:00+00:00,2023-04-06T04:00:00+00:00,2,TSLA,TSLA,-0.03902579849355681,0.6773979756419678,0.05503134397438502,0.9793735818863756,TSLA,TSLA,AMD,False,1.0,0.9166666666666666,TSLA,TSLA,baseline_temporal,0.5,0.4,0.55,0.2,0.55,1,-0.03902579849355681,-0.03902579849355681,0,0.0,0.0,45248.369982725715,-0.17036097296013586
2023-04-05T04:00:00+00:00,2023-04-06T04:00:00+00:00,2023-04-10T04:00:00+00:00,2,TSLA,TSLA,-0.01715097225256723,0.6758407917777335,0.05634847318562096,0.9875920844915633,TSLA,TSLA,AMD,False,1.0,0.940251008840908,TSLA,TSLA,baseline_temporal,0.5,0.4,0.55,0.2,0.55,1,-0.01715097225256723,-0.01715097225256723,0,0.0,0.0,44472.316444678094,-0.18459008889254336
2023-04-06T04:00:00+00:00,2023-04-10T04:00:00+00:00,2023-04-11T04:00:00+00:00,2,AMD,AMD,0.051905387647831924,0.6299633432626118,0.19634612263172566,0.9801083000190474,AMD,AMD,TSLA,False,0.8333333333333335,0.9638353510151492,TSLA,AMD,baseline_temporal,0.5,0.4,0.55,0.2,0.55,1,0.051905387647831924,0.051905387647831924,2,0.0,0.0,46780.66926933616,-0.14226592136462668
2023-04-10T04:00:00+00:00,2023-04-11T04:00:00+00:00,2023-04-12T04:00:00+00:00,2,AMD,AMD,-0.011347074744951113,0.6603587316981444,0.1497665046424894,0.9049560269649752,AMD,TSLA,XOM,False,0.9528313156515176,0.49292171087120606,AMD,AMD,baseline_temporal,0.5,0.4,0.55,0.2,0.55,1,-0.011347074744951113,-0.011347074744951113,0,0.0,0.0,46249.845518518174,-0.15199869406619393
2023-04-11T04:00:00+00:00,2023-04-12T04:00:00+00:00,2023-04-13T04:00:00+00:00,2,TSLA,TSLA,-0.040814721610569316,0.6184491056688326,0.03812789200408752,0.954841832080761,TSLA,TSLA,AMD,False,0.8985843421742412,0.940251008840908,AMD,TSLA,baseline_temporal,0.5,0.4,0.55,0.2,0.55,1,-0.040814721610569316,-0.040814721610569316,2,0.0,0.0,44362.170949148014,-0.18660963129328145
2023-04-12T04:00:00+00:00,2023-04-13T04:00:00+00:00,2023-04-14T04:00:00+00:00,2,TSLA,TSLA,0.0054384958049791265,0.6299808810101168,0.028030641488948786,0.8897155460295316,TSLA,AMD,TSLA,False,0.9450645014466851,0.9450645014466851,TSLA,TSLA,baseline_temporal,0.5,0.4,0.55,0.2,0.55,1,0.0054384958049791265,0.0054384958049791265,0,0.0,0.0,44603.43442975472,-0.18218601118525957
2023-04-13T04:00:00+00:00,2023-04-14T04:00:00+00:00,2023-04-17T04:00:00+00:00,2,TSLA,TSLA,0.012883935852133765,0.6606020013441342,0.037465673750910436,0.9810148668174834,TSLA,TSLA,AMD,False,0.9583333333333334,1.0,TSLA,TSLA,baseline_temporal,0.5,0.4,0.55,0.2,0.55,1,0.012883935852133765,0.012883935852133765,0,0.0,0.0,45178.102217732536,-0.17164934821439282
2023-04-14T04:00:00+00:00,2023-04-17T04:00:00+00:00,2023-04-18T04:00:00+00:00,2,AMD,AMD,0.015294248032805102,0.679147162711176,0.17488052495956388,0.9808666803356871,AMD,AMD,TSLA,False,0.9583333333333334,1.0,TSLA,AMD,baseline_temporal,0.5,0.4,0.55,0.2,0.55,1,0.015294248032805102,0.015294248032805102,2,0.0,0.0,45869.067318701964,-0.15898034788784787
2023-04-17T04:00:00+00:00,2023-04-18T04:00:00+00:00,2023-04-19T04:00:00+00:00,2,AMD,AMD,-0.03383910053487604,0.6519923102671312,0.19134876889109553,0.9145177609144707,AMD,AMD,TSLA,False,0.9217096676311235,1.0,AMD,AMD,baseline_temporal,0.5,0.4,0.55,0.2,0.55,1,-0.03383910053487604,-0.03383910053487604,0,0.0,0.0,44316.899338263414,-0.1874396964474775
2023-04-18T04:00:00+00:00,2023-04-19T04:00:00+00:00,2023-04-20T04:00:00+00:00,2,AMD,AMD,0.0035589198960568336,0.6385152920590543,0.2083952124285116,0.9229996452178647,AMD,AMD,TSLA,False,0.8800430009644566,1.0,AMD,AMD,baseline_temporal,0.5,0.4,0.55,0.2,0.55,1,0.0035589198960568336,0.0035589198960568336,0,0.0,0.0,44474.6196330499,-0.1845478594164185
2023-04-19T04:00:00+00:00,2023-04-20T04:00:00+00:00,2023-04-21T04:00:00+00:00,2,AMD,AMD,0.010976639459611581,0.637150010751706,0.20500480491957981,0.8986596976084685,AMD,AMD,TSLA,False,0.9034545008912225,0.9817070558526297,AMD,AMD,baseline_temporal,0.5,0.4,0.55,0.2,0.55,1,0.010976639459611581,0.010976639459611581,0,0.0,0.0,44962.80149786525,-0.17559693527266407
2023-04-20T04:00:00+00:00,2023-04-21T04:00:00+00:00,2023-04-24T04:00:00+00:00,2,AMD,AMD,-0.018819599109131335,0.6710861608397864,0.22192942755985273,0.948453700776841,AMD,AMD,TSLA,False,0.9400403891859631,1.0,AMD,AMD,baseline_temporal,0.5,0.4,0.55,0.2,0.55,1,-0.018819599109131335,-0.018819599109131335,0,0.0,0.0,44116.619598851976,-0.19111187045517186
2023-04-21T04:00:00+00:00,2023-04-24T04:00:00+00:00,2023-04-25T04:00:00+00:00,2,AMD,AMD,-0.013732833957552981,0.6898852871321842,0.20654161049217895,0.9567633367628076,AMD,AMD,NVDA,False,0.9817070558526297,0.9166666666666666,AMD,AMD,baseline_temporal,0.5,0.4,0.55,0.2,0.55,1,-0.013732833957552981,-0.013732833957552981,0,0.0,0.0,43510.773387132416,-0.2022201968284465
2023-04-24T04:00:00+00:00,2023-04-25T04:00:00+00:00,2023-04-26T04:00:00+00:00,2,AMD,AMD,-0.0044879171461450484,0.6567930298100679,0.20654161049217895,0.8902778482924938,AMD,AMD,NVDA,False,0.9451211675578892,0.9532525549614072,AMD,AMD,baseline_temporal,0.5,0.4,0.55,0.2,0.55,1,-0.0044879171461450484,-0.0044879171461450484,0,0.0,0.0,43315.50064120627,-0.20580056648594836
2023-04-25T04:00:00+00:00,2023-04-26T04:00:00+00:00,2023-04-27T04:00:00+00:00,2,AMD,AMD,-0.001155935729973523,0.6823944370161769,0.1478650916000348,0.9401661037166387,AMD,AMD,NVDA,False,0.9817070558526297,0.8932929441473703,AMD,AMD,baseline_temporal,0.5,0.4,0.55,0.2,0.55,1,-0.001155935729973523,-0.001155935729973523,0,0.0,0.0,43265.430706353414,-0.20671860998787195
2023-04-26T04:00:00+00:00,2023-04-27T04:00:00+00:00,2023-04-28T04:00:00+00:00,2,AMD,AMD,0.007059368128688792,0.6814549721428149,0.16193352555547133,0.9906406378880896,AMD,AMD,TSLA,False,0.9583333333333335,1.0,AMD,AMD,baseline_temporal,0.5,0.4,0.55,0.2,0.55,1,0.007059368128688792,0.007059368128688792,0,0.0,0.0,43570.857308955834,-0.20111854462613843
2023-04-27T04:00:00+00:00,2023-04-28T04:00:00+00:00,2023-05-01T04:00:00+00:00,2,AMD,AMD,0.04608136060675716,0.6742725191516666,0.17759773044939028,0.8824707168371466,AMD,AMD,TSLA,False,0.9630918942937933,0.9583333333333335,AMD,AMD,baseline_temporal,0.5,0.4,0.55,0.2,0.55,1,0.04608136060675716,0.04608136060675716,0,0.0,0.0,45578.66169655539,-0.16430500019900451
2023-04-28T04:00:00+00:00,2023-05-01T04:00:00+00:00,2023-05-02T04:00:00+00:00,2,TSLA,TSLA,-0.00790586504872215,0.6567189742911755,0.035068862546610055,0.932533709774335,TSLA,TSLA,AMD,False,0.9351207195197703,0.9398792804802301,AMD,TSLA,baseline_temporal,0.5,0.4,0.55,0.2,0.55,1,-0.00790586504872215,-0.00790586504872215,2,0.0,0.0,45218.32294808107,-0.1709118920893229
2023-05-01T04:00:00+00:00,2023-05-02T04:00:00+00:00,2023-05-03T04:00:00+00:00,2,TSLA,TSLA,-0.011551766740795721,0.6670110147744512,0.03572117434556263,0.9323939717548606,TSLA,TSLA,NVDA,False,0.9767873861864368,0.8797585609604599,TSLA,TSLA,baseline_temporal,0.5,0.4,0.55,0.2,0.55,1,-0.011551766740795721,-0.011551766740795721,0,0.0,0.0,44695.97142897486,-0.18048932451947486
2023-05-02T04:00:00+00:00,2023-05-03T04:00:00+00:00,2023-05-04T04:00:00+00:00,2,NVDA,NVDA,-0.00683945284377252,0.6754075141605215,0.12343174044308612,0.9492368531585684,NVDA,NVDA,TSLA,False,0.9166666666666667,0.9815459471468966,TSLA,NVDA,baseline_temporal,0.5,0.4,0.55,0.2,0.55,1,-0.00683945284377252,-0.00683945284377252,2,0.0,0.0,44390.275440079786,-0.18609432913939206
2023-05-03T04:00:00+00:00,2023-05-04T04:00:00+00:00,2023-05-05T04:00:00+00:00,2,NVDA,NVDA,0.0065241029358462654,0.6550381643695172,0.15483202227188647,0.9328149905304526,NVDA,NVDA,TSLA,False,0.8933652043398033,0.981634795660197,NVDA,NVDA,baseline_temporal,0.5,0.4,0.55,0.2,0.55,1,0.0065241029358462654,0.0065241029358462654,0,0.0,0.0,44679.88216640143,-0.1807843247626284
2023-05-04T04:00:00+00:00,2023-05-05T04:00:00+00:00,2023-05-08T04:00:00+00:00,2,NVDA,NVDA,0.024846957148001447,0.6524406177425492,0.15483202227188647,0.9744541208457431,NVDA,NVDA,XOM,False,0.8750000000000001,0.6483014623268635,NVDA,NVDA,baseline_temporal,0.5,0.4,0.55,0.2,0.55,1,0.024846957148001447,0.024846957148001447,0,0.0,0.0,45790.04128396776,-0.16042930798503452
2023-05-05T04:00:00+00:00,2023-05-08T04:00:00+00:00,2023-05-09T04:00:00+00:00,2,NVDA,NVDA,0.013352073085031613,0.6347882448110926,0.13171684707957945,0.9578313238673712,NVDA,NVDA,XOM,False,0.8566347956601968,0.6299362579870603,NVDA,NVDA,baseline_temporal,0.5,0.4,0.55,0.2,0.55,1,0.013352073085031613,0.013352073085031613,0,0.0,0.0,46401.43326175791,-0.1492192987452
2023-05-08T04:00:00+00:00,2023-05-09T04:00:00+00:00,2023-05-10T04:00:00+00:00,2,XOM,XOM,0.012968299711815678,0.5726548061308595,0.43199991615662897,0.8915183341603854,XOM,XOM,AMD,False,0.5783970753462732,0.9449043869805905,NVDA,XOM,baseline_temporal,0.5,0.4,0.55,0.2,0.55,1,0.012968299711815678,0.012968299711815678,2,0.0,0.0,47003.180955354204,-0.1381861196222991
2023-05-09T04:00:00+00:00,2023-05-10T04:00:00+00:00,2023-05-11T04:00:00+00:00,2,XOM,XOM,-0.029668766510871802,0.5850792214801699,0.45607960444066836,0.9332195323254047,XOM,NVDA,XOM,False,0.5600318710064699,0.5600318710064699,XOM,XOM,baseline_temporal,0.5,0.4,0.55,0.2,0.55,1,-0.029668766510871802,-0.029668766510871802,0,0.0,0.0,45608.65455432155,-0.16375507441505344
2023-05-10T04:00:00+00:00,2023-05-11T04:00:00+00:00,2023-05-12T04:00:00+00:00,2,NVDA,NVDA,-0.01282940360610263,0.6489956090027816,0.12474929992626059,0.974658502251466,NVDA,NVDA,XOM,False,0.875,0.6485753886177157,XOM,NVDA,baseline_temporal,0.5,0.4,0.55,0.2,0.55,1,-0.01282940360610263,-0.01282940360610263,2,0.0,0.0,45023.52271711285,-0.17448359807893787
2023-05-11T04:00:00+00:00,2023-05-12T04:00:00+00:00,2023-05-15T04:00:00+00:00,2,NVDA,NVDA,-0.0007024938531787761,0.6394356405324362,0.13733371509903425,0.9247222460132969,NVDA,NVDA,XOM,False,0.8514246113822845,0.7083333333333331,NVDA,NVDA,baseline_temporal,0.5,0.4,0.55,0.2,0.55,1,-0.0007024938531787761,-0.0007024938531787761,0,0.0,0.0,44991.89396915562,-0.17506351827698574
2023-05-12T04:00:00+00:00,2023-05-15T04:00:00+00:00,2023-05-16T04:00:00+00:00,2,NVDA,NVDA,0.011599297012302445,0.6088876453709317,0.1388357125759807,0.8747798624315909,NVDA,NVDA,AMD,False,0.797150777235431,0.8859682211375287,NVDA,NVDA,baseline_temporal,0.5,0.4,0.55,0.2,0.55,1,0.011599297012302445,0.011599297012302445,0,0.0,0.0,45513.76831044988,-0.1654948350091966
2023-05-15T04:00:00+00:00,2023-05-16T04:00:00+00:00,2023-05-17T04:00:00+00:00,2,NVDA,NVDA,0.025712300208478034,0.6236964946610618,0.12322293027829546,0.8830871165488832,NVDA,NVDA,AMD,False,0.8388174439020977,0.8443015544708621,NVDA,NVDA,baseline_temporal,0.5,0.4,0.55,0.2,0.55,1,0.025712300208478034,0.025712300208478034,0,0.0,0.0,46684.03198486728,-0.1440377876814276
2023-05-16T04:00:00+00:00,2023-05-17T04:00:00+00:00,2023-05-18T04:00:00+00:00,2,NVDA,NVDA,0.028116531165311764,0.6132526966319618,0.10763452015162887,0.8913573393712433,NVDA,NVDA,XOM,False,0.8623928325198131,0.672150777235431,NVDA,NVDA,baseline_temporal,0.5,0.4,0.55,0.2,0.55,1,0.028116531165311764,0.028116531165311764,0,0.0,0.0,47996.62502509222,-0.11997109946244322
2023-05-17T04:00:00+00:00,2023-05-18T04:00:00+00:00,2023-05-19T04:00:00+00:00,2,NVDA,NVDA,0.03690280065897844,0.6576447564196425,0.07289150115920891,0.9497638467474028,NVDA,NVDA,XOM,False,0.9347624278286074,0.702858188990548,NVDA,NVDA,baseline_temporal,0.5,0.4,0.55,0.2,0.55,1,0.03690280065897844,0.03690280065897844,0,0.0,0.0,49767.834910696925,-0.08749556837176586
2023-05-18T04:00:00+00:00,2023-05-19T04:00:00+00:00,2023-05-22T04:00:00+00:00,2,ADEA,ADEA,0.0,0.6471770069983988,0.059010736634592505,0.9747777417240902,ADEA,ADEA,XOM,False,0.875,0.5597624278286073,NVDA,ADEA,baseline_temporal,0.5,0.4,0.55,0.2,0.55,1,0.0,0.0,2,0.0,0.0,49767.834910696925,-0.08749556837176586
2023-05-19T04:00:00+00:00,2023-05-22T04:00:00+00:00,2023-05-23T04:00:00+00:00,2,ADEA,ADEA,0.006450882752376597,0.6224693879510874,0.09354519843168468,0.8914852467405389,ADEA,XOM,COST,False,0.8388084776761187,0.10142909449527403,ADEA,ADEA,baseline_temporal,0.5,0.4,0.55,0.2,0.55,1,0.006450882752376597,0.006450882752376597,0,0.0,0.0,50088.88137854547,-0.08160910927230802
2023-05-22T04:00:00+00:00,2023-05-23T04:00:00+00:00,2023-05-24T04:00:00+00:00,2,TSLA,TSLA,-0.021321160042964582,0.6756810787602944,0.0834942849101329,0.916426101184958,TSLA,TSLA,XOM,False,0.9638084776761185,0.6430957611619407,ADEA,TSLA,baseline_temporal,0.5,0.4,0.55,0.2,0.55,1,-0.021321160042964582,-0.021321160042964582,2,0.0,0.0,49020.92832230044,-0.10119026843551382
2023-05-23T04:00:00+00:00,2023-05-24T04:00:00+00:00,2023-05-25T04:00:00+00:00,2,TSLA,TSLA,0.023651429512155042,0.6831145245115358,0.07637045374333074,0.9913848935133499,TSLA,TSLA,XOM,False,0.9583333333333334,0.5652375721713926,TSLA,TSLA,baseline_temporal,0.5,0.4,0.55,0.2,0.55,1,0.023651429512155042,0.023651429512155042,0,0.0,0.0,50180.34335313572,-0.0799321334245775
2023-05-24T04:00:00+00:00,2023-05-25T04:00:00+00:00,2023-05-26T04:00:00+00:00,2,TSLA,TSLA,-0.010292698616918505,0.6740735008677746,0.04171139598314174,0.9664788362414038,TSLA,TSLA,XOM,False,0.981886915551377,0.3985535822180437,TSLA,TSLA,baseline_temporal,0.5,0.4,0.55,0.2,0.55,1,-0.010292698616918505,-0.010292698616918505,0,0.0,0.0,49663.85220250842,-0.08940211468234938
2023-05-25T04:00:00+00:00,2023-05-26T04:00:00+00:00,2023-05-30T04:00:00+00:00,2,TSLA,TSLA,0.08384790380240492,0.6683050670126888,0.10580086887234519,0.9581605429018677,TSLA,TSLA,XOM,False,0.9347797511152895,0.41666666666666663,TSLA,TSLA,baseline_temporal,0.5,0.4,0.55,0.2,0.55,1,0.08384790380240492,0.08384790380240492,0,0.0,0.0,53828.0621044412,-0.013050390791561672
2023-05-26T04:00:00+00:00,2023-05-30T04:00:00+00:00,2023-05-31T04:00:00+00:00,2,TSLA,TSLA,-0.0015992003998001048,0.6355662423613307,0.10952771895352942,0.974842086597971,TSLA,TSLA,XOM,False,0.8749999999999999,0.4764464177819563,TSLA,TSLA,baseline_temporal,0.5,0.4,0.55,0.2,0.55,1,-0.0015992003998001048,-0.0015992003998001048,0,0.0,0.0,53741.9802460033,-0.014628721001190503
2023-05-30T04:00:00+00:00,2023-05-31T04:00:00+00:00,2023-06-01T04:00:00+00:00,2,TSLA,TSLA,0.014065472019221259,0.5949283795697838,0.12317415111195622,0.9332157123405809,TSLA,TSLA,XOM,False,0.7971071644360874,0.4764464177819563,TSLA,TSLA,baseline_temporal,0.5,0.4,0.55,0.2,0.55,1,0.014065472019221259,0.014065472019221259,0,0.0,0.0,54497.886565411005,-0.0007690088478884416
2023-05-31T04:00:00+00:00,2023-06-01T04:00:00+00:00,2023-06-02T04:00:00+00:00,2,TSLA,TSLA,0.03731674811195029,0.6133974528294557,0.10064703130590706,0.9915085406947513,TSLA,TSLA,HD,False,0.8333333333333333,0.4347797511152895,TSLA,TSLA,baseline_temporal,0.5,0.4,0.55,0.2,0.55,1,0.03731674811195029,0.03731674811195029,0,0.0,0.0,56531.57047100609,0.0
2023-06-01T04:00:00+00:00,2023-06-02T04:00:00+00:00,2023-06-05T04:00:00+00:00,2,TSLA,TSLA,0.036402569593147804,0.5619363792501139,0.08777652694149271,0.9249198921812146,TSLA,TSLA,HD,False,0.7555407651627987,0.4347296174186006,TSLA,TSLA,baseline_temporal,0.5,0.4,0.55,0.2,0.55,1,0.036402569593147804,0.036402569593147804,0,0.0,0.0,58589.46489928683,0.0
2023-06-02T04:00:00+00:00,2023-06-05T04:00:00+00:00,2023-06-06T04:00:00+00:00,2,TSLA,TSLA,-0.007621671258035034,0.573375893962024,0.07896225763832225,0.9165757556896329,TSLA,TSLA,AMZN,False,0.7972074318294654,0.6666666666666667,TSLA,TSLA,baseline_temporal,0.5,0.4,0.55,0.2,0.55,1,-0.007621671258035034,-0.007621671258035034,0,0.0,0.0,58142.915258640285,-0.007621671258035034
2023-06-05T04:00:00+00:00,2023-06-06T04:00:00+00:00,2023-06-07T04:00:00+00:00,2,TSLA,TSLA,0.05487184232441944,0.5884230046544542,0.10538957198381424,0.9082569869704717,TSLA,TSLA,AMZN,False,0.7972074318294654,0.6666666666666667,TSLA,TSLA,baseline_temporal,0.5,0.4,0.55,0.2,0.55,1,0.05487184232441944,0.05487184232441944,0,0.0,0.0,61333.32413699447,0.0
2023-06-06T04:00:00+00:00,2023-06-07T04:00:00+00:00,2023-06-08T04:00:00+00:00,2,TSLA,TSLA,-0.016578947368421026,0.6123624090748497,0.12723442494595696,0.9249230060085806,TSLA,TSLA,AMZN,False,0.8152703825813993,0.6541444810775313,TSLA,TSLA,baseline_temporal,0.5,0.4,0.55,0.2,0.55,1,-0.016578947368421026,-0.016578947368421026,0,0.0,0.0,60316.48218419694,-0.016578947368420915
2023-06-07T04:00:00+00:00,2023-06-08T04:00:00+00:00,2023-06-09T04:00:00+00:00,2,TSLA,TSLA,0.11082865043261081,0.5466864733770134,0.1405055933166482,0.9332514561549443,TSLA,TSLA,AMZN,False,0.713874098496132,0.7263962840852672,TSLA,TSLA,baseline_temporal,0.5,0.4,0.55,0.2,0.55,1,0.11082865043261081,0.11082865043261081,0,0.0,0.0,67001.27650351409,0.0
2023-06-08T04:00:00+00:00,2023-06-09T04:00:00+00:00,2023-06-12T04:00:00+00:00,2,TSLA,TSLA,-0.004536877183121235,0.5741322691341875,0.1402962309668451,0.8582861595836117,TSLA,TSLA,AMZN,False,0.7793865664893965,0.7916666666666665,TSLA,TSLA,baseline_temporal,0.5,0.4,0.55,0.2,0.55,1,-0.004536877183121235,-0.004536877183121235,0,0.0,0.0,66697.2999409053,-0.004536877183121235
2023-06-09T04:00:00+00:00,2023-06-12T04:00:00+00:00,2023-06-13T04:00:00+00:00,2,TSLA,TSLA,0.022465112527224385,0.6060036672753606,0.14909114662313605,0.9416071467620393,TSLA,TSLA,AMZN,False,0.8153510777186878,0.7859645112292911,TSLA,TSLA,baseline_temporal,0.5,0.4,0.55,0.2,0.55,1,0.022465112527224385,0.022465112527224385,0,0.0,0.0,68195.66228933977,0.0
2023-06-12T04:00:00+00:00,2023-06-13T04:00:00+00:00,2023-06-14T04:00:00+00:00,2,TSLA,TSLA,0.026271153011715676,0.6227400957289642,0.14906369504407854,0.9832687904349956,TSLA,TSLA,AMZN,False,0.8333333333333335,0.7263155889479789,TSLA,TSLA,baseline_temporal,0.5,0.4,0.55,0.2,0.55,1,0.026271153011715676,0.026271153011715676,0,0.0,0.0,69987.24096807832,0.0
2023-06-13T04:00:00+00:00,2023-06-14T04:00:00+00:00,2023-06-15T04:00:00+00:00,2,TSLA,TSLA,-0.045239650997424774,0.6136539967736878,0.12274616483157798,0.9082800097346179,TSLA,TSLA,AMZN,False,0.8390354887707088,0.7859645112292911,TSLA,TSLA,baseline_temporal,0.5,0.4,0.55,0.2,0.55,1,-0.045239650997424774,-0.045239650997424774,0,0.0,0.0,66821.04261240979,-0.045239650997424774
2023-06-14T04:00:00+00:00,2023-06-15T04:00:00+00:00,2023-06-16T04:00:00+00:00,2,TSLA,TSLA,0.042351046698872796,0.6607800202346483,0.12268123968986466,0.9749295619040843,TSLA,TSLA,AMZN,False,0.9166666666666666,0.7320177443853544,TSLA,TSLA,baseline_temporal,0.5,0.4,0.55,0.2,0.55,1,0.042351046698872796,0.042351046698872796,0,0.0,0.0,69650.98370855532,-0.004804550870584734
2023-06-15T04:00:00+00:00,2023-06-16T04:00:00+00:00,2023-06-20T04:00:00+00:00,2,TSLA,TSLA,0.009964467789278508,0.6784751122240488,0.12263960104250063,0.9416172923834545,TSLA,TSLA,AMZN,False,0.9822317310141812,0.6488983976808479,TSLA,TSLA,baseline_temporal,0.5,0.4,0.55,0.2,0.55,1,0.009964467789278508,0.009964467789278508,0,0.0,0.0,70345.01869221078,0.0
2023-06-16T04:00:00+00:00,2023-06-20T04:00:00+00:00,2023-06-21T04:00:00+00:00,2,TSLA,TSLA,0.05212237093690253,0.6598385036924821,0.10513809398609905,0.9416229838655725,TSLA,TSLA,AMZN,False,0.9344349356524855,0.6666666666666667,TSLA,TSLA,baseline_temporal,0.5,0.4,0.55,0.2,0.55,1,0.05212237093690253,0.05212237093690253,0,0.0,0.0,74011.56785004953,0.0
2023-06-20T04:00:00+00:00,2023-06-21T04:00:00+00:00,2023-06-22T04:00:00+00:00,2,TSLA,TSLA,-0.08853996292661648,0.6821955760356145,0.11389023559255561,0.9332869774478599,TSLA,TSLA,AMZN,False,0.9822317310141812,0.7261016023191521,TSLA,TSLA,baseline_temporal,0.5,0.4,0.55,0.2,0.55,1,-0.08853996292661648,-0.08853996292661648,0,0.0,0.0,67458.58637646538,-0.08853996292661659
2023-06-21T04:00:00+00:00,2023-06-22T04:00:00+00:00,2023-06-23T04:00:00+00:00,2,TSLA,TSLA,0.033975355903816284,0.6771579488409997,0.11170923440964274,0.9249524420419735,TSLA,TSLA,AMZN,False,0.9761016023191521,0.6666666666666667,TSLA,TSLA,baseline_temporal,0.5,0.4,0.55,0.2,0.55,1,0.033975355903816284,0.033975355903816284,0,0.0,0.0,69750.51585737414,-0.05757278377494257
2023-06-22T04:00:00+00:00,2023-06-23T04:00:00+00:00,2023-06-26T04:00:00+00:00,2,TSLA,TSLA,-0.03557792433182927,0.6951449158931808,0.11172554594822706,0.9499495849770407,TSLA,TSLA,AMZN,False,1.0,0.9050285263758769,TSLA,TSLA,baseline_temporal,0.5,0.4,0.55,0.2,0.55,1,-0.03557792433182927,-0.03557792433182927,0,0.0,0.0,67268.93728209441,-0.09110238796205428
2023-06-23T04:00:00+00:00,2023-06-26T04:00:00+00:00,2023-06-27T04:00:00+00:00,2,TSLA,TSLA,-0.02729290384500027,0.6881901742832938,0.076705109708241,0.9583000825650405,TSLA,TSLA,ORCL,False,1.0,0.5958402079753468,TSLA,TSLA,baseline_temporal,0.5,0.4,0.55,0.2,0.55,1,-0.02729290384500027,-0.02729290384500027,0,0.0,0.0,65432.97264509886,-0.11590884309235627
2023-06-26T04:00:00+00:00,2023-06-27T04:00:00+00:00,2023-06-28T04:00:00+00:00,2,TSLA,TSLA,0.02655813188620293,0.6746025944342515,0.06135182497593523,0.9166382321925257,TSLA,TSLA,ORCL,False,0.9760399480061633,0.5479201039876732,TSLA,TSLA,baseline_temporal,0.5,0.4,0.55,0.2,0.55,1,0.02655813188620293,0.02655813188620293,0,0.0,0.0,67170.7501623137,-0.0924290335477772
2023-06-27T04:00:00+00:00,2023-06-28T04:00:00+00:00,2023-06-29T04:00:00+00:00,2,TSLA,TSLA,0.033360032038446175,0.6356716231559678,0.06797728123683519,0.8749748727338205,TSLA,ORCL,AMZN,False,0.91041322934566,0.7562534373210067,TSLA,TSLA,baseline_temporal,0.5,0.4,0.55,0.2,0.55,1,0.033360032038446175,0.033360032038446175,0,0.0,0.0,69411.56853977495,-0.06215243702976769
2023-06-28T04:00:00+00:00,2023-06-29T04:00:00+00:00,2023-06-30T04:00:00+00:00,2,ORCL,ORCL,0.03623123258113825,0.5961724622776704,0.2610497075798926,0.991661204221344,ORCL,ORCL,AMZN,False,0.625,0.7145867706543401,TSLA,ORCL,baseline_temporal,0.5,0.4,0.55,0.2,0.55,1,0.03623123258113825,0.03623123258113825,2,0.0,0.0,71926.43522336116,-0.0281730638501394
2023-06-29T04:00:00+00:00,2023-06-30T04:00:00+00:00,2023-07-03T04:00:00+00:00,2,ORCL,ORCL,-0.015269824744056915,0.5947146649410413,0.2194015836271305,0.916662948084983,ORCL,TSLA,ORCL,False,0.6729201039876733,0.6729201039876733,ORCL,ORCL,baseline_temporal,0.5,0.4,0.55,0.2,0.55,1,-0.015269824744056915,-0.015269824744056915,0,0.0,0.0,70828.13116303568,-0.04301269084670145
2023-06-30T04:00:00+00:00,2023-07-03T04:00:00+00:00,2023-07-05T04:00:00+00:00,2,TSLA,TSLA,0.008427067886722872,0.6548537456974995,0.050440884266775246,0.9666488688348748,TSLA,TSLA,ORCL,False,0.9343571128302527,0.6906428871697475,ORCL,TSLA,baseline_temporal,0.5,0.4,0.55,0.2,0.55,1,0.008427067886722872,0.008427067886722872,2,0.0,0.0,71425.00463263628,-0.034948093825734494
2023-07-03T04:00:00+00:00,2023-07-05T04:00:00+00:00,2023-07-06T04:00:00+00:00,2,TSLA,TSLA,-0.0026181766013916308,0.6855491503496878,0.03504818367909672,0.9916505573522878,TSLA,AMZN,ORCL,False,0.9583333333333335,0.6666666666666669,TSLA,TSLA,baseline_temporal,0.5,0.4,0.55,0.2,0.55,1,-0.0026181766013916308,-0.0026181766013916308,0,0.0,0.0,71238.00135675282,-0.037474770145608405
2023-07-05T04:00:00+00:00,2023-07-06T04:00:00+00:00,2023-07-07T04:00:00+00:00,2,AMZN,AMZN,0.0026510721247563485,0.570726211222477,0.3574813409792697,0.9999864882228994,AMZN,AMZN,ORCL,False,0.6250000000000001,0.7083333333333334,TSLA,AMZN,baseline_temporal,0.5,0.4,0.55,0.2,0.55,1,0.0026510721247563485,0.0026510721247563485,2,0.0,0.0,71426.85843637306,-0.034923046339366715
2023-07-06T04:00:00+00:00,2023-07-07T04:00:00+00:00,2023-07-10T04:00:00+00:00,2,AMZN,AMZN,0.0037327941519558205,0.5438105943468003,0.4057670345297857,0.8666573031536831,AMZN,AMZN,ORCL,False,0.6124284513210103,0.5530713384907578,AMZN,AMZN,baseline_temporal,0.5,0.4,0.55,0.2,0.55,1,0.0037327941519558205,0.0037327941519558205,0,0.0,0.0,71693.48019583694,-0.031320612730554975
2023-07-07T04:00:00+00:00,2023-07-10T04:00:00+00:00,2023-07-11T04:00:00+00:00,2,AMZN,AMZN,-0.010227008599984488,0.5511902975392846,0.3619612036551744,0.8916554816937097,AMZN,TSLA,AMZN,False,0.636404671824091,0.636404671824091,AMZN,AMZN,baseline_temporal,0.5,0.4,0.55,0.2,0.55,1,-0.010227008599984488,-0.010227008599984488,0,0.0,0.0,70960.2703573113,-0.04122730515478723
2023-07-10T04:00:00+00:00,2023-07-11T04:00:00+00:00,2023-07-12T04:00:00+00:00,2,AMZN,AMZN,0.020039138943248602,0.6002066713949692,0.333329622363534,0.9583232253710046,AMZN,AMZN,ORCL,False,0.726176139164666,0.5297045566586643,AMZN,AMZN,baseline_temporal,0.5,0.4,0.55,0.2,0.55,1,0.020039138943248602,0.020039138943248602,0,0.0,0.0,72382.25307445193,-0.022014325907791288
2023-07-11T04:00:00+00:00,2023-07-12T04:00:00+00:00,2023-07-13T04:00:00+00:00,2,TSLA,TSLA,-0.006278838324436875,0.6137763890569824,0.04386289135002378,0.816658366622464,TSLA,TSLA,ORCL,False,0.9107859708433363,0.5833333333333333,AMZN,TSLA,baseline_temporal,0.5,0.4,0.55,0.2,0.55,1,-0.006278838324436875,-0.006278838324436875,2,0.0,0.0,71927.77660983898,-0.0281549398390315
2023-07-12T04:00:00+00:00,2023-07-13T04:00:00+00:00,2023-07-14T04:00:00+00:00,2,TSLA,TSLA,0.008813139589934238,0.6207444794318041,0.050439448985083235,0.9583231269637374,TSLA,TSLA,AMZN,False,0.8571571941686673,0.6666666666666667,TSLA,TSLA,baseline_temporal,0.5,0.4,0.55,0.2,0.55,1,0.008813139589934238,0.008813139589934238,0,0.0,0.0,72561.6861454951,-0.019589933664044934
2023-07-13T04:00:00+00:00,2023-07-14T04:00:00+00:00,2023-07-17T04:00:00+00:00,2,TSLA,TSLA,0.03470993826937652,0.6222893390292479,0.05701600662014272,0.9583231352565876,TSLA,TSLA,AMZN,False,0.8571571941686673,0.7381382491726686,TSLA,TSLA,baseline_temporal,0.5,0.4,0.55,0.2,0.55,1,0.03470993826937652,0.03470993826937652,0,0.0,0.0,75080.29779232711,0.0
2023-07-14T04:00:00+00:00,2023-07-17T04:00:00+00:00,2023-07-18T04:00:00+00:00,2,TSLA,TSLA,0.012298299171391136,0.5989799730384562,0.050439448985083235,0.8833262021310084,TSLA,AMZN,TSLA,False,0.8214715825060017,0.8214715825060017,TSLA,TSLA,baseline_temporal,0.5,0.4,0.55,0.2,0.55,1,0.012298299171391136,0.012298299171391136,0,0.0,0.0,76003.65775645428,0.0
2023-07-17T04:00:00+00:00,2023-07-18T04:00:00+00:00,2023-07-19T04:00:00+00:00,2,TSLA,TSLA,0.020299844907806452,0.6102134341199705,0.04385066066083517,0.9583304193456877,TSLA,TSLA,AMZN,False,0.7679942106588935,0.625,TSLA,TSLA,baseline_temporal,0.5,0.4,0.55,0.2,0.55,1,0.020299844907806452,0.020299844907806452,0,0.0,0.0,77546.52022133631,0.0
2023-07-18T04:00:00+00:00,2023-07-19T04:00:00+00:00,2023-07-20T04:00:00+00:00,2,TSLA,TSLA,-0.05566815295230376,0.6088323382436697,0.05920527988450278,0.8999965515391152,TSLA,TSLA,AMZN,False,0.7973449120155461,0.6666666666666667,TSLA,TSLA,baseline_temporal,0.5,0.4,0.55,0.2,0.55,1,-0.05566815295230376,-0.05566815295230376,0,0.0,0.0,73229.64867273605,-0.05566815295230376
2023-07-19T04:00:00+00:00,2023-07-20T04:00:00+00:00,2023-07-21T04:00:00+00:00,2,TSLA,TSLA,-0.04135069394763202,0.6285345512364412,0.050434520795768704,0.9499962314522968,TSLA,TSLA,ORCL,False,0.8153391226744398,0.637315965310014,TSLA,TSLA,baseline_temporal,0.5,0.4,0.55,0.2,0.55,1,-0.04135069394763202,-0.04135069394763202,0,0.0,0.0,70201.55188257713,-0.09471693014457494
2023-07-20T04:00:00+00:00,2023-07-21T04:00:00+00:00,2023-07-24T04:00:00+00:00,2,AMZN,AMZN,-0.007880310644129751,0.5981301742238767,0.38377901432122374,0.9666607220661976,AMZN,AMZN,ORCL,False,0.6903391226744399,0.6846608773255602,TSLA,AMZN,baseline_temporal,0.5,0.4,0.55,0.2,0.55,1,-0.007880310644129751,-0.007880310644129751,2,0.0,0.0,69648.34184604243,-0.1018508419559071
2023-07-21T04:00:00+00:00,2023-07-24T04:00:00+00:00,2023-07-25T04:00:00+00:00,2,AMZN,AMZN,-0.0076359310847626816,0.5586021688645988,0.39914112977631644,0.9166616857957014,AMZN,ORCL,AMZN,False,0.6193217546511204,0.6193217546511204,AMZN,AMZN,baseline_temporal,0.5,0.4,0.55,0.2,0.55,1,-0.0076359310847626816,-0.0076359310847626816,0,0.0,0.0,69116.51190753805,-0.1087090470305695
2023-07-24T04:00:00+00:00,2023-07-25T04:00:00+00:00,2023-07-26T04:00:00+00:00,2,TSLA,TSLA,-0.03351934796974809,0.6705523836235876,0.02616425347057147,0.9499952816533033,TSLA,TSLA,ORCL,False,0.9763915901646258,0.6430582568312926,AMZN,TSLA,baseline_temporal,0.5,0.4,0.55,0.2,0.55,1,-0.03351934796974809,-0.03351934796974809,2,0.0,0.0,66799.77149445405,-0.13858453862544018
2023-07-25T04:00:00+00:00,2023-07-26T04:00:00+00:00,2023-07-27T04:00:00+00:00,2,TSLA,TSLA,0.019221272554605928,0.6603495742532403,0.052328826432547035,0.9666609817646332,TSLA,AMD,ORCL,False,0.9763915901646258,0.7083333333333331,TSLA,TSLA,baseline_temporal,0.5,0.4,0.55,0.2,0.55,1,0.019221272554605928,0.019221272554605928,0,0.0,0.0,68083.74810893435,-0.12202703725960806
2023-07-26T04:00:00+00:00,2023-07-27T04:00:00+00:00,2023-07-28T04:00:00+00:00,2,AMD,AMD,0.01422309687807477,0.6851360458520871,0.12209856180954097,0.9666617027736103,AMD,AMD,ORCL,False,0.9583333333333333,0.6194498469959185,TSLA,AMD,baseline_temporal,0.5,0.4,0.55,0.2,0.55,1,0.01422309687807477,0.01422309687807477,2,0.0,0.0,69052.10985411017,-0.10953954275422106
2023-07-27T04:00:00+00:00,2023-07-28T04:00:00+00:00,2023-07-31T04:00:00+00:00,2,AMD,AMD,0.006879520197565769,0.67219542430021,0.11144124614302445,0.9333290148643045,AMD,AMD,ORCL,False,0.9402750765020407,0.6847249234979593,AMD,AMD,baseline_temporal,0.5,0.4,0.55,0.2,0.55,1,0.006879520197565769,0.006879520197565769,0,0.0,0.0,69527.15523853604,-0.10341360205346528
2023-07-28T04:00:00+00:00,2023-07-31T04:00:00+00:00,2023-08-01T04:00:00+00:00,2,AMD,AMD,0.0008759635599160376,0.668029276867239,0.13760065551423212,0.9583285273726642,AMD,AMD,ORCL,False,0.9347249234979592,0.6430582568312926,AMD,AMD,baseline_temporal,0.5,0.4,0.55,0.2,0.55,1,0.0008759635599160376,0.0008759635599160376,0,0.0,0.0,69588.05849294963,-0.1026282250405477
2023-07-31T04:00:00+00:00,2023-08-01T04:00:00+00:00,2023-08-02T04:00:00+00:00,2,AMD,AMD,0.045772798879747834,0.6854014742233983,0.13527318235625657,0.99166327270507,AMD,AMD,ORCL,False,0.9583333333333334,0.6013039886072364,AMD,AMD,baseline_temporal,0.5,0.4,0.55,0.2,0.55,1,0.045772798879747834,0.045772798879747834,0,0.0,0.0,72773.29869877954,-0.061553007264966264
2023-08-01T04:00:00+00:00,2023-08-02T04:00:00+00:00,2023-08-03T04:00:00+00:00,2,ORCL,ORCL,-0.014355338945502782,0.5488365929082011,0.4724157979209549,0.9666651911027415,ORCL,ORCL,AMD,False,0.5236960113927636,0.9583333333333334,AMD,ORCL,baseline_temporal,0.5,0.4,0.55,0.2,0.55,1,-0.014355338945502782,-0.014355338945502782,2,0.0,0.0,71728.61332977626,-0.07502473192806525
2023-08-02T04:00:00+00:00,2023-08-03T04:00:00+00:00,2023-08-04T04:00:00+00:00,2,ORCL,ORCL,0.000809134226377628,0.5634243722123267,0.5054294651196939,0.9499981436756146,ORCL,ORCL,ADM,False,0.5596373219405699,0.30963732194056987,ORCL,ORCL,baseline_temporal,0.5,0.4,0.55,0.2,0.55,1,0.000809134226377628,0.000809134226377628,0,0.0,0.0,71786.65140583197,-0.07427630278011566
2023-08-03T04:00:00+00:00,2023-08-04T04:00:00+00:00,2023-08-07T04:00:00+00:00,2,AMD,AMD,0.016422082459818244,0.6697653942380958,0.08656251009129737,0.916663973197495,AMD,AMD,ORCL,False,0.9403626780594301,0.6070293447260968,ORCL,AMD,baseline_temporal,0.5,0.4,0.55,0.2,0.55,1,0.016422082459818244,0.016422082459818244,2,0.0,0.0,72965.53771473278,-0.0590739918893628
2023-08-04T04:00:00+00:00,2023-08-07T04:00:00+00:00,2023-08-08T04:00:00+00:00,2,AMD,AMD,-0.01220350635957379,0.6909656963333168,0.10387454913188675,0.949997942458543,AMD,CAT,ORCL,False,0.9403626780594301,0.5302159544289461,AMD,AMD,baseline_temporal,0.5,0.4,0.55,0.2,0.55,1,-0.01220350635957379,-0.01220350635957379,0,0.0,0.0,72075.10231120132,-0.07055658841322932
2023-08-07T04:00:00+00:00,2023-08-08T04:00:00+00:00,2023-08-09T04:00:00+00:00,2,AMD,AMD,-0.017835392378632298,0.6931275127611263,0.11930597770615949,0.9583319596047886,AMD,ORCL,AMD,False,0.940381215844622,0.940381215844622,AMD,AMD,baseline_temporal,0.5,0.4,0.55,0.2,0.55,1,-0.017835392378632298,-0.017835392378632298,0,0.0,0.0,70789.61458075097,-0.08713357635261398
2023-08-08T04:00:00+00:00,2023-08-09T04:00:00+00:00,2023-08-10T04:00:00+00:00,2,ORCL,ORCL,-0.013474667624865266,0.5631125209304132,0.584796542309976,0.9916655834328842,ORCL,ORCL,CAT,False,0.5,0.6788563524661337,AMD,ORCL,baseline_temporal,0.5,0.4,0.55,0.2,0.55,1,-0.013474667624865266,-0.013474667624865266,2,0.0,0.0,69835.74805298304,-0.09943414799716199
2023-08-09T04:00:00+00:00,2023-08-10T04:00:00+00:00,2023-08-11T04:00:00+00:00,2,ORCL,ORCL,-0.01220178473866318,0.5776092168084943,0.5273461228876637,0.9166657465295402,ORCL,ORCL,CAT,False,0.5775709016440891,0.6788563524661337,ORCL,ORCL,baseline_temporal,0.5,0.4,0.55,0.2,0.55,1,-0.01220178473866318,-0.01220178473866318,0,0.0,0.0,68983.62728817701,-0.11042265866629153
2023-08-10T04:00:00+00:00,2023-08-11T04:00:00+00:00,2023-08-14T04:00:00+00:00,2,ORCL,ORCL,0.00700589970501464,0.5455641923805897,0.49430552240907577,0.8583324326662263,ORCL,ORCL,CAT,False,0.571808469954845,0.6012854508220444,ORCL,ORCL,baseline_temporal,0.5,0.4,0.55,0.2,0.55,1,0.00700589970501464,0.00700589970501464,0,0.0,0.0,69466.9196622461,-0.1041903690330539
2023-08-11T04:00:00+00:00,2023-08-14T04:00:00+00:00,2023-08-15T04:00:00+00:00,2,ORCL,ORCL,0.020047601611131505,0.6094590232933201,0.4770526057062206,0.9416656069641649,ORCL,ORCL,CAT,False,0.6429521174887113,0.5775709016440891,ORCL,ORCL,baseline_temporal,0.5,0.4,0.55,0.2,0.55,1,0.020047601611131505,0.020047601611131505,0,0.0,0.0,70859.56479278729,-0.08623153443201381
2023-08-14T04:00:00+00:00,2023-08-15T04:00:00+00:00,2023-08-16T04:00:00+00:00,2,ORCL,ORCL,0.014807502467917066,0.5900756144506957,0.48409218811971727,0.7999995008289362,ORCL,ORCL,CAT,False,0.6725509306333312,0.48206111675999763,ORCL,ORCL,baseline_temporal,0.5,0.4,0.55,0.2,0.55,1,0.014807502467917066,0.014807502467917066,0,0.0,0.0,71908.81797333203,-0.0727009056230109
2023-08-15T04:00:00+00:00,2023-08-16T04:00:00+00:00,2023-08-17T04:00:00+00:00,2,ORCL,ORCL,-0.01211531659002485,0.6237247499424572,0.45833291228989614,0.8083331014626819,ORCL,CAT,ORCL,False,0.714217597299998,0.714217597299998,ORCL,ORCL,baseline_temporal,0.5,0.4,0.55,0.2,0.55,1,-0.01211531659002485,-0.01211531659002485,0,0.0,0.0,71037.61987797063,-0.0839354277250316
2023-08-16T04:00:00+00:00,2023-08-17T04:00:00+00:00,2023-08-18T04:00:00+00:00,2,CAT,CAT,-0.014496027711886628,0.5693234650519683,0.48029521381153706,0.9083327601659894,CAT,CAT,ORCL,False,0.5773537055866659,0.636863891713332,ORCL,CAT,baseline_temporal,0.5,0.4,0.55,0.2,0.55,1,-0.014496027711886628,-0.014496027711886628,2,0.0,0.0,70007.8565716331,-0.09721472515060703
2023-08-17T04:00:00+00:00,2023-08-18T04:00:00+00:00,2023-08-21T04:00:00+00:00,2,CAT,CAT,0.006380377473829135,0.5693822825541529,0.5206966413947708,0.849999341346927,CAT,CAT,ORCL,False,0.6130407445066651,0.6190203722533325,CAT,CAT,baseline_temporal,0.5,0.4,0.55,0.2,0.55,1,0.006380377473829135,0.006380377473829135,0,0.0,0.0,70454.53312269381,-0.09145461431925339
2023-08-18T04:00:00+00:00,2023-08-21T04:00:00+00:00,2023-08-22T04:00:00+00:00,2,CAT,CAT,-0.0029611632056490977,0.6117908812489102,0.5305484862451847,0.9916657702053515,CAT,ORCL,CAT,False,0.625,0.625,CAT,CAT,baseline_temporal,0.5,0.4,0.55,0.2,0.55,1,-0.0029611632056490977,-0.0029611632056490977,0,0.0,0.0,70245.9057515397,-0.0941449654859936
2023-08-21T04:00:00+00:00,2023-08-22T04:00:00+00:00,2023-08-23T04:00:00+00:00,2,ORCL,ORCL,-0.003526714865103253,0.5563367801261265,0.4987190909966588,0.8666663973620233,ORCL,ORCL,CAT,False,0.5703327189192773,0.6490834869368474,CAT,ORCL,baseline_temporal,0.5,0.4,0.55,0.2,0.55,1,-0.003526714865103253,-0.003526714865103253,2,0.0,0.0,69998.16847151311,-0.09733965790184262
2023-08-22T04:00:00+00:00,2023-08-23T04:00:00+00:00,2023-08-24T04:00:00+00:00,2,ORCL,ORCL,0.02203149884976119,0.5401141662541412,0.47038963743966894,0.766666863467397,ORCL,ORCL,AMZN,False,0.5221657450455827,0.6119993855859439,ORCL,ORCL,baseline_temporal,0.5,0.4,0.55,0.2,0.55,1,0.02203149884976119,0.02203149884976119,0,0.0,0.0,71540.33303967865,-0.07745269761318196
2023-08-23T04:00:00+00:00,2023-08-24T04:00:00+00:00,2023-08-25T04:00:00+00:00,2,CAT,CAT,-0.0003072314605014892,0.5889581817295099,0.5391058684416714,0.8333328552892845,CAT,CAT,ORCL,False,0.6712492319824299,0.6666666666666667,ORCL,CAT,baseline_temporal,0.5,0.4,0.55,0.2,0.55,1,-0.0003072314605014892,-0.0003072314605014892,2,0.0,0.0,71518.3535986741,-0.07773613316827599
2023-08-24T04:00:00+00:00,2023-08-25T04:00:00+00:00,2023-08-28T04:00:00+00:00,2,CAT,CAT,0.007298989666167266,0.555495179384575,0.5476950528750811,0.8249996486677106,CAT,AMZN,ORCL,False,0.5879158986490965,0.75,CAT,CAT,baseline_temporal,0.5,0.4,0.55,0.2,0.55,1,0.007298989666167266,0.007298989666167266,0,0.0,0.0,72040.36532253212,-0.07100453873479184
2023-08-25T04:00:00+00:00,2023-08-28T04:00:00+00:00,2023-08-29T04:00:00+00:00,2,CAT,CAT,0.005491781396590456,0.5545747932756957,0.555003962026422,0.8499996059744936,CAT,CAT,ORCL,False,0.5703327189192773,0.7324168202701806,CAT,CAT,baseline_temporal,0.5,0.4,0.55,0.2,0.55,1,0.005491781396590456,0.005491781396590456,0,0.0,0.0,72435.99526061397,-0.06590269874309873
2023-08-28T04:00:00+00:00,2023-08-29T04:00:00+00:00,2023-08-30T04:00:00+00:00,2,CAT,CAT,0.01828181300967202,0.5240971915537919,0.5059921506348092,0.8249997717168711,CAT,CAT,ORCL,False,0.5461370478492712,0.7499999999999999,CAT,CAT,baseline_temporal,0.5,0.4,0.55,0.2,0.55,1,0.01828181300967202,0.01828181300967202,0,0.0,0.0,73760.256581138,-0.04882570654868079
2023-08-29T04:00:00+00:00,2023-08-30T04:00:00+00:00,2023-08-31T04:00:00+00:00,2,AMZN,AMZN,0.0009634625361298887,0.6080639060365889,0.43125150106707577,0.8833331203170391,AAPL,AAPL,AMZN,True,0.3157725904301457,0.6776822287095627,CAT,AMZN,baseline_temporal,0.5,0.4,0.55,0.2,0.55,1,0.0009634625361298887,0.0009634625361298887,2,0.0,0.0,73831.32182500926,-0.047909285751610575
2023-08-30T04:00:00+00:00,2023-08-31T04:00:00+00:00,2023-09-01T04:00:00+00:00,2,AAPL,AAPL,0.008787535716211048,0.5912825662106237,0.6309916485337708,0.9666663156789239,AAPL,AMZN,GOOGL,False,0.35743925709681246,0.6621962854840622,AMZN,AAPL,baseline_temporal,0.5,0.4,0.55,0.2,0.55,1,0.008787535716211048,0.008787535716211048,2,0.0,0.0,74480.11720252161,-0.03954275459507983
2023-08-31T04:00:00+00:00,2023-09-01T04:00:00+00:00,2023-09-05T04:00:00+00:00,2,AMZN,AMZN,-0.012369581585457867,0.6770837163953367,0.45573210310475754,0.9416663725708544,AMZN,AMZN,GOOGL,False,0.774105923763479,0.6074392570968125,AAPL,AMZN,baseline_temporal,0.5,0.4,0.55,0.2,0.55,1,-0.012369581585457867,-0.012369581585457867,2,0.0,0.0,73558.82931629055,-0.051423208851460234
2023-09-01T04:00:00+00:00,2023-09-05T04:00:00+00:00,2023-09-06T04:00:00+00:00,2,AMZN,AMZN,-0.010237421041167427,0.628776637166784,0.4411468761433349,0.9583328997796796,AMZN,AAPL,AMZN,False,0.7258940762365209,0.7258940762365209,AMZN,AMZN,baseline_temporal,0.5,0.4,0.55,0.2,0.55,1,-0.010237421041167427,-0.010237421041167427,0,0.0,0.0,72805.77660928431,-0.061134188852327354
2023-09-05T04:00:00+00:00,2023-09-06T04:00:00+00:00,2023-09-07T04:00:00+00:00,2,AMZN,AMZN,-0.017752347417840264,0.6227888642232249,0.42655701835855026,0.949999704675206,AAPL,AAPL,AMZN,True,0.15401642819847913,0.7260041070496197,AMZN,AMZN,baseline_temporal,0.5,0.4,0.55,0.2,0.55,1,-0.017752347417840264,-0.017752347417840264,0,0.0,0.0,71513.30316889063,-0.07780126091055317
2023-09-06T04:00:00+00:00,2023-09-07T04:00:00+00:00,2023-09-08T04:00:00+00:00,2,AMZN,AMZN,0.022106049290515406,0.6271846086420069,0.44244529238437125,0.949999704675206,AAPL,AAPL,AMZN,True,0.45833333333333337,0.7260041070496197,AMZN,AMZN,baseline_temporal,0.5,0.4,0.55,0.2,0.55,1,0.022106049290515406,0.022106049290515406,0,0.0,0.0,73094.1797736697,-0.057415090128590696
2023-09-07T04:00:00+00:00,2023-09-08T04:00:00+00:00,2023-09-11T04:00:00+00:00,2,AAPL,AAPL,0.009652509652509522,0.614340539670096,0.5124852544416144,0.9083333308736086,AAPL,AAPL,AMZN,False,0.5353415474325728,0.6780123211488593,AMZN,AAPL,baseline_temporal,0.5,0.4,0.55,0.2,0.55,1,0.009652509652509522,0.009652509652509522,2,0.0,0.0,73799.7220494773,-0.04831678018774721
2023-09-08T04:00:00+00:00,2023-09-11T04:00:00+00:00,2023-09-12T04:00:00+00:00,2,AAPL,AAPL,-0.0032054886964345553,0.6613427096599983,0.5502596074544029,0.9916666403193843,AAPL,AAPL,AMZN,False,0.5833333333333333,0.5946789878155261,AAPL,AAPL,baseline_temporal,0.5,0.4,0.55,0.2,0.55,1,-0.0032054886964345553,-0.0032054886964345553,0,0.0,0.0,73563.1578746477,-0.05136738999144175
2023-09-11T04:00:00+00:00,2023-09-12T04:00:00+00:00,2023-09-13T04:00:00+00:00,2,AAPL,AAPL,-0.016643159379407524,0.6490050830115329,0.5674450245448808,0.991666600377884,AAPL,AAPL,JPM,False,0.5416666666666667,0.2676707737162864,AAPL,AAPL,baseline_temporal,0.5,0.4,0.55,0.2,0.55,1,-0.016643159379407524,-0.016643159379407524,0,0.0,0.0,72338.83451368743,-0.06715563371231748
2023-09-12T04:00:00+00:00,2023-09-13T04:00:00+00:00,2023-09-14T04:00:00+00:00,2,AAPL,AAPL,-0.01417096959265629,0.6306022838653389,0.46947415186116354,0.9916666235360176,AAPL,AAPL,JPM,False,0.5416666666666667,0.25,AAPL,AAPL,baseline_temporal,0.5,0.4,0.55,0.2,0.55,1,-0.01417096959265629,-0.01417096959265629,0,0.0,0.0,71313.72308942577,-0.08037494286166091
2023-09-13T04:00:00+00:00,2023-09-14T04:00:00+00:00,2023-09-15T04:00:00+00:00,2,AAPL,AAPL,0.014258278531106283,0.6098404860055371,0.4608858185728328,0.9583332957312141,AAPL,AAPL,MSFT,False,0.5178538994194312,0.2440411321721958,AAPL,AAPL,baseline_temporal,0.5,0.4,0.55,0.2,0.55,1,0.014258278531106283,0.014258278531106283,0,0.0,0.0,72330.53401632498,-0.06726267265279806
2023-09-14T04:00:00+00:00,2023-09-15T04:00:00+00:00,2023-09-18T04:00:00+00:00,2,AAPL,AAPL,0.0,0.6161527736436393,0.5184535548487431,0.999999961035567,AAPL,AAPL,MSFT,False,0.5,0.2440411321721958,AAPL,AAPL,baseline_temporal,0.5,0.4,0.55,0.2,0.55,1,0.0,0.0,0,0.0,0.0,72330.53401632498,-0.06726267265279806
2023-09-15T04:00:00+00:00,2023-09-18T04:00:00+00:00,2023-09-19T04:00:00+00:00,2,AAPL,AAPL,0.0058526509065872645,0.6074712088777325,0.5454952092261659,0.9333332848773832,AAPL,AAPL,MSFT,False,0.4821461005805688,0.3571461005805688,AAPL,AAPL,baseline_temporal,0.5,0.4,0.55,0.2,0.55,1,0.0058526509065872645,0.0058526509065872645,0,0.0,0.0,72753.85938180955,-0.06180368668829184
2023-09-18T04:00:00+00:00,2023-09-19T04:00:00+00:00,2023-09-20T04:00:00+00:00,2,AAPL,AAPL,0.009811751283513859,0.5761643921327114,0.49268764061122455,0.8416666317962592,AAPL,AAPL,MSFT,False,0.47025106898894165,0.41073050290284374,AAPL,AAPL,baseline_temporal,0.5,0.4,0.55,0.2,0.55,1,0.009811751283513859,0.009811751283513859,0,0.0,0.0,73467.70215497962,-0.05259833780696754
2023-09-19T04:00:00+00:00,2023-09-20T04:00:00+00:00,2023-09-21T04:00:00+00:00,2,AAPL,AAPL,-0.026268218280420363,0.564496547245932,0.551411472594651,0.9666665899770266,AAPL,AAPL,MSFT,False,0.35695223193171954,0.4097611596585975,AAPL,AAPL,baseline_temporal,0.5,0.4,0.55,0.2,0.55,1,-0.026268218280420363,-0.026268218280420363,0,0.0,0.0,71537.8365182117,-0.07748489146868731
2023-09-20T04:00:00+00:00,2023-09-21T04:00:00+00:00,2023-09-22T04:00:00+00:00,2,AAPL,AAPL,0.0006961768289146519,0.5895357464240379,0.5011761710391721,0.9666666057780937,AAPL,AAPL,GOOGL,False,0.43471443473494714,0.4402855652650528,AAPL,AAPL,baseline_temporal,0.5,0.4,0.55,0.2,0.55,1,0.0006961768289146519,0.0006961768289146519,0,0.0,0.0,71587.63950238637,-0.07684265782580402
2023-09-21T04:00:00+00:00,2023-09-22T04:00:00+00:00,2023-09-25T04:00:00+00:00,2,NVDA,NVDA,0.0004820438659915993,0.6450708771654537,0.06619619050135876,0.9666664939460261,AAPL,AAPL,NVDA,True,0.3333333333333333,0.9347144347349472,AAPL,NVDA,baseline_temporal,0.5,0.4,0.55,0.2,0.55,1,0.0004820438659915993,0.0004820438659915993,2,0.0,0.0,71622.1478848893,-0.076397655491664
2023-09-22T04:00:00+00:00,2023-09-25T04:00:00+00:00,2023-09-26T04:00:00+00:00,2,AAPL,AAPL,0.0036042320660387706,0.5805249091533273,0.6102150130155772,0.9666665747076553,AAPL,AAPL,JPM,False,0.3513811014016139,0.20833333333333337,NVDA,AAPL,baseline_temporal,0.5,0.4,0.55,0.2,0.55,1,0.0036042320660387706,0.0036042320660387706,2,0.0,0.0,71880.29072693459,-0.07306877830531844
2023-09-25T04:00:00+00:00,2023-09-26T04:00:00+00:00,2023-09-27T04:00:00+00:00,2,AAPL,AAPL,-0.012627432808155592,0.5812803670053535,0.618783657902419,0.9666665774436068,AAPL,AAPL,JPM,False,0.3513811014016139,0.20833333333333337,AAPL,AAPL,baseline_temporal,0.5,0.4,0.55,0.2,0.55,1,-0.012627432808155592,-0.012627432808155592,0,0.0,0.0,70972.62718554954,-0.08477354002504955
2023-09-26T04:00:00+00:00,2023-09-27T04:00:00+00:00,2023-09-28T04:00:00+00:00,2,AAPL,AAPL,-0.019007391763463666,0.5759905927116411,0.5587892429821678,0.8999999433406743,AAPL,JPM,AAPL,False,0.37499999999999994,0.37499999999999994,AAPL,AAPL,baseline_temporal,0.5,0.4,0.55,0.2,0.55,1,-0.019007391763463666,-0.019007391763463666,0,0.0,0.0,69623.62265615155,-0.1021696079020814
2023-09-27T04:00:00+00:00,2023-09-28T04:00:00+00:00,2023-09-29T04:00:00+00:00,2,AAPL,AAPL,0.015847386676234976,0.5607099124817354,0.5171226812579267,0.8333333034679088,AAPL,JPM,AAPL,False,0.41169378958403147,0.41169378958403147,AAPL,AAPL,baseline_temporal,0.5,0.4,0.55,0.2,0.55,1,0.015847386676234976,0.015847386676234976,0,0.0,0.0,70726.97512618385,-0.08794134250883012
2023-09-28T04:00:00+00:00,2023-09-29T04:00:00+00:00,2023-10-02T04:00:00+00:00,2,AAPL,AAPL,-0.004650615176311268,0.627148158199392,0.5011400809470147,0.8999999817410163,AAPL,AAPL,JPM,False,0.5416666666666667,0.20833333333333337,AAPL,AAPL,baseline_temporal,0.5,0.4,0.55,0.2,0.55,1,-0.004650615176311268,-0.004650615176311268,0,0.0,0.0,70398.05118228743,-0.09218297634304473
2023-09-29T04:00:00+00:00,2023-10-02T04:00:00+00:00,2023-10-03T04:00:00+00:00,2,AAPL,AAPL,0.006032647267565583,0.5636091754301368,0.5353853606670553,0.8999999542914667,AAPL,AAPL,JPM,False,0.37499999999999994,0.1850135614586824,AAPL,AAPL,baseline_temporal,0.5,0.4,0.55,0.2,0.55,1,0.006032647267565583,0.006032647267565583,0,0.0,0.0,70822.73779339419,-0.08670643645583109
2023-10-02T04:00:00+00:00,2023-10-03T04:00:00+00:00,2023-10-04T04:00:00+00:00,2,AAPL,AAPL,-0.006760728982951214,0.5415116127438125,0.5930345894933251,0.8999999378108515,AAPL,AAPL,JPM,False,0.29166666666666663,0.1666666666666666,AAPL,AAPL,baseline_temporal,0.5,0.4,0.55,0.2,0.55,1,-0.006760728982951214,-0.006760728982951214,0,0.0,0.0,70343.92445734244,-0.09288096672082691
2023-10-03T04:00:00+00:00,2023-10-04T04:00:00+00:00,2023-10-05T04:00:00+00:00,2,AAPL,AAPL,0.015803492157443033,0.5375434224052126,0.6603086482841811,0.8333333040005266,AAPL,AAPL,JPM,False,0.2962120108497646,0.18522732790845106,AAPL,AAPL,baseline_temporal,0.5,0.4,0.55,0.2,0.55,1,0.015803492157443033,0.015803492157443033,0,0.0,0.0,71455.60411582782,-0.07854531819253208
2023-10-04T04:00:00+00:00,2023-10-05T04:00:00+00:00,2023-10-06T04:00:00+00:00,2,AAPL,AAPL,5.826826710175759e-05,0.5460862594067842,0.7030728792126512,0.8666666293916183,AAPL,AAPL,JPM,False,0.2731060054248823,0.16666666666666666,AAPL,AAPL,baseline_temporal,0.5,0.4,0.55,0.2,0.55,1,5.826826710175759e-05,5.826826710175759e-05,0,0.0,0.0,71459.76771005435,-0.07849162662501052
2023-10-05T04:00:00+00:00,2023-10-06T04:00:00+00:00,2023-10-09T04:00:00+00:00,2,AAPL,AAPL,0.017304667016255992,0.567304851711249,0.7287313394922901,0.8999999607212006,AAPL,AAPL,JPM,False,0.29166666666666663,0.16666666666666666,AAPL,AAPL,baseline_temporal,0.5,0.4,0.55,0.2,0.55,1,0.017304667016255992,0.017304667016255992,0,0.0,0.0,72696.35519533585,-0.06254523107106447
2023-10-06T04:00:00+00:00,2023-10-09T04:00:00+00:00,2023-10-10T04:00:00+00:00,2,AAPL,AAPL,0.007273768613974774,0.5373048315729677,0.7276338661886382,0.8999999476175252,AAPL,AAPL,JPM,False,0.2083333333333334,0.07878798915023538,AAPL,AAPL,baseline_temporal,0.5,0.4,0.55,0.2,0.55,1,0.007273768613974774,0.007273768613974774,0,0.0,0.0,73225.13166210605,-0.05572640199580814
2023-10-09T04:00:00+00:00,2023-10-10T04:00:00+00:00,2023-10-11T04:00:00+00:00,2,AAPL,AAPL,0.000568601808153657,0.5341502673396176,0.7127231806925203,0.8999999476175252,AAPL,AAPL,JPM,False,0.2083333333333334,0.060227327908451034,AAPL,AAPL,baseline_temporal,0.5,0.4,0.55,0.2,0.55,1,0.000568601808153657,0.000568601808153657,0,0.0,0.0,73266.76760437142,-0.055189486320591286
2023-10-10T04:00:00+00:00,2023-10-11T04:00:00+00:00,2023-10-12T04:00:00+00:00,2,AAPL,AAPL,0.010513155651531436,0.5250206502654599,0.7597924338880288,0.8999999636380365,AAPL,AAPL,JPM,False,0.16666666666666663,0.125,AAPL,AAPL,baseline_temporal,0.5,0.4,0.55,0.2,0.55,1,0.010513155651531436,0.010513155651531436,0,0.0,0.0,74037.03253628075,-0.045256546329076275
2023-10-11T04:00:00+00:00,2023-10-12T04:00:00+00:00,2023-10-13T04:00:00+00:00,2,AAPL,AAPL,0.00747947362501411,0.5450534521437802,0.7610084195556704,0.8999999651923656,AAPL,XOM,JPM,False,0.2083333333333334,0.1478120675045506,AAPL,AAPL,baseline_temporal,0.5,0.4,0.55,0.2,0.55,1,0.00747947362501411,0.00747947362501411,0,0.0,0.0,74590.79056841017,-0.038115567848689746
2023-10-12T04:00:00+00:00,2023-10-13T04:00:00+00:00,2023-10-16T04:00:00+00:00,2,XOM,XOM,0.022835684563077274,0.6515455994906447,0.34555778827638717,0.8666666568862084,JPM,JPM,XOM,True,0.16666666666666663,0.7311454008378839,AAPL,XOM,baseline_temporal,0.5,0.4,0.55,0.2,0.55,1,0.022835684563077274,0.022835684563077274,2,0.0,0.0,76294.12233314094,-0.016150278369947757
2023-10-13T04:00:00+00:00,2023-10-16T04:00:00+00:00,2023-10-17T04:00:00+00:00,2,JPM,JPM,-0.012558535547041338,0.528096405232306,0.7426394713868475,0.899999959798965,JPM,XOM,AAPL,False,0.16666666666666663,0.23114540083788396,XOM,JPM,baseline_temporal,0.5,0.4,0.55,0.2,0.55,1,-0.012558535547041338,-0.012558535547041338,2,0.0,0.0,75335.97988578989,-0.028505990071985288
2023-10-16T04:00:00+00:00,2023-10-17T04:00:00+00:00,2023-10-18T04:00:00+00:00,2,XOM,XOM,0.018984812150279806,0.5733116270467817,0.38357653042821216,0.8333333366854355,XOM,XOM,AAPL,False,0.5456241350091011,0.25,JPM,XOM,baseline_temporal,0.5,0.4,0.55,0.2,0.55,1,0.018984812150279806,0.018984812150279806,2,0.0,0.0,76766.21931207886,-0.010062358788380021
2023-10-17T04:00:00+00:00,2023-10-18T04:00:00+00:00,2023-10-19T04:00:00+00:00,2,XOM,XOM,0.008040792312218104,0.5344470213443907,0.383597346405783,0.8999999929885791,XOM,XOM,JPM,False,0.41666666666666663,0.21161430267289535,XOM,XOM,baseline_temporal,0.5,0.4,0.55,0.2,0.55,1,0.008040792312218104,0.008040792312218104,0,0.0,0.0,77383.48053816147,-0.002102475813350213
2023-10-18T04:00:00+00:00,2023-10-19T04:00:00+00:00,2023-10-20T04:00:00+00:00,2,XOM,XOM,0.0017509727626459082,0.5015624648359609,0.45237607914827466,0.866666654966218,XOM,XOM,JPM,False,0.314140484669781,0.16666666666666666,XOM,XOM,baseline_temporal,0.5,0.4,0.55,0.2,0.55,1,0.0017509727626459082,0.0017509727626459082,0,0.0,0.0,77518.97690486253,-0.00035518442858761823
2023-10-19T04:00:00+00:00,2023-10-20T04:00:00+00:00,2023-10-23T04:00:00+00:00,2,XOM,XOM,-0.020198096717809255,0.5116993134983894,0.5218318629630396,0.8666666564413359,XOM,XOM,JPM,False,0.314140484669781,0.16666666666666666,XOM,XOM,baseline_temporal,0.5,0.4,0.55,0.2,0.55,1,-0.020198096717809255,-0.020198096717809255,0,0.0,0.0,75953.2411118725,-0.02054610709695559
2023-10-20T04:00:00+00:00,2023-10-23T04:00:00+00:00,2023-10-24T04:00:00+00:00,2,NVDA,NVDA,0.04495747266099648,0.6845466760846639,0.12500002810840605,0.8999999693669187,NVDA,NVDA,XOM,False,0.9583333333333335,0.25,XOM,NVDA,baseline_temporal,0.5,0.4,0.55,0.2,0.55,1,0.04495747266099648,0.04495747266099648,2,0.0,0.0,79367.90687267359,0.0
2023-10-23T04:00:00+00:00,2023-10-24T04:00:00+00:00,2023-10-25T04:00:00+00:00,2,NVDA,NVDA,0.007441860465116301,0.6768128157124472,0.14351475567667016,0.866666640272756,NVDA,XOM,JPM,False,0.9391404846697811,0.26591187932399035,NVDA,NVDA,baseline_temporal,0.5,0.4,0.55,0.2,0.55,1,0.007441860465116301,0.007441860465116301,0,0.0,0.0,79958.55176102837,0.0
2023-10-24T04:00:00+00:00,2023-10-25T04:00:00+00:00,2023-10-26T04:00:00+00:00,2,NVDA,NVDA,-0.03554939981532779,0.6714796947488664,0.1436886426028447,0.8666666482094167,NVDA,NVDA,JPM,False,0.9388973079169443,0.25,NVDA,NVDA,baseline_temporal,0.5,0.4,0.55,0.2,0.55,1,-0.03554939981532779,-0.03554939981532779,0,0.0,0.0,77116.073235821,-0.03554939981532779
2023-10-25T04:00:00+00:00,2023-10-26T04:00:00+00:00,2023-10-27T04:00:00+00:00,2,NVDA,NVDA,-0.017472474868358123,0.666651361106777,0.15804449140287938,0.8999999797524816,NVDA,NVDA,JPM,False,0.9166666666666666,0.1861026920830556,NVDA,NVDA,baseline_temporal,0.5,0.4,0.55,0.2,0.55,1,-0.017472474868358123,-0.017472474868358123,0,0.0,0.0,75768.66458426164,-0.05240073868882744
2023-10-26T04:00:00+00:00,2023-10-27T04:00:00+00:00,2023-10-30T04:00:00+00:00,2,NVDA,NVDA,-0.0009744214372715554,0.6784824457985508,0.10919989577117326,0.8999999794067504,NVDA,NVDA,JPM,False,0.9583333333333334,0.16666666666666663,NVDA,NVDA,baseline_temporal,0.5,0.4,0.55,0.2,0.55,1,-0.0009744214372715554,-0.0009744214372715554,0,0.0,0.0,75694.8339732173,-0.05332409972299168
2023-10-27T04:00:00+00:00,2023-10-30T04:00:00+00:00,2023-10-31T04:00:00+00:00,2,NVDA,NVDA,-0.01560594976834917,0.6598201810656051,0.10919990777843509,0.8999999803873813,NVDA,NVDA,XOM,False,0.9166666666666666,0.35835859041749973,NVDA,NVDA,baseline_temporal,0.5,0.4,0.55,0.2,0.55,1,-0.01560594976834917,-0.01560594976834917,0,0.0,0.0,74513.54419650773,-0.0680978762696215
2023-10-30T04:00:00+00:00,2023-10-31T04:00:00+00:00,2023-11-01T04:00:00+00:00,2,NVDA,NVDA,0.010899182561308063,0.6493389275264931,0.1580445045774446,0.8666666475179547,NVDA,NVDA,XOM,False,0.8972306412502777,0.33892256500111073,NVDA,NVDA,baseline_temporal,0.5,0.4,0.55,0.2,0.55,1,0.010899182561308063,0.010899182561308063,0,0.0,0.0,75325.68091799557,-0.057940904893813316
2023-10-31T04:00:00+00:00,2023-11-01T04:00:00+00:00,2023-11-02T04:00:00+00:00,2,NVDA,NVDA,0.05978926733643708,0.646909793278813,0.12508100889374815,0.8333333216153103,NVDA,NVDA,XOM,False,0.9190325994485997,0.3380651988971994,NVDA,NVDA,baseline_temporal,0.5,0.4,0.55,0.2,0.55,1,0.05978926733643708,0.05978926733643708,0,0.0,0.0,79829.34819170077,-0.001615881809787445
2023-11-01T04:00:00+00:00,2023-11-02T04:00:00+00:00,2023-11-03T04:00:00+00:00,2,NVDA,NVDA,0.015953757225433574,0.6753666139654967,0.11781648561025718,0.8999999859769776,NVDA,NVDA,TSLA,False,0.9583333333333334,1.0,NVDA,NVDA,baseline_temporal,0.5,0.4,0.55,0.2,0.55,1,0.015953757225433574,0.015953757225433574,0,0.0,0.0,81102.92623221577,0.0
2023-11-02T04:00:00+00:00,2023-11-03T04:00:00+00:00,2023-11-06T05:00:00+00:00,2,NVDA,NVDA,0.028675466545289074,0.6230692027823457,0.1437396066649952,0.8999999876933906,NVDA,NVDA,XOM,False,0.8333333333333334,0.5220162997242999,NVDA,NVDA,baseline_temporal,0.5,0.4,0.55,0.2,0.55,1,0.028675466545289074,0.028675466545289074,0,0.0,0.0,83428.59048011272,0.0
2023-11-03T04:00:00+00:00,2023-11-06T05:00:00+00:00,2023-11-07T05:00:00+00:00,2,NVDA,NVDA,0.009513274336283128,0.6160880071893692,0.10061540980430957,0.7999999918965994,NVDA,NVDA,XOM,False,0.850617767493767,0.7083333333333331,NVDA,NVDA,baseline_temporal,0.5,0.4,0.55,0.2,0.55,1,0.009513274336283128,0.009513274336283128,0,0.0,0.0,84222.26954883945,0.0
2023-11-06T05:00:00+00:00,2023-11-07T05:00:00+00:00,2023-11-08T05:00:00+00:00,2,NVDA,NVDA,0.00832785448170048,0.606575118767353,0.10069640564804218,0.8999999900445463,NVDA,NVDA,XOM,False,0.7916666666666666,0.7303496330576331,NVDA,NVDA,baseline_temporal,0.5,0.4,0.55,0.2,0.55,1,0.00832785448170048,0.00832785448170048,0,0.0,0.0,84923.66035376074,0.0
2023-11-07T05:00:00+00:00,2023-11-08T05:00:00+00:00,2023-11-09T05:00:00+00:00,2,NVDA,NVDA,0.02977613562269088,0.5259259733957955,0.15094334992308409,0.6999999980314109,NVDA,NVDA,XOM,False,0.6732646053512283,0.75,NVDA,NVDA,baseline_temporal,0.5,0.4,0.55,0.2,0.55,1,0.02977613562269088,0.02977613562269088,0,0.0,0.0,87452.35878202965,0.0
2023-11-08T05:00:00+00:00,2023-11-09T05:00:00+00:00,2023-11-10T05:00:00+00:00,2,NVDA,NVDA,0.0006331785563526982,0.5446037183474922,0.13522002780372594,0.7999999961786286,NVDA,NVDA,XOM,False,0.6907989693422808,0.7916666666666665,NVDA,NVDA,baseline_temporal,0.5,0.4,0.55,0.2,0.55,1,0.0006331785563526982,0.0006331785563526982,0,0.0,0.0,87507.7317403129,0.0
2023-11-09T05:00:00+00:00,2023-11-10T05:00:00+00:00,2023-11-13T05:00:00+00:00,2,NVDA,NVDA,0.017295929128875676,0.5416042934753191,0.12499999708119353,0.7666666649417645,NVDA,XOM,NVDA,False,0.6710652924563744,0.6710652924563744,NVDA,NVDA,baseline_temporal,0.5,0.4,0.55,0.2,0.55,1,0.017295929128875676,0.017295929128875676,0,0.0,0.0,89021.25926672202,0.0
2023-11-10T05:00:00+00:00,2023-11-13T05:00:00+00:00,2023-11-14T05:00:00+00:00,2,XOM,XOM,0.011485774499472967,0.7065796924868166,0.5379209072879907,0.8333333282451761,XOM,XOM,AAPL,False,0.8311340204384794,0.16886597956152055,NVDA,XOM,baseline_temporal,0.5,0.4,0.55,0.2,0.55,1,0.011485774499472967,0.011485774499472967,2,0.0,0.0,90043.7373763187,0.0
2023-11-13T05:00:00+00:00,2023-11-14T05:00:00+00:00,2023-11-15T05:00:00+00:00,2,XOM,XOM,-0.0032295030732366614,0.7233351008680011,0.5899187613069822,0.8666666621784692,XOM,XOM,AAPL,False,0.8114003435525731,0.20833333333333334,XOM,XOM,baseline_temporal,0.5,0.4,0.55,0.2,0.55,1,-0.0032295030732366614,-0.0032295030732366614,0,0.0,0.0,89752.94084973617,-0.0032295030732366614
2023-11-14T05:00:00+00:00,2023-11-15T05:00:00+00:00,2023-11-16T05:00:00+00:00,2,XOM,XOM,-0.010242474916387967,0.7142479976121525,0.722523611685657,0.8666666644691725,XOM,XOM,AAPL,False,0.7280691897664299,0.16666666666666663,XOM,XOM,baseline_temporal,0.5,0.4,0.55,0.2,0.55,1,-0.010242474916387967,-0.010242474916387967,0,0.0,0.0,88833.6486044107,-0.013438899885404587
2023-11-15T05:00:00+00:00,2023-11-16T05:00:00+00:00,2023-11-17T05:00:00+00:00,2,NVDA,NVDA,0.017287507717637318,0.6068878043079803,0.1247140398650648,0.7999999972390783,NVDA,NVDA,AAPL,False,0.8157924307007101,0.18859747690023668,XOM,NVDA,baseline_temporal,0.5,0.4,0.55,0.2,0.55,1,0.017287507717637318,0.017287507717637318,2,0.0,0.0,90369.36099024533,0.0
2023-11-16T05:00:00+00:00,2023-11-17T05:00:00+00:00,2023-11-20T05:00:00+00:00,2,NVDA,NVDA,-0.0042484321262391544,0.5774481410425848,0.1247140416259058,0.8333333302704928,NVDA,NVDA,HD,False,0.7521949538004733,0.33333333333333337,NVDA,NVDA,baseline_temporal,0.5,0.4,0.55,0.2,0.55,1,-0.0042484321262391544,-0.0042484321262391544,0,0.0,0.0,89985.43289378667,-0.0042484321262391544
2023-11-17T05:00:00+00:00,2023-11-20T05:00:00+00:00,2023-11-21T05:00:00+00:00,2,XOM,XOM,-0.011135168574079812,0.6906977067413937,0.6322496877561411,0.8333333322649608,XOM,XOM,NVDA,False,0.70613837953286,0.7916666666666667,NVDA,XOM,baseline_temporal,0.5,0.4,0.55,0.2,0.55,1,-0.011135168574079812,-0.011135168574079812,2,0.0,0.0,88983.4299293028,-0.015336293692417846
2023-11-20T05:00:00+00:00,2023-11-21T05:00:00+00:00,2023-11-22T05:00:00+00:00,2,XOM,XOM,-0.01563966218329682,0.7141301399132237,0.6772320965119044,0.8333333317299068,XOM,XOM,HD,False,0.7478050461995265,0.27412576403404343,XOM,XOM,baseline_temporal,0.5,0.4,0.55,0.2,0.55,1,-0.01563966218329682,-0.01563966218329682,0,0.0,0.0,87591.75914529743,-0.030736101423221585
2023-11-21T05:00:00+00:00,2023-11-22T05:00:00+00:00,2023-11-24T05:00:00+00:00,2,XOM,XOM,0.014087490731913954,0.7238203100005689,0.6796207126253525,0.7999999994003097,XOM,XOM,HD,False,0.7669179822738247,0.2968871347460114,XOM,XOM,baseline_temporal,0.5,0.4,0.55,0.2,0.55,1,0.014087490731913954,0.014087490731913954,0,0.0,0.0,88825.70724044886,-0.01708160523524227
2023-11-22T05:00:00+00:00,2023-11-24T05:00:00+00:00,2023-11-27T05:00:00+00:00,2,XOM,XOM,0.0007311468560686762,0.7024808465929577,0.6144592513206472,0.899999998944081,XOM,XOM,NVDA,False,0.7083333333333331,0.9166666666666666,XOM,XOM,baseline_temporal,0.5,0.4,0.55,0.2,0.55,1,0.0007311468560686762,0.0007311468560686762,0,0.0,0.0,88890.6518770358,-0.016362947541137873
2023-11-24T05:00:00+00:00,2023-11-27T05:00:00+00:00,2023-11-28T05:00:00+00:00,2,NVDA,NVDA,0.009222385244183506,0.6865039601379748,0.05882434790537938,0.8999999973752704,NVDA,NVDA,XOM,False,0.9583333333333334,0.625,XOM,NVDA,baseline_temporal,0.5,0.4,0.55,0.2,0.55,1,0.009222385244183506,0.009222385244183506,2,0.0,0.0,89710.43571325243,-0.007291467702909005
2023-11-27T05:00:00+00:00,2023-11-28T05:00:00+00:00,2023-11-29T05:00:00+00:00,2,NVDA,NVDA,0.002907580477673921,0.6480892023666799,0.05882434790537938,0.8333333301266583,NVDA,NVDA,GOOGL,False,0.955723099293661,0.39452821631349716,NVDA,NVDA,baseline_temporal,0.5,0.4,0.55,0.2,0.55,1,0.002907580477673921,0.002907580477673921,0,0.0,0.0,89971.2760247759,-0.0044050877543817535
2023-11-28T05:00:00+00:00,2023-11-29T05:00:00+00:00,2023-11-30T05:00:00+00:00,2,NVDA,NVDA,-0.007454959618968693,0.6768192528430577,0.06574895447325915,0.8666666645422869,NVDA,NVDA,GOOGL,False,0.9361948829801638,0.39452821631349716,NVDA,NVDA,baseline_temporal,0.5,0.4,0.55,0.2,0.55,1,-0.007454959618968693,-0.007454959618968693,0,0.0,0.0,89300.54379514411,-0.011827207622023495
2023-11-29T05:00:00+00:00,2023-11-30T05:00:00+00:00,2023-12-01T05:00:00+00:00,2,NVDA,NVDA,-0.031087001877738385,0.6347766571713229,0.065800919139214,0.8666666647443282,NVDA,NVDA,GOOGL,False,0.8973253046612301,0.48065863799456343,NVDA,NVDA,baseline_temporal,0.5,0.4,0.55,0.2,0.55,1,-0.031087001877738385,-0.031087001877738385,0,0.0,0.0,86524.4576225014,-0.042546537074207635
2023-11-30T05:00:00+00:00,2023-12-01T05:00:00+00:00,2023-12-04T05:00:00+00:00,2,NVDA,NVDA,-0.009689922480620061,0.6687930621584288,0.08333333333333338,0.8999999982913958,NVDA,NVDA,GOOGL,False,0.9166666666666667,0.5386827240108732,NVDA,NVDA,baseline_temporal,0.5,0.4,0.55,0.2,0.55,1,-0.009689922480620061,-0.009689922480620061,0,0.0,0.0,85686.04233546168,-0.05182418690875967
2023-12-01T05:00:00+00:00,2023-12-04T05:00:00+00:00,2023-12-05T05:00:00+00:00,2,NVDA,NVDA,-0.01304631441617743,0.6504951298583718,0.09870137989044629,0.866666665059894,NVDA,NVDA,GOOGL,False,0.8943413620054366,0.5610080286721033,NVDA,NVDA,baseline_temporal,0.5,0.4,0.55,0.2,0.55,1,-0.01304631441617743,-0.01304631441617743,0,0.0,0.0,84568.15528607536,-0.06419438668816269
2023-12-04T05:00:00+00:00,2023-12-05T05:00:00+00:00,2023-12-06T05:00:00+00:00,2,NVDA,NVDA,0.038334434897554504,0.6660520675996824,0.059199080860786,0.8999999983679683,NVDA,NVDA,AAPL,False,0.9166666666666667,0.1636827240108733,NVDA,NVDA,baseline_temporal,0.5,0.4,0.55,0.2,0.55,1,0.038334434897554504,0.038334434897554504,0,0.0,0.0,87810.02772929569,-0.028320807327894104
2023-12-05T05:00:00+00:00,2023-12-06T05:00:00+00:00,2023-12-07T05:00:00+00:00,2,NVDA,NVDA,-0.032039040950562425,0.6761569389084578,0.08333333333333338,0.8666666652119116,NVDA,NVDA,AMZN,False,0.9360080286721033,0.6026746953387699,NVDA,NVDA,baseline_temporal,0.5,0.4,0.55,0.2,0.55,1,-0.032039040950562425,-0.032039040950562425,0,0.0,0.0,84996.67865500676,-0.05945247677272514
2023-12-06T05:00:00+00:00,2023-12-07T05:00:00+00:00,2023-12-08T05:00:00+00:00,2,NVDA,NVDA,0.019508987286277923,0.6735959719518656,0.07618510311274983,0.8666666656662299,NVDA,NVDA,WMT,False,0.9390042173401151,0.2693291159932182,NVDA,NVDA,baseline_temporal,0.5,0.4,0.55,0.2,0.55,1,0.019508987286277923,0.019508987286277923,0,0.0,0.0,86654.87777826314,-0.04110334709994401
2023-12-07T05:00:00+00:00,2023-12-08T05:00:00+00:00,2023-12-11T05:00:00+00:00,2,NVDA,NVDA,0.019350677273704653,0.6532386719333625,0.0743482283999322,0.8666666657441278,NVDA,NVDA,WMT,False,0.8943291159932182,0.27233755067344845,NVDA,NVDA,baseline_temporal,0.5,0.4,0.55,0.2,0.55,1,0.019350677273704653,0.019350677273704653,0,0.0,0.0,88331.70835234263,-0.02254804743083949
2023-12-08T05:00:00+00:00,2023-12-11T05:00:00+00:00,2023-12-12T05:00:00+00:00,2,NVDA,NVDA,-0.030584264923011917,0.652844959455553,0.0743482283999322,0.8333333324262574,NVDA,NVDA,GOOGL,False,0.9136582319864365,0.6310168693604606,NVDA,NVDA,baseline_temporal,0.5,0.4,0.55,0.2,0.55,1,-0.030584264923011917,-0.030584264923011917,0,0.0,0.0,85630.14798299235,-0.05244269689773007
2023-12-11T05:00:00+00:00,2023-12-12T05:00:00+00:00,2023-12-13T05:00:00+00:00,2,NVDA,NVDA,0.034377719756309766,0.6530492751165073,0.07463262636502198,0.8666666657438835,NVDA,NVDA,AMD,False,0.8943291159932182,0.9806708840067817,NVDA,NVDA,baseline_temporal,0.5,0.4,0.55,0.2,0.55,1,0.034377719756309766,0.034377719756309766,0,0.0,0.0,88573.917213043,-0.01986783747863552
2023-12-12T05:00:00+00:00,2023-12-13T05:00:00+00:00,2023-12-14T05:00:00+00:00,2,NVDA,NVDA,0.01598653765250302,0.6342408030076777,0.1576815607306071,0.7999999993039425,NVDA,NVDA,AMD,False,0.8496540146463212,0.9776624493265516,NVDA,NVDA,baseline_temporal,0.5,0.4,0.55,0.2,0.55,1,0.01598653765250302,0.01598653765250302,0,0.0,0.0,89989.907475599,-0.0041989177580583625
2023-12-13T05:00:00+00:00,2023-12-14T05:00:00+00:00,2023-12-15T05:00:00+00:00,2,NVDA,NVDA,-0.003933747412008248,0.6142571591075124,0.1564059444928855,0.8333333329046695,NVDA,NVDA,AMD,False,0.7884458753575857,0.9775562710121262,NVDA,NVDA,baseline_temporal,0.5,0.4,0.55,0.2,0.55,1,-0.003933747412008248,-0.003933747412008248,0,0.0,0.0,89635.90990996,-0.00811614768820268
2023-12-14T05:00:00+00:00,2023-12-15T05:00:00+00:00,2023-12-18T05:00:00+00:00,2,NVDA,NVDA,0.024942839326543398,0.5887004573001264,0.18094735938942322,0.8999999994537748,NVDA,NVDA,AMD,False,0.7083333333333333,0.9583333333333334,NVDA,NVDA,baseline_temporal,0.5,0.4,0.55,0.2,0.55,1,0.024942839326543398,0.024942839326543398,0,0.0,0.0,91871.68400873266,0.0
2023-12-15T05:00:00+00:00,2023-12-18T05:00:00+00:00,2023-12-19T05:00:00+00:00,2,NVDA,NVDA,0.0006083958629081732,0.562869618146003,0.1823696393926381,0.7666666663376525,NVDA,JPM,AMZN,False,0.714774915951495,0.5416666666666666,NVDA,NVDA,baseline_temporal,0.5,0.4,0.55,0.2,0.55,1,0.0006083958629081732,0.0006083958629081732,0,0.0,0.0,91927.57836120197,0.0
2023-12-18T05:00:00+00:00,2023-12-19T05:00:00+00:00,2023-12-20T05:00:00+00:00,2,AMD,AMD,0.0031031247744821577,0.604076670192378,0.09743014743416954,0.8666666657642514,JPM,JPM,AMD,True,0.04166666666666663,0.8525562710121262,NVDA,AMD,baseline_temporal,0.5,0.4,0.55,0.2,0.55,1,0.0031031247744821577,0.0031031247744821577,2,0.0,0.0,92212.84110707277,0.0
2023-12-19T05:00:00+00:00,2023-12-20T05:00:00+00:00,2023-12-21T05:00:00+00:00,2,JPM,JPM,-0.006817321045322511,0.4787938704786813,0.787399827980265,0.8333333325184259,JPM,AMD,NVDA,False,0.08655412464241422,0.75,AMD,JPM,baseline_temporal,0.5,0.4,0.55,0.2,0.55,1,-0.006817321045322511,-0.006817321045322511,2,0.0,0.0,91584.19656474453,-0.006817321045322622
2023-12-20T05:00:00+00:00,2023-12-21T05:00:00+00:00,2023-12-22T05:00:00+00:00,2,AMD,AMD,0.016939336904589597,0.6457559308749887,0.09918529759267525,0.8333333326953749,AMD,AMD,NVDA,False,0.9621965802732453,0.7310982901366228,JPM,AMD,baseline_temporal,0.5,0.4,0.55,0.2,0.55,1,0.016939336904589597,0.016939336904589597,2,0.0,0.0,93135.5721254909,0.0
2023-12-21T05:00:00+00:00,2023-12-22T05:00:00+00:00,2023-12-26T05:00:00+00:00,2,AMD,AMD,-0.0029185649202733144,0.6829196756073103,0.08045848086356482,0.8999999993345925,AMD,AMD,GOOGL,False,1.0,0.43943162346995607,AMD,AMD,baseline_temporal,0.5,0.4,0.55,0.2,0.55,1,-0.0029185649202733144,-0.0029185649202733144,0,0.0,0.0,92863.74991185585,-0.0029185649202734254
2023-12-22T05:00:00+00:00,2023-12-26T05:00:00+00:00,2023-12-27T05:00:00+00:00,2,AMD,AMD,0.03319768687085034,0.6631198459781514,0.06604394242687878,0.8666666660467848,AMD,NVDA,AMD,False,0.9810982901366228,0.9810982901366228,AMD,AMD,baseline_temporal,0.5,0.4,0.55,0.2,0.55,1,0.03319768687085034,0.03319768687085034,0,0.0,0.0,95946.6116030826,0.0
2023-12-26T05:00:00+00:00,2023-12-27T05:00:00+00:00,2023-12-28T05:00:00+00:00,2,AMD,AMD,0.014372581536760798,0.6680500987243083,0.04154728228474605,0.8666666661221888,AMD,AMZN,AMD,False,0.9772350431967106,0.9772350431967106,AMD,AMD,baseline_temporal,0.5,0.4,0.55,0.2,0.55,1,0.014372581536760798,0.014372581536760798,0,0.0,0.0,97325.61210152382,0.0
2023-12-27T05:00:00+00:00,2023-12-28T05:00:00+00:00,2023-12-29T05:00:00+00:00,2,AMD,AMD,0.018392370572207106,0.6820677287715069,0.032902586621070797,0.8999999993962892,AMD,AMD,AMZN,False,1.0,0.5567051295901319,AMD,AMD,baseline_temporal,0.5,0.4,0.55,0.2,0.55,1,0.018392370572207106,0.018392370572207106,0,0.0,0.0,99115.66082546192,0.0
2023-12-28T05:00:00+00:00,2023-12-29T05:00:00+00:00,2024-01-02T05:00:00+00:00,2,AMD,AMD,-0.03491638795986618,0.6311031754082145,0.008483981588610958,0.89999999960108,AMD,AMD,AMZN,False,0.9166666666666666,0.5969103822005128,AMD,AMD,baseline_temporal,0.5,0.4,0.55,0.2,0.55,1,-0.03491638795986618,-0.03491638795986618,0,0.0,0.0,95654.89995918158,-0.03491638795986618
2023-12-29T05:00:00+00:00,2024-01-02T05:00:00+00:00,2024-01-03T05:00:00+00:00,2,AMZN,AMZN,-0.015441467599313752,0.5216991071519391,0.3820719169852699,0.7333333332001821,AMZN,AMZN,AMD,False,0.5920728592230767,0.9399187614887179,AMD,AMZN,baseline_temporal,0.5,0.4,0.55,0.2,0.55,1,-0.015441467599313752,-0.015441467599313752,2,0.0,0.0,94177.84792074628,-0.04981869528581262
2024-01-02T05:00:00+00:00,2024-01-03T05:00:00+00:00,2024-01-04T05:00:00+00:00,2,AMZN,AMZN,-0.024195710455763964,0.5627377204139049,0.4375567976633626,0.7666666664481658,AMZN,AMD,AMZN,False,0.6569916207117946,0.6569916207117946,AMZN,AMZN,baseline_temporal,0.5,0.4,0.55,0.2,0.55,1,-0.024195710455763964,-0.024195710455763964,0,0.0,0.0,91899.14798110892,-0.07280900701515713
2024-01-03T05:00:00+00:00,2024-01-04T05:00:00+00:00,2024-01-05T05:00:00+00:00,2,AMD,AMD,0.018466120625465265,0.6582808185533012,0.05015064825527761,0.8666666662646256,AMD,AMD,NVDA,False,0.9767479051779487,0.8381708563107693,AMZN,AMD,baseline_temporal,0.5,0.4,0.55,0.2,0.55,1,0.018466120625465265,0.018466120625465265,2,0.0,0.0,93596.16873310557,-0.05568738629585401
2024-01-04T05:00:00+00:00,2024-01-05T05:00:00+00:00,2024-01-08T05:00:00+00:00,2,AMD,AMD,0.026173417166252433,0.6742999540409365,0.03959577902316342,0.8999999995663137,AMD,AMD,AAPL,False,1.0,0.31491876148871795,AMD,AMD,baseline_temporal,0.5,0.4,0.55,0.2,0.55,1,0.026173417166252433,0.026173417166252433,0,0.0,0.0,96045.9003025201,-0.030971498322021285
2024-01-05T05:00:00+00:00,2024-01-08T05:00:00+00:00,2024-01-09T05:00:00+00:00,2,AMD,AMD,0.03982616129951544,0.6590644505626263,0.023752233729793154,0.8666666664169071,AMD,AMD,AAPL,False,0.9817700301608726,0.315103363494206,AMD,AMD,baseline_temporal,0.5,0.4,0.55,0.2,0.55,1,0.03982616129951544,0.03982616129951544,0,0.0,0.0,99871.03982012544,0.0
2024-01-08T05:00:00+00:00,2024-01-09T05:00:00+00:00,2024-01-10T05:00:00+00:00,2,AMD,AMD,0.028228845495032573,0.6342136176827697,0.008377072082567738,0.8333333330851633,AMD,AMD,AAPL,False,0.9635400603217454,0.315103363494206,AMD,AMD,baseline_temporal,0.5,0.4,0.55,0.2,0.55,1,0.028228845495032573,0.028228845495032573,0,0.0,0.0,102690.283972636,0.0
2024-01-09T05:00:00+00:00,2024-01-10T05:00:00+00:00,2024-01-11T05:00:00+00:00,2,AMD,AMD,-0.010328513360431724,0.6498897265021373,0.02237325121188307,0.8666666663866973,AMD,AMD,AAPL,False,0.9817700301608726,0.26822996983912734,AMD,AMD,baseline_temporal,0.5,0.4,0.55,0.2,0.55,1,-0.010328513360431724,-0.010328513360431724,0,0.0,0.0,101629.64600263811,-0.010328513360431613
2024-01-10T05:00:00+00:00,2024-01-11T05:00:00+00:00,2024-01-12T05:00:00+00:00,2,AMD,AMD,-0.003231887961217428,0.669485985048834,0.04789123038597398,0.8999999996964851,AMD,AMD,AAPL,False,1.0,0.26822996983912734,AMD,AMD,baseline_temporal,0.5,0.4,0.55,0.2,0.55,1,-0.003231887961217428,-0.003231887961217428,0,0.0,0.0,101301.1903732194,-0.013527020723662075
2024-01-11T05:00:00+00:00,2024-01-12T05:00:00+00:00,2024-01-16T05:00:00+00:00,2,AMD,AMD,0.0156714401513105,0.647306947462266,0.03774841285910848,0.8999999997054133,AMD,AMD,AAPL,False,0.9583333333333334,0.26822996983912734,AMD,AMD,baseline_temporal,0.5,0.4,0.55,0.2,0.55,1,0.0156714401513105,0.0156714401513105,0,0.0,0.0,102888.72591540981,0.0
2024-01-12T05:00:00+00:00,2024-01-16T05:00:00+00:00,2024-01-17T05:00:00+00:00,2,AMD,AMD,0.05380420324554391,0.6333402012709799,0.06357750221798239,0.8666666664885618,AMD,AMD,AAPL,False,0.9347747710815889,0.2862162088298445,AMD,AMD,baseline_temporal,0.5,0.4,0.55,0.2,0.55,1,0.05380420324554391,0.05380420324554391,0,0.0,0.0,108424.57183623758,0.0
2024-01-16T05:00:00+00:00,2024-01-17T05:00:00+00:00,2024-01-18T05:00:00+00:00,2,AMD,AMD,0.048911328494793294,0.6429401202850438,0.024117381604231693,0.866666666474319,AMD,AMD,AAPL,False,0.9764414377482556,0.2264414377482556,AMD,AMD,baseline_temporal,0.5,0.4,0.55,0.2,0.55,1,0.048911328494793294,0.048911328494793294,0,0.0,0.0,113727.76168622711,0.0
2024-01-17T05:00:00+00:00,2024-01-18T05:00:00+00:00,2024-01-19T05:00:00+00:00,2,AMD,AMD,-0.002406738868832581,0.6685700013053688,0.024117381604231693,0.8999999998084904,AMD,AMD,AAPL,False,1.0,0.3152252289184111,AMD,AMD,baseline_temporal,0.5,0.4,0.55,0.2,0.55,1,-0.002406738868832581,-0.002406738868832581,0,0.0,0.0,113454.04866171152,-0.002406738868832692
2024-01-18T05:00:00+00:00,2024-01-19T05:00:00+00:00,2024-01-22T05:00:00+00:00,2,AMD,AMD,0.051809408926417166,0.6474926310981366,0.017124655275349836,0.8666666664788865,AMD,AMD,TSLA,False,0.9818918955850777,0.9402252289184111,AMD,AMD,baseline_temporal,0.5,0.4,0.55,0.2,0.55,1,0.051809408926417166,0.051809408926417166,0,0.0,0.0,119332.03586318377,0.0
2024-01-19T05:00:00+00:00,2024-01-22T05:00:00+00:00,2024-01-23T05:00:00+00:00,2,TSLA,TSLA,-0.004522755111655452,0.6597736861326745,0.05044130913922108,0.8999999998454233,TSLA,TSLA,NFLX,False,0.9166666666666666,0.7681081044149223,AMD,TSLA,baseline_temporal,0.5,0.4,0.55,0.2,0.55,1,-0.004522755111655452,-0.004522755111655452,2,0.0,0.0,118792.32628799931,-0.004522755111655452
2024-01-22T05:00:00+00:00,2024-01-23T05:00:00+00:00,2024-01-24T05:00:00+00:00,2,TSLA,TSLA,0.0027449124467580077,0.633466177406331,0.06620157549056775,0.8999999999200125,TSLA,AMD,TSLA,False,0.8333333333333335,0.8333333333333335,TSLA,TSLA,baseline_temporal,0.5,0.4,0.55,0.2,0.55,1,0.0027449124467580077,0.0027449124467580077,0,0.0,0.0,119118.40082300658,-0.0017902572316970122
2024-01-23T05:00:00+00:00,2024-01-24T05:00:00+00:00,2024-01-25T05:00:00+00:00,2,AMD,AMD,0.06293827875977964,0.6354412796278296,0.03246062234649205,0.8333333332192359,AMD,AMD,TSLA,False,0.9642369882052585,0.9225703215385919,TSLA,AMD,baseline_temporal,0.5,0.4,0.55,0.2,0.55,1,0.06293827875977964,0.06293827875977964,2,0.0,0.0,126615.50793942415,0.0
2024-01-24T05:00:00+00:00,2024-01-25T05:00:00+00:00,2024-01-26T05:00:00+00:00,2,AMD,AMD,-0.04427239518019743,0.651709764790239,0.01532886450372644,0.8666666665500147,AMD,TSLA,AMD,False,0.9821184941026294,0.9821184941026294,AMD,AMD,baseline_temporal,0.5,0.4,0.55,0.2,0.55,1,-0.04427239518019743,-0.04427239518019743,0,0.0,0.0,121009.93613598852,-0.044272395180197543
2024-01-25T05:00:00+00:00,2024-01-26T05:00:00+00:00,2024-01-29T05:00:00+00:00,2,TSLA,TSLA,0.0007008086253368351,0.6522554374844934,0.03288739927797237,0.8333333332391026,TSLA,TSLA,AMD,False,0.9524296784614082,0.9642369882052585,AMD,TSLA,baseline_temporal,0.5,0.4,0.55,0.2,0.55,1,0.0007008086253368351,0.0007008086253368351,2,0.0,0.0,121094.74094298408,-0.043602613031267334
2024-01-26T05:00:00+00:00,2024-01-29T05:00:00+00:00,2024-01-30T05:00:00+00:00,2,TSLA,TSLA,0.052254484727684236,0.6568669960087087,0.041666666626944286,0.8333333332428564,TSLA,TSLA,AMD,False,0.9524296784614082,0.9225703215385919,TSLA,TSLA,baseline_temporal,0.5,0.4,0.55,0.2,0.55,1,0.052254484727684236,0.052254484727684236,0,0.0,0.0,127422.48423419213,0.0
2024-01-29T05:00:00+00:00,2024-01-30T05:00:00+00:00,2024-01-31T05:00:00+00:00,2,TSLA,TSLA,-0.0426713766446527,0.6386807691884765,0.03282230429252631,0.8999999999431163,TSLA,TSLA,AMD,False,0.875,0.9761562154527529,TSLA,TSLA,baseline_temporal,0.5,0.4,0.55,0.2,0.55,1,-0.0426713766446527,-0.0426713766446527,0,0.0,0.0,121985.19141643759,-0.0426713766446527
2024-01-30T05:00:00+00:00,2024-01-31T05:00:00+00:00,2024-02-01T05:00:00+00:00,2,TSLA,TSLA,0.00804834353859718,0.6205048555371264,0.025955039316163185,0.8333333332794588,TSLA,TSLA,AMD,False,0.8810209024278277,1.0,TSLA,TSLA,baseline_temporal,0.5,0.4,0.55,0.2,0.55,1,0.00804834353859718,0.00804834353859718,0,0.0,0.0,122966.97014357863,-0.03496646700455652
2024-01-31T05:00:00+00:00,2024-02-01T05:00:00+00:00,2024-02-02T05:00:00+00:00,2,AMD,AMD,0.0267029006912034,0.6737021792932724,0.06564460858711053,0.8666666666034688,AMD,AMD,AAPL,False,0.9761562154527529,0.3094895487860862,TSLA,AMD,baseline_temporal,0.5,0.4,0.55,0.2,0.55,1,0.0267029006912034,0.0267029006912034,2,0.0,0.0,126250.54493562077,-0.00919727240929813
2024-02-01T05:00:00+00:00,2024-02-02T05:00:00+00:00,2024-02-05T05:00:00+00:00,2,AMD,AMD,0.030496576327752045,0.6855593824040528,0.04795588381487674,0.8999999999286498,AMD,AMD,AAPL,False,1.0,0.30346864635825854,AMD,AMD,baseline_temporal,0.5,0.4,0.55,0.2,0.55,1,0.030496576327752045,0.030496576327752045,0,0.0,0.0,130100.75431567023,0.0
2024-02-02T05:00:00+00:00,2024-02-05T05:00:00+00:00,2024-02-06T05:00:00+00:00,2,TSLA,TSLA,-0.038261152718984004,0.6412477978954586,0.02653308709435213,0.8666666666130194,AAPL,AAPL,TSLA,True,0.3868019796915919,0.8928228821194196,AMD,TSLA,baseline_temporal,0.5,0.4,0.55,0.2,0.55,1,-0.038261152718984004,-0.038261152718984004,2,0.0,0.0,125122.94948594335,-0.038261152718984115
2024-02-05T05:00:00+00:00,2024-02-06T05:00:00+00:00,2024-02-07T05:00:00+00:00,2,AAPL,AAPL,0.020241381176597795,0.5824993857155927,0.7599935326593055,0.8666666666499454,AAPL,AMD,TSLA,False,0.3572602173960796,0.8333333333333334,TSLA,AAPL,baseline_temporal,0.5,0.4,0.55,0.2,0.55,1,0.020241381176597795,0.020241381176597795,2,0.0,0.0,127655.61080042852,-0.018794230118827193
2024-02-06T05:00:00+00:00,2024-02-07T05:00:00+00:00,2024-02-08T05:00:00+00:00,2,AAPL,AAPL,-0.006577900376637746,0.5719882165193975,0.7756928110300622,0.8999999999725745,AAPL,ADM,AAPL,False,0.2916666666666667,0.2916666666666667,AAPL,AAPL,baseline_temporal,0.5,0.4,0.55,0.2,0.55,1,-0.006577900376637746,-0.006577900376637746,0,0.0,0.0,126815.90491006446,-0.02524850392208766
2024-02-07T05:00:00+00:00,2024-02-08T05:00:00+00:00,2024-02-09T05:00:00+00:00,2,AMD,AMD,0.0039335407737919326,0.6678896012048154,0.09903261168705942,0.8666666666192935,AMD,AMD,ADM,False,0.9760731159372538,0.8811871014588258,AAPL,AMD,baseline_temporal,0.5,0.4,0.55,0.2,0.55,1,0.0039335407737919326,0.0039335407737919326,2,0.0,0.0,127314.74044279353,-0.021414279167950467
2024-02-08T05:00:00+00:00,2024-02-09T05:00:00+00:00,2024-02-12T05:00:00+00:00,2,AMD,AMD,0.009824561403508847,0.6692666480959509,0.10115125085180102,0.8666666666201244,AMD,AAPL,ADM,False,0.9760731159372538,0.8989268840627462,AMD,AMD,baseline_temporal,0.5,0.4,0.55,0.2,0.55,1,0.009824561403508847,0.009824561403508847,0,0.0,0.0,128565.55192784553,-0.011800103665039141
2024-02-09T05:00:00+00:00,2024-02-12T05:00:00+00:00,2024-02-13T05:00:00+00:00,2,ADM,ADM,0.005283478967689437,0.6305088483428808,0.07730250178740775,0.8333333332943706,AAPL,AAPL,ADM,True,0.24381289854117408,0.8811871014588258,AMD,ADM,baseline_temporal,0.5,0.4,0.55,0.2,0.55,1,0.005283478967689437,0.005283478967689437,2,0.0,0.0,129244.8253174257,-0.006578970296880482
2024-02-12T05:00:00+00:00,2024-02-13T05:00:00+00:00,2024-02-14T05:00:00+00:00,2,ADM,ADM,-0.017788558722457992,0.5686901539764077,0.08468133200821507,0.8666666666442665,AAPL,AAPL,ADM,True,0.24371102432058675,0.7323111545063732,ADM,ADM,baseline_temporal,0.5,0.4,0.55,0.2,0.55,1,-0.017788558722457992,-0.017788558722457992,0,0.0,0.0,126945.74615269284,-0.024250498619879157
2024-02-13T05:00:00+00:00,2024-02-14T05:00:00+00:00,2024-02-15T05:00:00+00:00,2,AAPL,AAPL,-0.009537824286025676,0.5451947719284045,0.8490996423581681,0.8666666666500052,AAPL,ADM,AAPL,False,0.22602217882696007,0.22602217882696007,ADM,AAPL,baseline_temporal,0.5,0.4,0.55,0.2,0.55,1,-0.009537824286025676,-0.009537824286025676,2,0.0,0.0,125734.95993203003,-0.033557025911219895
2024-02-14T05:00:00+00:00,2024-02-15T05:00:00+00:00,2024-02-16T05:00:00+00:00,2,AMD,AMD,-0.009433962264150941,0.6181526686817371,0.06631096013674655,0.866666666636922,AMD,AMD,AAPL,False,0.8926888454936267,0.26768884549362665,AAPL,AMD,baseline_temporal,0.5,0.4,0.55,0.2,0.55,1,-0.009433962264150941,-0.009433962264150941,2,0.0,0.0,124548.78106474674,-0.04267441245922721
2024-02-15T05:00:00+00:00,2024-02-16T05:00:00+00:00,2024-02-20T05:00:00+00:00,2,AMD,AMD,-0.035559312482389416,0.6716651879540645,0.07662887771718409,0.8999999999698495,AMD,AAPL,ADM,False,0.9583333333333333,0.6906444878397067,AMD,AMD,baseline_temporal,0.5,0.4,0.55,0.2,0.55,1,-0.035559312482389416,-0.035559312482389416,0,0.0,0.0,120119.91203956469,-0.0767162521739767
2024-02-16T05:00:00+00:00,2024-02-20T05:00:00+00:00,2024-02-21T05:00:00+00:00,2,ADM,ADM,-0.004042037186742009,0.569490285914247,0.11737807972650688,0.8666666666516749,AAPL,AAPL,ADM,True,0.29166666666666663,0.6843555121602934,AMD,ADM,baseline_temporal,0.5,0.4,0.55,0.2,0.55,1,-0.004042037186742009,-0.004042037186742009,2,0.0,0.0,119634.3828882326,-0.08044819941660386
2024-02-20T05:00:00+00:00,2024-02-21T05:00:00+00:00,2024-02-22T05:00:00+00:00,2,CAT,CAT,0.02591357739411726,0.6394466135962684,0.39725226461049035,0.8333333333348112,AAPL,AAPL,CAT,True,0.20218648910900874,0.6605198224423421,ADM,CAT,baseline_temporal,0.5,0.4,0.55,0.2,0.55,1,0.02591357739411726,0.02591357739411726,2,0.0,0.0,122734.53772820428,-0.056619322664286154
2024-02-21T05:00:00+00:00,2024-02-22T05:00:00+00:00,2024-02-23T05:00:00+00:00,2,CAT,CAT,0.006210180835317658,0.6411040209534787,0.41707820777963717,0.8333333333351622,AAPL,AAPL,CAT,True,0.25,0.6605198224423421,CAT,CAT,baseline_temporal,0.5,0.4,0.55,0.2,0.55,1,0.006210180835317658,0.006210180835317658,0,0.0,0.0,123496.74140223554,-0.050760758061486944
2024-02-22T05:00:00+00:00,2024-02-23T05:00:00+00:00,2024-02-26T05:00:00+00:00,2,AAPL,AAPL,-0.014958781459845971,0.5573628194438617,0.9159925194987835,0.8666666666578011,AAPL,AAPL,ADC,False,0.22609324455450439,0.517759911221171,CAT,AAPL,baseline_temporal,0.5,0.4,0.55,0.2,0.55,1,-0.014958781459845971,-0.014958781459845971,2,0.0,0.0,121649.38063659638,-0.06496022043475502
2024-02-23T05:00:00+00:00,2024-02-26T05:00:00+00:00,2024-02-27T05:00:00+00:00,2,AAPL,AAPL,-0.006262816604777455,0.5743593173154239,0.914910661819585,0.8999999999907354,AAPL,AAPL,CAT,False,0.25,0.5116130669968465,AAPL,AAPL,baseline_temporal,0.5,0.4,0.55,0.2,0.55,1,-0.006262816604777455,-0.006262816604777455,0,0.0,0.0,120887.51287558462,-0.0708162030923436
2024-02-26T05:00:00+00:00,2024-02-27T05:00:00+00:00,2024-02-28T05:00:00+00:00,2,AMD,AMD,0.0018758526603002146,0.6268807865659962,0.125,0.7999999999811302,AAPL,AAPL,AMD,True,0.2916666666666667,0.9282797336635131,AAPL,AMD,baseline_temporal,0.5,0.4,0.55,0.2,0.55,1,0.0018758526603002146,0.0018758526603002146,2,0.0,0.0,121114.28003820937,-0.06907319119500654
2024-02-27T05:00:00+00:00,2024-02-28T05:00:00+00:00,2024-02-29T05:00:00+00:00,2,ADM,ADM,0.013928717738631802,0.6250488380915431,0.18365236975924176,0.8333333333284769,AAPL,AAPL,ADM,True,0.30948676571728734,0.7560264685654254,AMD,ADM,baseline_temporal,0.5,0.4,0.55,0.2,0.55,1,0.013928717738631802,0.013928717738631802,2,0.0,0.0,122801.24665897919,-0.056106574439836576
2024-02-28T05:00:00+00:00,2024-02-29T05:00:00+00:00,2024-03-01T05:00:00+00:00,2,ADM,ADM,0.02060606060606074,0.5660947052133217,0.16095468772250543,0.7666666666636581,AAPL,AAPL,ADM,True,0.3333333333333334,0.6787196037975174,ADM,ADM,baseline_temporal,0.5,0.4,0.55,0.2,0.55,1,0.02060606060606074,0.02060606060606074,0,0.0,0.0,125331.69659013393,-0.03665664930708157
2024-02-29T05:00:00+00:00,2024-03-01T05:00:00+00:00,2024-03-04T05:00:00+00:00,2,ADM,ADM,-0.0071258907363421775,0.643574802062208,0.16889136474464245,0.8333333333282589,AAPL,AAPL,ADM,True,0.35115343238395397,0.7976931352320921,ADM,ADM,baseline_temporal,0.5,0.4,0.55,0.2,0.55,1,-0.0071258907363421775,-0.0071258907363421775,0,0.0,0.0,124438.59661443223,-0.04352132876570114
2024-03-01T05:00:00+00:00,2024-03-04T05:00:00+00:00,2024-03-05T05:00:00+00:00,2,ADM,ADM,-0.02372408293460926,0.5817941630078336,0.2116703804453585,0.8333333333282695,AAPL,AAPL,ADM,True,0.41666666666666663,0.6726931352320921,ADM,ADM,baseline_temporal,0.5,0.4,0.55,0.2,0.55,1,-0.02372408293460926,-0.02372408293460926,0,0.0,0.0,121486.40502808506,-0.06621290808724845
2024-03-04T05:00:00+00:00,2024-03-05T05:00:00+00:00,2024-03-06T05:00:00+00:00,2,AAPL,AAPL,0.0017745179226311691,0.6595939957751114,0.754726495122152,0.8999999999993528,AAPL,AAPL,ADM,False,0.5416666666666667,0.7382063695148049,ADM,AAPL,baseline_temporal,0.5,0.4,0.55,0.2,0.55,1,0.0017745179226311691,0.0017745179226311691,2,0.0,0.0,121701.98483116343,-0.0645558861567277
2024-03-05T05:00:00+00:00,2024-03-06T05:00:00+00:00,2024-03-07T05:00:00+00:00,2,AAPL,AAPL,-0.011159659896079477,0.6309304680308132,0.6974118547803475,0.8666666666668457,AAPL,AAPL,ADM,False,0.5239265396874536,0.6728530793749071,AAPL,AAPL,baseline_temporal,0.5,0.4,0.55,0.2,0.55,1,-0.011159659896079477,-0.011159659896079477,0,0.0,0.0,120343.83207176981,-0.07499512431900812
2024-03-06T05:00:00+00:00,2024-03-07T05:00:00+00:00,2024-03-08T05:00:00+00:00,2,AAPL,AAPL,-0.00089568280886132,0.6592077107677818,0.7390850931364159,0.8999999999999906,AAPL,AAPL,NFLX,False,0.5416666666666667,0.7260734603125465,AAPL,AAPL,baseline_temporal,0.5,0.4,0.55,0.2,0.55,1,-0.00089568280886132,-0.00089568280886132,0,0.0,0.0,120236.04217023063,-0.0758236352842685
2024-03-07T05:00:00+00:00,2024-03-08T05:00:00+00:00,2024-03-11T04:00:00+00:00,2,AAPL,AAPL,0.023308630169734723,0.6613496217865338,0.7560961856348408,0.8333333333336924,AAPL,AAPL,NFLX,False,0.5771469206250929,0.7260734603125465,AAPL,AAPL,baseline_temporal,0.5,0.4,0.55,0.2,0.55,1,0.023308630169734723,0.023308630169734723,0,0.0,0.0,123038.57961024917,-0.054282350187499606
2024-03-08T05:00:00+00:00,2024-03-11T04:00:00+00:00,2024-03-12T04:00:00+00:00,2,AAPL,AAPL,0.0012264922322158256,0.6676437562022441,0.765649912757728,0.8999999999997168,AAPL,AAPL,NFLX,False,0.5416666666666667,0.7083333333333333,AAPL,AAPL,baseline_temporal,0.5,0.4,0.55,0.2,0.55,1,0.0012264922322158256,0.0012264922322158256,0,0.0,0.0,123189.485472404,-0.05312243483613521
2024-03-11T04:00:00+00:00,2024-03-12T04:00:00+00:00,2024-03-13T04:00:00+00:00,2,AAPL,AAPL,-0.002216648194598325,0.6297911516398014,0.7631597431808541,0.8333333333335595,AAPL,NFLX,AAPL,False,0.4938135872917595,0.4938135872917595,AAPL,AAPL,baseline_temporal,0.5,0.4,0.55,0.2,0.55,1,-0.002216648194598325,-0.002216648194598325,0,0.0,0.0,122916.41772183811,-0.055221329281461284
2024-03-12T04:00:00+00:00,2024-03-13T04:00:00+00:00,2024-03-14T04:00:00+00:00,2,AAPL,AAPL,0.0008184741303711718,0.6108740625696383,0.7684326520846272,0.8000000000003598,AAPL,AAPL,NFLX,False,0.47001497127405956,0.684449434869131,AAPL,AAPL,baseline_temporal,0.5,0.4,0.55,0.2,0.55,1,0.0008184741303711718,0.0008184741303711718,0,0.0,0.0,123017.02162994133,-0.054448052380551726
2024-03-13T04:00:00+00:00,2024-03-14T04:00:00+00:00,2024-03-15T04:00:00+00:00,2,AAPL,AAPL,-0.010047315847888316,0.6787450970122674,0.8281699725109997,0.8000000000004674,AAPL,AAPL,TSLA,False,0.5950149712740597,1.0,AAPL,AAPL,baseline_temporal,0.5,0.4,0.55,0.2,0.55,1,-0.010047315847888316,-0.010047315847888316,0,0.0,0.0,121781.0307589588,-0.06394831144887025
2024-03-14T04:00:00+00:00,2024-03-15T04:00:00+00:00,2024-03-18T04:00:00+00:00,2,AAPL,AAPL,0.025727267362955164,0.6233420198752105,0.8312660551531993,0.8000000000004482,AAPL,TSLA,NFLX,False,0.47001497127405956,0.7022322030715953,AAPL,AAPL,baseline_temporal,0.5,0.4,0.55,0.2,0.55,1,0.025727267362955164,0.025727267362955164,0,0.0,0.0,124914.12389703079,-0.03986625939196975
2024-03-15T04:00:00+00:00,2024-03-18T04:00:00+00:00,2024-03-19T04:00:00+00:00,2,NFLX,NFLX,0.0032594524119948787,0.5535418481950787,0.3134645965765996,0.8333333333298205,NFLX,NFLX,AAPL,False,0.6605655364049285,0.49389886973826197,AAPL,NFLX,baseline_temporal,0.5,0.4,0.55,0.2,0.55,1,0.0032594524119948787,0.0032594524119948787,2,0.0,0.0,125321.2755394592,-0.036736749155307225
2024-03-18T04:00:00+00:00,2024-03-19T04:00:00+00:00,2024-03-20T04:00:00+00:00,2,NFLX,NFLX,0.007147498375568606,0.589259838914181,0.2752560108693549,0.86666666666282,NFLX,AAPL,NFLX,False,0.7261161015357975,0.7261161015357975,NFLX,NFLX,baseline_temporal,0.5,0.4,0.55,0.2,0.55,1,0.007147498375568606,0.007147498375568606,0,0.0,0.0,126217.00915280166,-0.029851826634649914
2024-03-19T04:00:00+00:00,2024-03-20T04:00:00+00:00,2024-03-21T04:00:00+00:00,2,NFLX,NFLX,0.0172580645161291,0.5673302221363413,0.2594307850429398,0.8666666666643446,NFLX,AAPL,NFLX,False,0.6845064276778754,0.6845064276778754,NFLX,NFLX,baseline_temporal,0.5,0.4,0.55,0.2,0.55,1,0.0172580645161291,0.0172580645161291,0,0.0,0.0,128395.27043979357,-0.013108946868505833
2024-03-20T04:00:00+00:00,2024-03-21T04:00:00+00:00,2024-03-22T04:00:00+00:00,2,NFLX,NFLX,-0.010306009196131227,0.5928946685807787,0.25041454901237725,0.866666666664526,AAPL,AAPL,NFLX,True,0.4583333333333333,0.7261730943445422,NFLX,NFLX,baseline_temporal,0.5,0.4,0.55,0.2,0.55,1,-0.010306009196131227,-0.010306009196131227,0,0.0,0.0,127072.0276019013,-0.023279855137658734
2024-03-21T04:00:00+00:00,2024-03-22T04:00:00+00:00,2024-03-25T04:00:00+00:00,2,AAPL,AAPL,-0.006939135548368114,0.6907386114530131,0.6936726276530009,0.8999999999996433,AAPL,AAPL,NFLX,False,0.6249999999999999,0.7261730943445422,NFLX,AAPL,baseline_temporal,0.5,0.4,0.55,0.2,0.55,1,-0.006939135548368114,-0.006939135548368114,2,0.0,0.0,126190.25757796573,-0.03005744861568027
2024-03-22T04:00:00+00:00,2024-03-25T04:00:00+00:00,2024-03-26T04:00:00+00:00,2,AAPL,AAPL,-0.0033161603600402323,0.6789718957097933,0.7119169202046677,0.8333333333334778,AAPL,AAPL,NFLX,False,0.619012855355751,0.7083333333333333,AAPL,AAPL,baseline_temporal,0.5,0.4,0.55,0.2,0.55,1,-0.0033161603600402323,-0.0033161603600402323,0,0.0,0.0,125771.79044796241,-0.03327393365609721
2024-03-25T04:00:00+00:00,2024-03-26T04:00:00+00:00,2024-03-27T04:00:00+00:00,2,AAPL,AAPL,0.0024359812251202317,0.7319423477968616,0.7109596545769157,0.8999999999993453,AAPL,AAPL,NFLX,False,0.7083333333333333,0.6428397610112089,AAPL,AAPL,baseline_temporal,0.5,0.4,0.55,0.2,0.55,1,0.0024359812251202317,0.0024359812251202317,0,0.0,0.0,126078.1681681434,-0.030919007108649255
2024-03-26T04:00:00+00:00,2024-03-27T04:00:00+00:00,2024-03-28T04:00:00+00:00,2,NFLX,NFLX,-0.02225755166931631,0.584432584389078,0.2337839080342572,0.8666666666650245,NFLX,NFLX,AAPL,False,0.7324798488014235,0.6425201511985765,AAPL,NFLX,baseline_temporal,0.5,0.4,0.55,0.2,0.55,1,-0.02225755166931631,-0.02225755166931631,2,0.0,0.0,123271.9768257682,-0.05248837737968082
2024-03-27T04:00:00+00:00,2024-03-28T04:00:00+00:00,2024-04-01T04:00:00+00:00,2,NFLX,NFLX,-0.011382113821138296,0.6048601459957804,0.27704005421406713,0.899999999998115,NFLX,NFLX,AAPL,False,0.75,0.5833333333333333,NFLX,NFLX,baseline_temporal,0.5,0.4,0.55,0.2,0.55,1,-0.011382113821138296,-0.011382113821138296,0,0.0,0.0,121868.8811545806,-0.0632730625151966
2024-03-28T04:00:00+00:00,2024-04-01T04:00:00+00:00,2024-04-02T04:00:00+00:00,2,NFLX,NFLX,0.00493421052631593,0.5877102274564389,0.2680339953738091,0.8333333333315817,NFLX,NFLX,AAPL,False,0.7566263642695137,0.5833333333333333,NFLX,NFLX,baseline_temporal,0.5,0.4,0.55,0.2,0.55,1,0.00493421052631593,0.00493421052631593,0,0.0,0.0,122470.20787080386,-0.05865105459997544
2024-04-01T04:00:00+00:00,2024-04-02T04:00:00+00:00,2024-04-03T04:00:00+00:00,2,AAPL,AAPL,-0.0017323775388291551,0.7039903663520303,0.7543731712498715,0.7666666666668178,AAPL,AAPL,WMT,False,0.6950806047943059,0.0767069690638196,NFLX,AAPL,baseline_temporal,0.5,0.4,0.55,0.2,0.55,1,-0.0017323775388291551,-0.0017323775388291551,2,0.0,0.0,122258.04323351274,-0.060281826369187
2024-04-02T04:00:00+00:00,2024-04-03T04:00:00+00:00,2024-04-04T04:00:00+00:00,2,AAPL,AAPL,0.008916282688049781,0.6941732720046732,0.8230689532847701,0.8333333333333512,AAPL,AAPL,NVDA,False,0.6183736357304862,0.9166666666666667,AAPL,AAPL,baseline_temporal,0.5,0.4,0.55,0.2,0.55,1,0.008916282688049781,0.008916282688049781,0,0.0,0.0,123348.13050787055,-0.0519030334859969
2024-04-03T04:00:00+00:00,2024-04-04T04:00:00+00:00,2024-04-05T04:00:00+00:00,2,AAPL,AAPL,-0.004092526690391396,0.7077694622121757,0.8514524982849866,0.8333333333334711,AAPL,AAPL,NVDA,False,0.6176481058653241,0.8995092804006714,AAPL,AAPL,baseline_temporal,0.5,0.4,0.55,0.2,0.55,1,-0.004092526690391396,-0.004092526690391396,0,0.0,0.0,122843.32499155721,-0.055783145626534525
2024-04-04T04:00:00+00:00,2024-04-05T04:00:00+00:00,2024-04-08T04:00:00+00:00,2,AMD,AMD,0.0005948839976204212,0.6775346305648215,0.045000006968258954,0.8999999999983961,AAPL,AAPL,AMD,True,0.4779443175959724,1.0,AAPL,AMD,baseline_temporal,0.5,0.4,0.55,0.2,0.55,1,0.0005948839976204212,0.0005948839976204212,2,0.0,0.0,122916.40251980917,-0.05522144612958424
2024-04-05T04:00:00+00:00,2024-04-08T04:00:00+00:00,2024-04-09T04:00:00+00:00,2,AAPL,AAPL,-0.0019719151478935215,0.6734583502025612,0.8407433071598546,0.8666666666665127,AAPL,AAPL,NVDA,False,0.5245092804006714,0.9509814391986574,AMD,AAPL,baseline_temporal,0.5,0.4,0.55,0.2,0.55,1,-0.0019719151478935215,-0.0019719151478935215,2,0.0,0.0,122674.02180375578,-0.057084469271366234
2024-04-08T04:00:00+00:00,2024-04-09T04:00:00+00:00,2024-04-10T04:00:00+00:00,2,NVDA,NVDA,-0.04021079161415975,0.6877531278515892,0.021198565394484954,0.899999999998647,AAPL,AAPL,NVDA,True,0.460786931329977,1.0,AAPL,NVDA,baseline_temporal,0.5,0.4,0.55,0.2,0.55,1,-0.04021079161415975,-0.04021079161415975,2,0.0,0.0,117741.20227653407,-0.09499984918725024
2024-04-09T04:00:00+00:00,2024-04-10T04:00:00+00:00,2024-04-11T04:00:00+00:00,2,NVDA,NVDA,0.04165671998090237,0.6739190984958995,0.008994323019658546,0.8999999999988213,AAPL,AAPL,NVDA,True,0.35049071959932876,0.9583333333333335,NVDA,NVDA,baseline_temporal,0.5,0.4,0.55,0.2,0.55,1,0.04165671998090237,0.04165671998090237,0,0.0,0.0,122645.91456998243,-0.05730051132216907
2024-04-10T04:00:00+00:00,2024-04-11T04:00:00+00:00,2024-04-12T04:00:00+00:00,2,AMD,AMD,-0.01799516547793123,0.6627760464455361,0.04825316440441102,0.8666666666656768,AAPL,AAPL,AMD,True,0.32519406362719167,0.9832363015197375,NVDA,AMD,baseline_temporal,0.5,0.4,0.55,0.2,0.55,1,-0.01799516547793123,-0.01799516547793123,2,0.0,0.0,120438.88104210337,-0.07426454461688792
2024-04-11T04:00:00+00:00,2024-04-12T04:00:00+00:00,2024-04-15T04:00:00+00:00,2,AAPL,AAPL,0.006317741841998403,0.6145186148751619,0.7630409290881427,0.8666666666660466,AAPL,NVDA,AAPL,False,0.3582363015197375,0.3582363015197375,AMD,AAPL,baseline_temporal,0.5,0.4,0.55,0.2,0.55,1,0.006317741841998403,0.006317741841998403,2,0.0,0.0,121199.78280026653,-0.06841598699579254
2024-04-12T04:00:00+00:00,2024-04-15T04:00:00+00:00,2024-04-16T04:00:00+00:00,2,AAPL,AAPL,-0.02061974426909352,0.6173622386935663,0.763001145858208,0.8666666666659709,AAPL,ADM,AAPL,False,0.3500970318135958,0.3500970318135958,AAPL,AAPL,baseline_temporal,0.5,0.4,0.55,0.2,0.55,1,-0.02061974426909352,-0.02061974426909352,0,0.0,0.0,118700.67427345537,-0.08762501110911514
2024-04-15T04:00:00+00:00,2024-04-16T04:00:00+00:00,2024-04-17T04:00:00+00:00,2,ADM,ADM,-0.005169340463458072,0.5823617057136552,0.45796589211830846,0.733333333333073,ADM,ADM,AAPL,False,0.6671518257346457,0.3165696348530708,AAPL,ADM,baseline_temporal,0.5,0.4,0.55,0.2,0.55,1,-0.005169340463458072,-0.005169340463458072,2,0.0,0.0,118087.07007489385,-0.09234138805703573
2024-04-16T04:00:00+00:00,2024-04-17T04:00:00+00:00,2024-04-18T04:00:00+00:00,2,ADM,ADM,0.002508511019530646,0.5774672518392405,0.5072410818696335,0.699999999999866,ADM,ADM,AAPL,False,0.6422488575482417,0.4080422378925459,ADM,ADM,baseline_temporal,0.5,0.4,0.55,0.2,0.55,1,0.002508511019530646,0.002508511019530646,0,0.0,0.0,118383.2927914408,-0.09006451642700497
2024-04-17T04:00:00+00:00,2024-04-18T04:00:00+00:00,2024-04-19T04:00:00+00:00,2,NVDA,NVDA,-0.021339306767271693,0.6523366997851853,0.07442261194732615,0.8333333333328814,AAPL,AAPL,NVDA,True,0.3497855818260197,0.9254288363479604,ADM,NVDA,baseline_temporal,0.5,0.4,0.55,0.2,0.55,1,-0.021339306767271693,-0.021339306767271693,2,0.0,0.0,115857.07539044452,-0.1094819088493948
2024-04-18T04:00:00+00:00,2024-04-19T04:00:00+00:00,2024-04-22T04:00:00+00:00,2,AAPL,AAPL,-0.0041929995138551,0.6079234943590159,0.7135967585433197,0.8666666666663609,AAPL,NVDA,NFLX,False,0.39145224849268634,0.591023412144726,NVDA,AAPL,baseline_temporal,0.5,0.4,0.55,0.2,0.55,1,-0.0041929995138551,-0.0041929995138551,2,0.0,0.0,115371.28672965571,-0.11321585077266849
2024-04-19T04:00:00+00:00,2024-04-22T04:00:00+00:00,2024-04-23T04:00:00+00:00,2,AAPL,AAPL,-0.0009763837188014879,0.6290874810454279,0.6755773880526739,0.8666666666663569,AAPL,AAPL,MSFT,False,0.44188108484064686,0.33333333333333337,AAPL,AAPL,baseline_temporal,0.5,0.4,0.55,0.2,0.55,1,-0.0009763837188014879,-0.0009763837188014879,0,0.0,0.0,115258.64008367568,-0.11408169237806531
2024-04-22T04:00:00+00:00,2024-04-23T04:00:00+00:00,2024-04-24T04:00:00+00:00,2,TSLA,TSLA,0.13611944463824743,0.6159165480076714,0.023848192568441094,0.8666666666661833,TSLA,TSLA,AAPL,False,0.8585477515073136,0.39914232730407906,AAPL,TSLA,baseline_temporal,0.5,0.4,0.55,0.2,0.55,1,0.13611944463824743,0.13611944463824743,2,0.0,0.0,130947.58216162527,0.0
2024-04-23T04:00:00+00:00,2024-04-24T04:00:00+00:00,2024-04-25T04:00:00+00:00,2,TSLA,TSLA,-0.023827069516089372,0.6457309432614876,0.015439020477819764,0.866666666666105,TSLA,TSLA,MSFT,False,0.9331189151593531,0.2664522484926864,TSLA,TSLA,baseline_temporal,0.5,0.4,0.55,0.2,0.55,1,-0.023827069516089372,-0.023827069516089372,0,0.0,0.0,127827.48501849639,-0.023827069516089483
2024-04-24T04:00:00+00:00,2024-04-25T04:00:00+00:00,2024-04-26T04:00:00+00:00,2,AAPL,AAPL,0.0020853193517635926,0.6226435126190938,0.7942787059274704,0.866666666666482,AAPL,AAPL,MSFT,False,0.39113860716153825,0.27552805950512843,TSLA,AAPL,baseline_temporal,0.5,0.4,0.55,0.2,0.55,1,0.0020853193517635926,0.0020853193517635926,2,0.0,0.0,128094.04614669272,-0.021791437213483644
2024-04-25T04:00:00+00:00,2024-04-26T04:00:00+00:00,2024-04-29T04:00:00+00:00,2,AAPL,AAPL,0.020571972174326714,0.5798282665269244,0.7785198015317816,0.8666666666664473,AAPL,META,AAPL,False,0.30780527382820494,0.30780527382820494,AAPL,AAPL,baseline_temporal,0.5,0.4,0.55,0.2,0.55,1,0.020571972174326714,0.020571972174326714,0,0.0,0.0,130729.19329971942,-0.0016677578791511882
2024-04-26T04:00:00+00:00,2024-04-29T04:00:00+00:00,2024-04-30T04:00:00+00:00,2,META,META,-0.01937184777624945,0.6410542280750217,0.12711509727394035,0.8999999999996284,META,META,AAPL,False,0.8750000000000001,0.30780527382820494,AAPL,META,baseline_temporal,0.5,0.4,0.55,0.2,0.55,1,-0.01937184777624945,-0.01937184777624945,2,0.0,0.0,128196.72726720537,-0.021007298103638106
2024-04-29T04:00:00+00:00,2024-04-30T04:00:00+00:00,2024-05-01T04:00:00+00:00,2,META,META,-0.005680888369374637,0.6559595536432199,0.11832679408835169,0.8999999999996007,META,META,AAPL,False,0.9166666666666666,0.30780527382820494,META,META,baseline_temporal,0.5,0.4,0.55,0.2,0.55,1,-0.005680888369374637,-0.005680888369374637,0,0.0,0.0,127468.45597028121,-0.02656884635754375
2024-04-30T04:00:00+00:00,2024-05-01T04:00:00+00:00,2024-05-02T04:00:00+00:00,2,META,META,0.02388789617229392,0.6693965378001668,0.13610102241377528,0.8666666666663272,META,META,AAPL,False,0.932805273828205,0.39113860716153825,META,META,baseline_temporal,0.5,0.4,0.55,0.2,0.55,1,0.02388789617229392,0.02388789617229392,0,0.0,0.0,130513.4092117419,-0.003315624028456421
2024-05-01T04:00:00+00:00,2024-05-02T04:00:00+00:00,2024-05-03T04:00:00+00:00,2,META,META,0.016166069624322432,0.6433225559160349,0.125,0.86666666666647,META,META,AAPL,False,0.8592001843604385,0.3232662979457897,META,META,baseline_temporal,0.5,0.4,0.55,0.2,0.55,1,0.016166069624322432,0.016166069624322432,0,0.0,0.0,132623.29807196662,0.0
2024-05-02T04:00:00+00:00,2024-05-03T04:00:00+00:00,2024-05-06T04:00:00+00:00,2,META,META,0.021626141191358528,0.6385545428538139,0.1338551876635075,0.8333333333331774,META,META,ADM,False,0.8434003687208769,0.5258668510271053,META,META,baseline_temporal,0.5,0.4,0.55,0.2,0.55,1,0.021626141191358528,0.021626141191358528,0,0.0,0.0,135491.4282413346,0.0
2024-05-03T04:00:00+00:00,2024-05-06T04:00:00+00:00,2024-05-07T04:00:00+00:00,2,META,META,0.023513017319560348,0.7063156645028917,0.14271162195029027,0.8666666666664506,META,META,NVDA,False,0.9741331489728949,0.7916666666666667,META,META,baseline_temporal,0.5,0.4,0.55,0.2,0.55,1,0.023513017319560348,0.023513017319560348,0,0.0,0.0,138677.24054022506,0.0
2024-05-06T04:00:00+00:00,2024-05-07T04:00:00+00:00,2024-05-08T04:00:00+00:00,2,NVDA,NVDA,-0.017703980646580186,0.6367316444455234,0.04388400401187925,0.8666666666664651,NVDA,NVDA,ADM,False,0.8907998156395616,0.5157998156395616,META,NVDA,baseline_temporal,0.5,0.4,0.55,0.2,0.55,1,-0.017703980646580186,-0.017703980646580186,2,0.0,0.0,136222.10135757976,-0.017703980646580297
2024-05-07T04:00:00+00:00,2024-05-08T04:00:00+00:00,2024-05-09T04:00:00+00:00,2,NVDA,NVDA,0.011642225456173882,0.6585530300608324,0.04139898945425797,0.8666666666664606,NVDA,ADM,NVDA,False,0.9324664823062283,0.9324664823062283,NVDA,NVDA,baseline_temporal,0.5,0.4,0.55,0.2,0.55,1,0.011642225456173882,0.011642225456173882,0,0.0,0.0,137808.02977369848,-0.006267868924565545
2024-05-08T04:00:00+00:00,2024-05-09T04:00:00+00:00,2024-05-10T04:00:00+00:00,2,ADM,ADM,0.006954102920723182,0.6033391278835272,0.5219668037086489,0.8666666666666549,ADM,ADM,NVDA,False,0.5574210219724055,0.8805963992505497,NVDA,ADM,baseline_temporal,0.5,0.4,0.55,0.2,0.55,1,0.006954102920723182,0.006954102920723182,2,0.0,0.0,138766.36099604686,0.0
2024-05-09T04:00:00+00:00,2024-05-10T04:00:00+00:00,2024-05-13T04:00:00+00:00,2,ADM,ADM,0.007424033149171283,0.5896422577380059,0.5462421799779775,0.8666666666666525,ADM,ADM,NVDA,False,0.525912311360928,0.9009123113609279,ADM,ADM,baseline_temporal,0.5,0.4,0.55,0.2,0.55,1,0.007424033149171283,0.007424033149171283,0,0.0,0.0,139796.5670600714,0.0
2024-05-10T04:00:00+00:00,2024-05-13T04:00:00+00:00,2024-05-14T04:00:00+00:00,2,NVDA,NVDA,-0.009743135518157642,0.6636940058378779,0.05905956796939183,0.8999999999998666,NVDA,NVDA,ADM,False,0.9166666666666666,0.5,ADM,NVDA,baseline_temporal,0.5,0.4,0.55,0.2,0.55,1,-0.009743135518157642,-0.009743135518157642,2,0.0,0.0,138434.5101622319,-0.009743135518157753
2024-05-13T04:00:00+00:00,2024-05-14T04:00:00+00:00,2024-05-15T04:00:00+00:00,2,NVDA,NVDA,0.032088550983899955,0.6379838436140256,0.048204050557277334,0.8999999999998636,NVDA,NVDA,ADM,False,0.875,0.5055963992505498,NVDA,NVDA,baseline_temporal,0.5,0.4,0.55,0.2,0.55,1,0.032088550983899955,0.032088550983899955,0,0.0,0.0,142876.67299950388,0.0
2024-05-14T04:00:00+00:00,2024-05-15T04:00:00+00:00,2024-05-16T04:00:00+00:00,2,NVDA,NVDA,0.026432672516520483,0.6172190391624847,0.048203245104583785,0.8333333333331918,NVDA,NVDA,ADM,False,0.8851579560551891,0.6305963992505497,NVDA,NVDA,baseline_temporal,0.5,0.4,0.55,0.2,0.55,1,0.026432672516520483,0.026432672516520483,0,0.0,0.0,146653.28530714975,0.0
2024-05-15T04:00:00+00:00,2024-05-16T04:00:00+00:00,2024-05-17T04:00:00+00:00,2,ADM,ADM,0.026930622436240448,0.6321637022710718,0.4253912287968615,0.7999999999999425,ADM,ADM,NVDA,False,0.7552322379052486,0.9010336984760283,NVDA,ADM,baseline_temporal,0.5,0.4,0.55,0.2,0.55,1,0.026930622436240448,0.026930622436240448,2,0.0,0.0,150602.74956279085,0.0
2024-05-16T04:00:00+00:00,2024-05-17T04:00:00+00:00,2024-05-20T04:00:00+00:00,2,ADM,ADM,-0.004341785342132698,0.6297291557518427,0.42126518792570017,0.8666666666666287,ADM,NVDA,ADM,False,0.682299634857305,0.682299634857305,ADM,ADM,baseline_temporal,0.5,0.4,0.55,0.2,0.55,1,-0.004341785342132698,-0.004341785342132698,0,0.0,0.0,149948.86475225425,-0.004341785342132698
2024-05-17T04:00:00+00:00,2024-05-20T04:00:00+00:00,2024-05-21T04:00:00+00:00,2,NVDA,NVDA,-0.0016027353349717943,0.6672877186767711,0.07650711969630952,0.8999999999998829,NVDA,NVDA,ADM,False,0.9583333333333335,0.6041985394292203,ADM,NVDA,baseline_temporal,0.5,0.4,0.55,0.2,0.55,1,-0.0016027353349717943,-0.0016027353349717943,2,0.0,0.0,149708.5364082769,-0.005937561944319714
2024-05-20T04:00:00+00:00,2024-05-21T04:00:00+00:00,2024-05-22T04:00:00+00:00,2,NVDA,NVDA,0.019798801369863117,0.6664350463286625,0.059057995435919726,0.8999999999998867,NVDA,NVDA,ADM,False,0.9583333333333335,0.6614981742865254,NVDA,NVDA,baseline_temporal,0.5,0.4,0.55,0.2,0.55,1,0.019798801369863117,0.019798801369863117,0,0.0,0.0,152672.5859839973,0.0
2024-05-21T04:00:00+00:00,2024-05-22T04:00:00+00:00,2024-05-23T04:00:00+00:00,2,NVDA,NVDA,0.06884248084793776,0.6601518322446461,0.06599544278971671,0.8999999999999075,NVDA,NVDA,ADM,False,0.9166666666666666,0.5521311424771639,NVDA,NVDA,baseline_temporal,0.5,0.4,0.55,0.2,0.55,1,0.06884248084793776,0.06884248084793776,0,0.0,0.0,163182.94556060576,0.0
2024-05-22T04:00:00+00:00,2024-05-23T04:00:00+00:00,2024-05-24T04:00:00+00:00,2,NVDA,NVDA,0.023760432007854604,0.6967741549124982,0.06601516534702358,0.8666666666666312,NVDA,NVDA,ORCL,False,0.9427506411328064,0.5989160255338604,NVDA,NVDA,baseline_temporal,0.5,0.4,0.55,0.2,0.55,1,0.023760432007854604,0.023760432007854604,0,0.0,0.0,167060.24284343998,0.0
2024-05-23T04:00:00+00:00,2024-05-24T04:00:00+00:00,2024-05-28T04:00:00+00:00,2,ORCL,ORCL,-0.0014948924507930395,0.560895960329933,0.7587471122354162,0.5000000000000423,ORCL,ORCL,ADM,False,0.5203256397396586,0.5674121787370231,NVDA,ORCL,baseline_temporal,0.5,0.4,0.55,0.2,0.55,1,-0.0014948924507930395,-0.0014948924507930395,2,0.0,0.0,166810.50574758564,-0.0014948924507931505
2024-05-24T04:00:00+00:00,2024-05-28T04:00:00+00:00,2024-05-29T04:00:00+00:00,2,ORCL,ORCL,-0.0019961739998337613,0.5862445780267781,0.7622897177803309,0.800000000000004,ORCL,ORCL,ADM,False,0.42174807660158137,0.5362467943359689,ORCL,ORCL,baseline_temporal,0.5,0.4,0.55,0.2,0.55,1,-0.0019961739998337613,-0.0019961739998337613,0,0.0,0.0,166477.52295311322,-0.0034880823851839438
2024-05-28T04:00:00+00:00,2024-05-29T04:00:00+00:00,2024-05-30T04:00:00+00:00,2,ORCL,ORCL,-0.022918576548045633,0.611781216575781,0.7188342899360749,0.6333333333333555,ORCL,ADM,ORCL,False,0.5829948709375502,0.5829948709375502,ORCL,ORCL,baseline_temporal,0.5,0.4,0.55,0.2,0.55,1,-0.022918576548045633,-0.022918576548045633,0,0.0,0.0,162662.09509978324,-0.02632671705007905
2024-05-29T04:00:00+00:00,2024-05-30T04:00:00+00:00,2024-05-31T04:00:00+00:00,2,MSFT,MSFT,-0.017786608574916873,0.49632240968725116,0.875178876082705,0.7999999999999821,MSFT,MSFT,ADM,False,0.1717480766015813,0.5416666666666667,ORCL,MSFT,baseline_temporal,0.5,0.4,0.55,0.2,0.55,1,-0.017786608574916873,-0.017786608574916873,2,0.0,0.0,159768.8880842675,-0.04364506261376355
2024-05-30T04:00:00+00:00,2024-05-31T04:00:00+00:00,2024-06-03T04:00:00+00:00,2,MSFT,MSFT,-0.002924689251766921,0.5536679809681267,0.7570722171127567,0.8666666666666585,MSFT,MSFT,ADM,False,0.3176004538049839,0.5259337871383172,MSFT,MSFT,baseline_temporal,0.5,0.4,0.55,0.2,0.55,1,-0.002924689251766921,-0.002924689251766921,0,0.0,0.0,159301.61373452068,-0.04644210362001133
2024-05-31T04:00:00+00:00,2024-06-03T04:00:00+00:00,2024-06-04T04:00:00+00:00,2,MSFT,MSFT,-0.007455389880224872,0.5536000768268754,0.7796847385289275,0.8666666666666579,MSFT,MSFT,ADM,False,0.30739954619501614,0.4638653052517151,MSFT,MSFT,baseline_temporal,0.5,0.4,0.55,0.2,0.55,1,-0.007455389880224872,-0.007455389880224872,0,0.0,0.0,158113.95809558086,-0.053551249510891075
2024-06-03T04:00:00+00:00,2024-06-04T04:00:00+00:00,2024-06-05T04:00:00+00:00,2,MSFT,MSFT,0.013052579731560154,0.561570986613464,0.8195392874618707,0.8666666666666579,MSFT,MSFT,ADM,False,0.30739954619501614,0.5629315181133978,MSFT,MSFT,baseline_temporal,0.5,0.4,0.55,0.2,0.55,1,0.013052579731560154,0.013052579731560154,0,0.0,0.0,160177.753140296,-0.04119765173329648
2024-06-04T04:00:00+00:00,2024-06-05T04:00:00+00:00,2024-06-06T04:00:00+00:00,2,MSFT,MSFT,0.014829220858149972,0.5822930688967797,0.826465344483902,0.8999999999999904,MSFT,MSFT,ADM,False,0.33333333333333337,0.5573995461950161,MSFT,MSFT,baseline_temporal,0.5,0.4,0.55,0.2,0.55,1,0.014829220858149972,0.014829220858149972,0,0.0,0.0,162553.06441817567,-0.026979359951536774
2024-06-05T04:00:00+00:00,2024-06-06T04:00:00+00:00,2024-06-07T04:00:00+00:00,2,ADM,ADM,-0.0003516792685070991,0.7044932427496171,0.49996621374809036,0.8999999999999856,MSFT,MSFT,ADM,True,0.26573287952834945,0.7500000000000001,MSFT,ADM,baseline_temporal,0.5,0.4,0.55,0.2,0.55,1,-0.0003516792685070991,-0.0003516792685070991,2,0.0,0.0,162495.89787538748,-0.027321551138471345
2024-06-06T04:00:00+00:00,2024-06-07T04:00:00+00:00,2024-06-10T04:00:00+00:00,2,ADM,ADM,0.004573438874230451,0.6454666820000842,0.49127027911645055,0.8333333333333306,MSFT,MSFT,ADM,True,0.24010213224472804,0.6567687989113946,ADM,ADM,baseline_temporal,0.5,0.4,0.55,0.2,0.55,1,0.004573438874230451,0.004573438874230451,0,0.0,0.0,163239.06293163376,-0.022873065708321927
2024-06-07T04:00:00+00:00,2024-06-10T04:00:00+00:00,2024-06-11T04:00:00+00:00,2,MSFT,MSFT,0.0018176165307439707,0.5017402951160921,0.8090752138125191,0.7666666666666627,MSFT,MSFT,ADM,False,0.23020426448945608,0.5515645344219385,ADM,MSFT,baseline_temporal,0.5,0.4,0.55,0.2,0.55,1,0.0018176165307439707,0.0018176165307439707,2,0.0,0.0,163535.76895088147,-0.021097023639918056
2024-06-10T04:00:00+00:00,2024-06-11T04:00:00+00:00,2024-06-12T04:00:00+00:00,2,MSFT,MSFT,0.023132564635107045,0.47583836556698333,0.8644721315089628,0.7999999999999908,MSFT,MSFT,ADM,False,0.13098653170042546,0.41666666666666663,MSFT,MSFT,baseline_temporal,0.5,0.4,0.55,0.2,0.55,1,0.023132564635107045,0.023132564635107045,0,0.0,0.0,167318.77069628963,0.0
2024-06-11T04:00:00+00:00,2024-06-12T04:00:00+00:00,2024-06-13T04:00:00+00:00,2,MSFT,MSFT,0.012716412338419802,0.5133636849712913,0.8594118594144745,0.8666666666666563,MSFT,ADM,MSFT,False,0.182551066122364,0.182551066122364,MSFT,MSFT,baseline_temporal,0.5,0.4,0.55,0.2,0.55,1,0.012716412338419802,0.012716412338419802,0,0.0,0.0,169446.46517642116,0.0
2024-06-12T04:00:00+00:00,2024-06-13T04:00:00+00:00,2024-06-14T04:00:00+00:00,2,ADM,ADM,0.0003551136363637575,0.6370185060434227,0.5919889944344183,0.833333333333333,ADM,ADM,MSFT,False,0.5932312010886053,0.125,MSFT,ADM,baseline_temporal,0.5,0.4,0.55,0.2,0.55,1,0.0003551136363637575,0.0003551136363637575,2,0.0,0.0,169506.63792683894,0.0
2024-06-13T04:00:00+00:00,2024-06-14T04:00:00+00:00,2024-06-17T04:00:00+00:00,2,ADM,ADM,-0.023784167554135704,0.5956102937846671,0.6860607227974344,0.8666666666666663,ADM,ADM,MSFT,False,0.44236625753743747,0.07360081825845845,ADM,ADM,baseline_temporal,0.5,0.4,0.55,0.2,0.55,1,-0.023784167554135704,-0.023784167554135704,0,0.0,0.0,165475.0636488488,-0.023784167554135704
2024-06-14T04:00:00+00:00,2024-06-17T04:00:00+00:00,2024-06-18T04:00:00+00:00,2,MSFT,MSFT,0.016087575159498657,0.46240635644414324,0.8905040205984215,0.799999999999993,MSFT,MSFT,HD,False,0.08956789405435434,0.30763374246256253,ADM,MSFT,baseline_temporal,0.5,0.4,0.55,0.2,0.55,1,0.016087575159498657,0.016087575159498657,2,0.0,0.0,168137.1561723225,-0.008079221977770223
2024-06-17T04:00:00+00:00,2024-06-18T04:00:00+00:00,2024-06-20T04:00:00+00:00,2,MSFT,MSFT,-0.007588932806324111,0.4706256700496463,0.7916468579964322,0.8333333333333266,MSFT,ADM,MSFT,False,0.13473251507487488,0.13473251507487488,MSFT,MSFT,baseline_temporal,0.5,0.4,0.55,0.2,0.55,1,-0.007588932806324111,-0.007588932806324111,0,0.0,0.0,166861.1745918843,-0.015606842111377639
2024-06-18T04:00:00+00:00,2024-06-20T04:00:00+00:00,2024-06-21T04:00:00+00:00,2,TSLA,TSLA,-0.012887156162009972,0.7249952013968868,0.13372600698443832,0.8999999999999888,MSFT,MSFT,TSLA,True,0.19236625753743744,0.9583333333333334,MSFT,TSLA,baseline_temporal,0.5,0.4,0.55,0.2,0.55,1,-0.012887156162009972,-0.012887156162009972,2,0.0,0.0,164710.80857754228,-0.02829287046190254
2024-06-20T04:00:00+00:00,2024-06-21T04:00:00+00:00,2024-06-24T04:00:00+00:00,2,ADM,ADM,-0.0008770391159445001,0.6203457010034824,0.6027470127656098,0.8333333333333341,ADM,ADM,MSFT,False,0.5513991817415415,0.14096707579589587,TSLA,ADM,baseline_temporal,0.5,0.4,0.55,0.2,0.55,1,-0.0008770391159445001,-0.0008770391159445001,2,0.0,0.0,164566.35075560093,-0.029145095623749562
2024-06-21T04:00:00+00:00,2024-06-24T04:00:00+00:00,2024-06-25T04:00:00+00:00,2,ADM,ADM,0.013167134831460592,0.5392617386350408,0.6133159622574087,0.8666666666666649,ADM,TSLA,GOOGL,False,0.34947825077827976,0.4072898348898928,ADM,ADM,baseline_temporal,0.5,0.4,0.55,0.2,0.55,1,0.013167134831460592,0.013167134831460592,0,0.0,0.0,166733.2180847214,-0.016361718196042485
2024-06-24T04:00:00+00:00,2024-06-25T04:00:00+00:00,2024-06-26T04:00:00+00:00,2,TSLA,TSLA,0.011605206073752594,0.7215060003746854,0.11628000187342946,0.8999999999999928,TSLA,TSLA,GOOGL,False,0.9583333333333334,0.36562316822322605,ADM,TSLA,baseline_temporal,0.5,0.4,0.55,0.2,0.55,1,0.011605206073752594,0.011605206073752594,2,0.0,0.0,168668.19143993448,-0.00494639323367585
2024-06-25T04:00:00+00:00,2024-06-26T04:00:00+00:00,2024-06-27T04:00:00+00:00,2,TSLA,TSLA,0.04626353597083743,0.6439405205626536,0.10947441005988076,0.7999999999999965,TSLA,TSLA,ADM,False,0.8401014190015058,0.5161449174449465,TSLA,TSLA,baseline_temporal,0.5,0.4,0.55,0.2,0.55,1,0.04626353597083743,0.04626353597083743,0,0.0,0.0,176471.378381752,0.0
2024-06-26T04:00:00+00:00,2024-06-27T04:00:00+00:00,2024-06-28T04:00:00+00:00,2,TSLA,TSLA,0.02244197366398537,0.669074120857793,0.11628000187342946,0.8666666666666617,TSLA,TSLA,ADM,False,0.8588550825550537,0.557811584111613,TSLA,TSLA,baseline_temporal,0.5,0.4,0.55,0.2,0.55,1,0.02244197366398537,0.02244197366398537,0,0.0,0.0,180431.7444078425,0.0
2024-06-27T04:00:00+00:00,2024-06-28T04:00:00+00:00,2024-07-01T04:00:00+00:00,2,TSLA,TSLA,0.007366574793284952,0.6899014254894337,0.10757592261609514,0.8333333333333279,TSLA,TSLA,AMD,False,0.9260434984434407,0.8911449174449463,TSLA,TSLA,baseline_temporal,0.5,0.4,0.55,0.2,0.55,1,0.007366574793284952,0.007366574793284952,0,0.0,0.0,181760.90834810573,0.0
2024-06-28T04:00:00+00:00,2024-07-01T04:00:00+00:00,2024-07-02T04:00:00+00:00,2,TSLA,TSLA,0.08889662720127345,0.7094740047035589,0.1318955811054732,0.8666666666666625,TSLA,TSLA,ADM,False,0.9416923447758472,0.42505135621836104,TSLA,TSLA,baseline_temporal,0.5,0.4,0.55,0.2,0.55,1,0.08889662720127345,0.08889662720127345,0,0.0,0.0,197918.8400572921,0.0
2024-07-01T04:00:00+00:00,2024-07-02T04:00:00+00:00,2024-07-03T04:00:00+00:00,2,TSLA,TSLA,0.07158846909406558,0.6867052734432315,0.09382748239151273,0.8333333333333298,TSLA,TSLA,ADM,False,0.925051356218361,0.41666666666666663,TSLA,TSLA,baseline_temporal,0.5,0.4,0.55,0.2,0.55,1,0.07158846909406558,0.07158846909406558,0,0.0,0.0,212087.5468218669,0.0
2024-07-02T04:00:00+00:00,2024-07-03T04:00:00+00:00,2024-07-05T04:00:00+00:00,2,HD,HD,-0.012728520621451467,0.6106039975719354,0.668795545447354,0.8666666666666669,HD,HD,GOOGL,False,0.4833590114425138,0.4582049427874308,TSLA,HD,baseline_temporal,0.5,0.4,0.55,0.2,0.55,1,-0.012728520621451467,-0.012728520621451467,2,0.0,0.0,209387.98610859172,-0.012728520621451467
2024-07-03T04:00:00+00:00,2024-07-05T04:00:00+00:00,2024-07-08T04:00:00+00:00,2,HD,HD,0.009543070214245164,0.7913891427178112,0.6531957135890571,0.8999999999999961,HD,HD,ADM,False,0.8750000000000001,0.3583590114425139,HD,HD,baseline_temporal,0.5,0.4,0.55,0.2,0.55,1,0.009543070214245164,0.009543070214245164,0,0.0,0.0,211386.19036204542,-0.0033069195732201573
2024-07-05T04:00:00+00:00,2024-07-08T04:00:00+00:00,2024-07-09T04:00:00+00:00,2,HD,HD,0.009139852259922199,0.6715915605923439,0.7104578029617198,0.899999999999999,HD,ADM,HD,False,0.5833333333333333,0.5833333333333333,HD,HD,baseline_temporal,0.5,0.4,0.55,0.2,0.55,1,0.009139852259922199,0.009139852259922199,0,0.0,0.0,213318.2289117423,0.0
2024-07-08T04:00:00+00:00,2024-07-09T04:00:00+00:00,2024-07-10T04:00:00+00:00,2,TSLA,TSLA,0.04701195219123511,0.6965203562386546,0.0677136874224188,0.8666666666666639,TSLA,TSLA,ADM,False,0.9414317453796394,0.591196824092612,HD,TSLA,baseline_temporal,0.5,0.4,0.55,0.2,0.55,1,0.04701195219123511,0.04701195219123511,2,0.0,0.0,223346.7352908601,0.0
2024-07-09T04:00:00+00:00,2024-07-10T04:00:00+00:00,2024-07-11T04:00:00+00:00,2,TSLA,TSLA,0.0019025875190259445,0.6999979749928257,0.0677136874224188,0.8333333333333308,TSLA,TSLA,HD,False,0.966196824092612,0.5247650787129727,TSLA,TSLA,baseline_temporal,0.5,0.4,0.55,0.2,0.55,1,0.0019025875190259445,0.0019025875190259445,0,0.0,0.0,223771.67200183964,0.0
2024-07-10T04:00:00+00:00,2024-07-11T04:00:00+00:00,2024-07-12T04:00:00+00:00,2,TSLA,TSLA,-0.10444360045575385,0.6999979749928257,0.0677136874224188,0.8333333333333308,TSLA,TSLA,HD,False,0.966196824092612,0.408803175907388,TSLA,TSLA,baseline_temporal,0.5,0.4,0.55,0.2,0.55,1,-0.10444360045575385,-0.10444360045575385,0,0.0,0.0,200400.1528979635,-0.10444360045575385
2024-07-11T04:00:00+00:00,2024-07-12T04:00:00+00:00,2024-07-15T04:00:00+00:00,2,COST,COST,-0.0035618559771278813,0.5833243088473022,0.532983450465656,0.8666666666666669,COST,COST,ADM,False,0.483098412046306,0.3176063518147761,TSLA,COST,baseline_temporal,0.5,0.4,0.55,0.2,0.55,1,-0.0035618559771278813,-0.0035618559771278813,2,0.0,0.0,199686.35641554656,-0.10763344337032565
2024-07-12T04:00:00+00:00,2024-07-15T04:00:00+00:00,2024-07-16T04:00:00+00:00,2,COST,COST,0.0011118284197688677,0.5829953448712196,0.5729243492726771,0.7666666666666677,COST,TSLA,NFLX,False,0.5157269815185572,0.75,COST,COST,baseline_temporal,0.5,0.4,0.55,0.2,0.55,1,0.0011118284197688677,0.0011118284197688677,0,0.0,0.0,199908.37338164944,-0.10664128487181357
2024-07-15T04:00:00+00:00,2024-07-16T04:00:00+00:00,2024-07-17T04:00:00+00:00,2,TSLA,TSLA,-0.010105362108808968,0.7065833333333332,0.04166666666666663,0.8999999999999979,TSLA,TSLA,ADM,False,0.9583333333333334,0.3333333333333334,COST,TSLA,baseline_temporal,0.5,0.4,0.55,0.2,0.55,1,-0.010105362108808968,-0.010105362108808968,2,0.0,0.0,197888.22688004488,-0.11566899818124421
2024-07-16T04:00:00+00:00,2024-07-17T04:00:00+00:00,2024-07-18T04:00:00+00:00,2,TSLA,TSLA,-0.006489138606417866,0.7065344202946241,0.04166666666666663,0.8666666666666648,TSLA,TSLA,GOOGL,False,0.9752616747287945,0.7005233494575891,TSLA,TSLA,baseline_temporal,0.5,0.4,0.55,0.2,0.55,1,-0.006489138606417866,-0.006489138606417866,0,0.0,0.0,196604.102747242,-0.12140754462599856
2024-07-17T04:00:00+00:00,2024-07-18T04:00:00+00:00,2024-07-19T04:00:00+00:00,2,NFLX,NFLX,0.006091989034419765,0.6367282742984208,0.40773557443834557,0.833333333333333,NFLX,NFLX,AVGO,False,0.674476650542411,0.9414049919378721,TSLA,NFLX,baseline_temporal,0.5,0.4,0.55,0.2,0.55,1,0.006091989034419765,0.006091989034419765,2,0.0,0.0,197801.81278530014,-0.1160551690221362
2024-07-18T04:00:00+00:00,2024-07-19T04:00:00+00:00,2024-07-22T04:00:00+00:00,2,NFLX,NFLX,-0.03194066000605511,0.6568777295461379,0.43206074920381,0.866666666666666,NFLX,NFLX,AVGO,False,0.6914049919378723,0.9335950080621279,NFLX,NFLX,baseline_temporal,0.5,0.4,0.55,0.2,0.55,1,-0.03194066000605511,-0.03194066000605511,0,0.0,0.0,191483.8923345435,-0.14428895033251
2024-07-19T04:00:00+00:00,2024-07-22T04:00:00+00:00,2024-07-23T04:00:00+00:00,2,NFLX,NFLX,0.012509773260359625,0.6464849217619802,0.2690188117561429,0.8333333333333326,NFLX,NFLX,COST,False,0.7578099838757443,0.3919283413954612,NFLX,NFLX,baseline_temporal,0.5,0.4,0.55,0.2,0.55,1,0.012509773260359625,0.012509773260359625,0,0.0,0.0,193879.31241065974,-0.13358419912478536
2024-07-22T04:00:00+00:00,2024-07-23T04:00:00+00:00,2024-07-24T04:00:00+00:00,2,NFLX,NFLX,-0.018223938223938196,0.571475512546133,0.21699510342409073,0.7333333333333335,NFLX,NFLX,GOOGL,False,0.6653551670992183,0.6601694327277612,NFLX,NFLX,baseline_temporal,0.5,0.4,0.55,0.2,0.55,1,-0.018223938223938196,-0.018223938223938196,0,0.0,0.0,190346.06779838828,-0.14937370715617915
2024-07-23T04:00:00+00:00,2024-07-24T04:00:00+00:00,2024-07-25T04:00:00+00:00,2,NFLX,NFLX,0.008337266005977506,0.6030980885835261,0.316010967333686,0.7999999999999998,NFLX,NFLX,GOOGL,False,0.6575464335928642,0.6432404661476047,NFLX,NFLX,baseline_temporal,0.5,0.4,0.55,0.2,0.55,1,0.008337266005977506,0.008337266005977506,0,0.0,0.0,191933.0335988153,-0.14228180948106162
2024-07-24T04:00:00+00:00,2024-07-25T04:00:00+00:00,2024-07-26T04:00:00+00:00,2,AVGO,AVGO,0.014817808311443414,0.6839689036568257,0.11633767681211063,0.8666666666666657,AVGO,AVGO,NFLX,False,0.8919289665801563,0.582021833765885,NFLX,AVGO,baseline_temporal,0.5,0.4,0.55,0.2,0.55,1,0.014817808311443414,0.014817808311443414,2,0.0,0.0,194777.06049931637,-0.1295723057487138
2024-07-25T04:00:00+00:00,2024-07-26T04:00:00+00:00,2024-07-29T04:00:00+00:00,3,AVGO,AVGO,-0.009690051105063935,0.68575,0.125,0.8999999999999989,AVGO,AVGO,LLY,False,0.8749999999999999,0.7578087335063538,CASH,AVGO,baseline_temporal,0.5,0.4,0.55,0.2,0.55,1,-0.009690051105063935,-0.009690051105063935,1,0.0,0.0,192889.66082898388,-0.13800679458927168
2024-07-26T04:00:00+00:00,2024-07-29T04:00:00+00:00,2024-07-30T04:00:00+00:00,3,LLY,LLY,0.001432486297957336,0.6819348772092013,0.19967438604600612,0.899999999999999,LLY,LLY,AVGO,False,0.8333333333333334,0.9166666666666665,AVGO,LLY,baseline_temporal,0.5,0.4,0.55,0.2,0.55,1,0.001432486297957336,0.001432486297957336,2,0.0,0.0,193165.97262513902,-0.13677200113358856
2024-07-29T04:00:00+00:00,2024-07-30T04:00:00+00:00,2024-07-31T04:00:00+00:00,3,LLY,LLY,-0.018409105043846075,0.6705018409709561,0.20121061135452228,0.8333333333333328,LLY,AVGO,LLY,False,0.8413178934075219,0.8413178934075219,LLY,LLY,baseline_temporal,0.5,0.4,0.55,0.2,0.55,1,-0.018409105043846075,-0.018409105043846075,0,0.0,0.0,189609.95994418615,-0.15266325604150932
2024-07-30T04:00:00+00:00,2024-07-31T04:00:00+00:00,2024-08-01T04:00:00+00:00,3,AVGO,AVGO,0.03981973498352076,0.6668236146332819,0.125,0.8333333333333328,AVGO,AVGO,LLY,False,0.8670154399258114,0.8909691201483773,LLY,AVGO,baseline_temporal,0.5,0.4,0.55,0.2,0.55,1,0.03981973498352076,0.03981973498352076,2,0.0,0.0,197160.17829939962,-0.11892253145528298
2024-07-31T04:00:00+00:00,2024-08-01T04:00:00+00:00,2024-08-02T04:00:00+00:00,3,AVGO,AVGO,-0.09884209845397507,0.666911807316641,0.125,0.8666666666666661,AVGO,LLY,NFLX,False,0.8501743866295725,0.5833333333333333,AVGO,AVGO,baseline_temporal,0.5,0.4,0.55,0.2,0.55,1,-0.09884209845397507,-0.09884209845397507,0,0.0,0.0,177672.4525447271,-0.2060100773467589
2024-08-01T04:00:00+00:00,2024-08-02T04:00:00+00:00,2024-08-05T04:00:00+00:00,3,AVGO,AVGO,-0.08678486827937693,0.6861030467272592,0.10924093688616718,0.866666666666666,AVGO,AVGO,NFLX,False,0.8998256133704275,0.4751743866295724,AVGO,AVGO,baseline_temporal,0.5,0.4,0.55,0.2,0.55,1,-0.08678486827937693,-0.08678486827937693,0,0.0,0.0,162253.1721537591,-0.27491638819937314
2024-08-02T04:00:00+00:00,2024-08-05T04:00:00+00:00,2024-08-06T04:00:00+00:00,3,AVGO,AVGO,0.09346014777550704,0.6927597187000517,0.125,0.8333333333333327,AVGO,AVGO,NFLX,False,0.9246512267408553,0.39184105329623903,AVGO,AVGO,baseline_temporal,0.5,0.4,0.55,0.2,0.55,1,0.09346014777550704,0.09346014777550704,0,0.0,0.0,177417.3776002942,-0.20714996669088825
2024-08-05T04:00:00+00:00,2024-08-06T04:00:00+00:00,2024-08-07T04:00:00+00:00,3,LLY,LLY,-0.013735593046115047,0.6488814976572668,0.30160822082584365,0.7000000000000001,LLY,LLY,AVGO,False,0.8167996744268844,0.9833555012933697,AVGO,LLY,baseline_temporal,0.5,0.4,0.55,0.2,0.55,1,-0.013735593046115047,-0.013735593046115047,2,0.0,0.0,174980.44470226762,-0.218040232095021
2024-08-06T04:00:00+00:00,2024-08-07T04:00:00+00:00,2024-08-08T04:00:00+00:00,3,LLY,LLY,0.12424763542562345,0.6383495539465919,0.3247319576957205,0.6666666666666667,LLY,LLY,AVGO,False,0.8001551757202541,0.9583333333333333,LLY,LLY,baseline_temporal,0.5,0.4,0.55,0.2,0.55,1,0.12424763542562345,0.12424763542562345,0,0.0,0.0,196721.35120224845,-0.12088357993485799
2024-08-07T04:00:00+00:00,2024-08-08T04:00:00+00:00,2024-08-09T04:00:00+00:00,3,AVGO,AVGO,0.021285807056786066,0.6929366178306994,0.125,0.8333333333333329,AVGO,AVGO,LLY,False,0.9250443359200726,0.8167996744268844,LLY,AVGO,baseline_temporal,0.5,0.4,0.55,0.2,0.55,1,0.021285807056786066,0.021285807056786066,2,0.0,0.0,200908.72392788975,-0.1021708774368989
2024-08-08T04:00:00+00:00,2024-08-09T04:00:00+00:00,2024-08-12T04:00:00+00:00,3,AVGO,AVGO,0.026918185671894967,0.6929366178306994,0.125,0.8333333333333329,AVGO,AVGO,NFLX,False,0.9250443359200726,0.43331116537329706,AVGO,AVGO,baseline_temporal,0.5,0.4,0.55,0.2,0.55,1,0.026918185671894967,0.026918185671894967,0,0.0,0.0,206316.82226168414,-0.07800294641411099
2024-08-09T04:00:00+00:00,2024-08-12T04:00:00+00:00,2024-08-13T04:00:00+00:00,3,AVGO,AVGO,0.023391812865497075,0.7268433089153498,0.125,0.8666666666666663,AVGO,AVGO,NFLX,False,0.9833555012933697,0.40002216796003626,AVGO,AVGO,baseline_temporal,0.5,0.4,0.55,0.2,0.55,1,0.023391812865497075,0.023391812865497075,0,0.0,0.0,211142.94675903348,-0.056435763874090106
2024-08-12T04:00:00+00:00,2024-08-13T04:00:00+00:00,2024-08-14T04:00:00+00:00,3,AVGO,AVGO,0.04268907563025204,0.6844205356750152,0.125,0.833333333333333,AVGO,AVGO,NFLX,False,0.9061197089074408,0.3594401455462795,AVGO,AVGO,baseline_temporal,0.5,0.4,0.55,0.2,0.55,1,0.04268907563025204,0.04268907563025204,0,0.0,0.0,220156.44398202415,-0.016155878836110138
2024-08-13T04:00:00+00:00,2024-08-14T04:00:00+00:00,2024-08-15T04:00:00+00:00,3,AVGO,AVGO,0.0201160541586074,0.6979941964874774,0.125,0.7999999999999997,NFLX,NFLX,AVGO,True,0.3333333333333333,0.9533204366388386,AVGO,AVGO,baseline_temporal,0.5,0.4,0.55,0.2,0.55,1,0.0201160541586074,0.0201160541586074,0,0.0,0.0,224585.12293253295,0.0
2024-08-14T04:00:00+00:00,2024-08-15T04:00:00+00:00,2024-08-16T04:00:00+00:00,3,AVGO,AVGO,0.02028820629503225,0.6667233641307635,0.1335878030912042,0.7999999999999998,NFLX,NFLX,AVGO,True,0.3333333333333333,0.8800128966944947,AVGO,AVGO,baseline_temporal,0.5,0.4,0.55,0.2,0.55,1,0.02028820629503225,0.02028820629503225,0,0.0,0.0,229141.55223738338,0.0
2024-08-15T04:00:00+00:00,2024-08-16T04:00:00+00:00,2024-08-19T04:00:00+00:00,3,AVGO,AVGO,0.0024159078238243925,0.6292233641307634,0.1335878030912042,0.7999999999999998,NFLX,NFLX,AVGO,True,0.3488931877870538,0.7966795633611613,AVGO,AVGO,baseline_temporal,0.5,0.4,0.55,0.2,0.55,1,0.0024159078238243925,0.0024159078238243925,0,0.0,0.0,229695.13710619693,0.0
2024-08-16T04:00:00+00:00,2024-08-19T04:00:00+00:00,2024-08-20T04:00:00+00:00,3,NFLX,NFLX,0.021955199525293123,0.5626366974383358,0.4265264930458833,0.8666666666666667,NFLX,NFLX,META,False,0.48444014554627957,0.6872394178148817,AVGO,NFLX,baseline_temporal,0.5,0.4,0.55,0.2,0.55,1,0.021955199525293123,0.021955199525293123,2,0.0,0.0,234738.13967135307,0.0
2024-08-19T04:00:00+00:00,2024-08-20T04:00:00+00:00,2024-08-21T04:00:00+00:00,3,NFLX,NFLX,0.011757874872985852,0.5839627163608406,0.4598135818042031,0.8999999999999999,NFLX,NFLX,META,False,0.5,0.7083333333333331,NFLX,NFLX,baseline_temporal,0.5,0.4,0.55,0.2,0.55,1,0.011757874872985852,0.011757874872985852,0,0.0,0.0,237498.1613455263,0.0
2024-08-20T04:00:00+00:00,2024-08-21T04:00:00+00:00,2024-08-22T04:00:00+00:00,3,NFLX,NFLX,-0.008608321377331585,0.5781666015954164,0.4354052567649208,0.7666666666666668,NFLX,NFLX,ADI,False,0.5661160375757752,0.7230543239393894,NFLX,NFLX,baseline_temporal,0.5,0.4,0.55,0.2,0.55,1,-0.008608321377331585,-0.008608321377331585,0,0.0,0.0,235453.70084613867,-0.008608321377331585
2024-08-21T04:00:00+00:00,2024-08-22T04:00:00+00:00,2024-08-23T04:00:00+00:00,3,AVGO,AVGO,-0.034050927306339074,0.6847077791060587,0.125,0.8666666666666665,NFLX,NFLX,AVGO,True,0.428891352121221,0.889720990606056,NFLX,AVGO,baseline_temporal,0.5,0.4,0.55,0.2,0.55,1,-0.034050927306339074,-0.034050927306339074,2,0.0,0.0,227436.2839946183,-0.04236612735822154
2024-08-22T04:00:00+00:00,2024-08-23T04:00:00+00:00,2024-08-26T04:00:00+00:00,3,AVGO,AVGO,-0.0004321521175453258,0.68575,0.125,0.8999999999999998,NFLX,NFLX,AVGO,True,0.4680617136363859,0.8749999999999999,AVGO,AVGO,baseline_temporal,0.5,0.4,0.55,0.2,0.55,1,-0.0004321521175453258,-0.0004321521175453258,0,0.0,0.0,227337.9969228834,-0.04277997086411667
2024-08-23T04:00:00+00:00,2024-08-26T04:00:00+00:00,2024-08-27T04:00:00+00:00,3,NFLX,NFLX,0.0017459624618070269,0.5818139539688439,0.4267753320411793,0.8666666666666666,NFLX,NFLX,AVGO,False,0.5269456760606105,0.8627753145454455,AVGO,NFLX,baseline_temporal,0.5,0.4,0.55,0.2,0.55,1,0.0017459624618070269,0.0017459624618070269,2,0.0,0.0,227734.92053165316,-0.041108700625555605
2024-08-26T04:00:00+00:00,2024-08-27T04:00:00+00:00,2024-08-28T04:00:00+00:00,3,AVGO,AVGO,0.015708837028896472,0.6857500000000001,0.125,0.8999999999999999,AVGO,AVGO,NFLX,False,0.8750000000000001,0.4839224375243175,NFLX,AVGO,baseline_temporal,0.5,0.4,0.55,0.2,0.55,1,0.015708837028896472,0.015708837028896472,2,0.0,0.0,231312.3712840736,-0.02604563347525568
2024-08-27T04:00:00+00:00,2024-08-28T04:00:00+00:00,2024-08-29T04:00:00+00:00,3,AVGO,AVGO,-0.00992871690427699,0.6857500000000001,0.125,0.8999999999999999,AVGO,AVGO,NFLX,False,0.8750000000000001,0.5095115417153016,AVGO,AVGO,baseline_temporal,0.5,0.4,0.55,0.2,0.55,1,-0.00992871690427699,-0.00992871690427699,0,0.0,0.0,229015.73623313702,-0.035715750658164236
2024-08-28T04:00:00+00:00,2024-08-29T04:00:00+00:00,2024-08-30T04:00:00+00:00,3,AVGO,AVGO,0.016649524299305662,0.7045,0.125,0.8999999999999999,AVGO,AVGO,NFLX,False,0.9166666666666666,0.525589104190984,AVGO,AVGO,baseline_temporal,0.5,0.4,0.55,0.2,0.55,1,0.016649524299305662,0.016649524299305662,0,0.0,0.0,232828.739298474,-0.01966087661730964
2024-08-29T04:00:00+00:00,2024-08-30T04:00:00+00:00,2024-09-03T04:00:00+00:00,3,AVGO,AVGO,-0.004615871008536332,0.6857500000000001,0.125,0.8999999999999999,AVGO,AVGO,NFLX,False,0.8750000000000001,0.4101006459062857,AVGO,AVGO,baseline_temporal,0.5,0.4,0.55,0.2,0.55,1,-0.004615871008536332,-0.004615871008536332,0,0.0,0.0,231754.03187079213,-0.024185995555465745
2024-08-30T04:00:00+00:00,2024-09-03T04:00:00+00:00,2024-09-04T04:00:00+00:00,3,AVGO,AVGO,-0.06282556219031876,0.6857500000000001,0.125,0.8999999999999999,AVGO,AVGO,NFLX,False,0.8750000000000001,0.5446121876215871,AVGO,AVGO,baseline_temporal,0.5,0.4,0.55,0.2,0.55,1,-0.06282556219031876,-0.06282556219031876,0,0.0,0.0,217193.95452863653,-0.08549205897787993
2024-09-03T04:00:00+00:00,2024-09-04T04:00:00+00:00,2024-09-05T04:00:00+00:00,3,AVGO,AVGO,0.0017623534196433699,0.6858308685734298,0.125,0.8666666666666667,AVGO,AVGO,MSFT,False,0.8922167449779917,0.37499999999999994,AVGO,AVGO,baseline_temporal,0.5,0.4,0.55,0.2,0.55,1,0.0017623534196433699,0.0017623534196433699,0,0.0,0.0,217576.72703712597,-0.08388037278072846
2024-09-04T04:00:00+00:00,2024-09-05T04:00:00+00:00,2024-09-06T04:00:00+00:00,3,AVGO,AVGO,-0.048582448068204775,0.7030074832080057,0.10085842557384248,0.8666666666666665,AVGO,AVGO,MSFT,False,0.9411165883553416,0.37499999999999994,AVGO,AVGO,baseline_temporal,0.5,0.4,0.55,0.2,0.55,1,-0.048582448068204775,-0.048582448068204775,0,0.0,0.0,207006.31699499482,-0.12838770699437185
2024-09-05T04:00:00+00:00,2024-09-06T04:00:00+00:00,2024-09-09T04:00:00+00:00,3,AVGO,AVGO,-0.028945309721925994,0.6843482593420637,0.06795432531176279,0.7999999999999998,AVGO,AVGO,MSFT,False,0.9483497650660246,0.37499999999999994,AVGO,AVGO,baseline_temporal,0.5,0.4,0.55,0.2,0.55,1,-0.028945309721925994,-0.028945309721925994,0,0.0,0.0,201014.4550351795,-0.15361679477285795
2024-09-06T04:00:00+00:00,2024-09-09T04:00:00+00:00,2024-09-10T04:00:00+00:00,3,AVGO,AVGO,0.01516039255895718,0.6417599564072499,0.05919180110387941,0.8333333333333333,AVGO,AVGO,NFLX,False,0.8405665100440164,0.524449921688675,AVGO,AVGO,baseline_temporal,0.5,0.4,0.55,0.2,0.55,1,0.01516039255895718,0.01516039255895718,0,0.0,0.0,204061.9130835377,-0.14078529312630594
2024-09-09T04:00:00+00:00,2024-09-10T04:00:00+00:00,2024-09-11T04:00:00+00:00,3,AVGO,AVGO,0.05078998629247522,0.6484315525937241,0.05919180110387941,0.7666666666666665,AVGO,AVGO,NFLX,False,0.8894663534213663,0.5,AVGO,AVGO,baseline_temporal,0.5,0.4,0.55,0.2,0.55,1,0.05078998629247522,0.05078998629247522,0,0.0,0.0,214426.21485186685,-0.09714578994189782
2024-09-10T04:00:00+00:00,2024-09-11T04:00:00+00:00,2024-09-12T04:00:00+00:00,3,AVGO,AVGO,0.0654308273257811,0.6913359268013719,0.059179634006859626,0.8999999999999999,AVGO,AVGO,MSFT,False,0.9166666666666665,0.25,AVGO,AVGO,baseline_temporal,0.5,0.4,0.55,0.2,0.55,1,0.0654308273257811,0.0654308273257811,0,0.0,0.0,228456.29948996016,-0.038071292023231784
2024-09-11T04:00:00+00:00,2024-09-12T04:00:00+00:00,2024-09-13T04:00:00+00:00,3,AVGO,AVGO,0.05464621729604313,0.6624393874885212,0.06793613138138513,0.8333333333333333,AVGO,AVGO,NFLX,False,0.8826344323235055,0.2916666666666666,AVGO,AVGO,baseline_temporal,0.5,0.4,0.55,0.2,0.55,1,0.05464621729604313,0.05464621729604313,0,0.0,0.0,240940.57207453845,0.0
2024-09-12T04:00:00+00:00,2024-09-13T04:00:00+00:00,2024-09-16T04:00:00+00:00,3,AVGO,AVGO,-0.009287547354271064,0.6489432802199665,0.0942055950386114,0.8333333333333333,NFLX,NFLX,AVGO,True,0.3579838828284194,0.8409677656568388,AVGO,AVGO,baseline_temporal,0.5,0.4,0.55,0.2,0.55,1,-0.009287547354271064,-0.009287547354271064,0,0.0,0.0,238702.825101831,-0.009287547354271064
2024-09-13T04:00:00+00:00,2024-09-16T04:00:00+00:00,2024-09-17T04:00:00+00:00,3,NFLX,NFLX,0.0011428571428571122,0.5165914425276105,0.5745768096074421,0.8666666666666666,NFLX,AVGO,MSFT,False,0.3163172161617527,0.18368278383824724,AVGO,NFLX,baseline_temporal,0.5,0.4,0.55,0.2,0.55,1,0.0011428571428571122,0.0011428571428571122,2,0.0,0.0,238975.62833051878,-0.008155304551247466
2024-09-16T04:00:00+00:00,2024-09-17T04:00:00+00:00,2024-09-18T04:00:00+00:00,3,AVGO,AVGO,-0.010403841418369808,0.6760885201636613,0.07669260081830649,0.8999999999999999,AVGO,AVGO,MSFT,False,0.8749999999999999,0.19131721616175273,NFLX,AVGO,baseline_temporal,0.5,0.4,0.55,0.2,0.55,1,-0.010403841418369808,-0.010403841418369808,2,0.0,0.0,236489.36379051278,-0.018474299474347644
2024-09-17T04:00:00+00:00,2024-09-18T04:00:00+00:00,2024-09-19T04:00:00+00:00,3,AVGO,AVGO,0.027247278382581674,0.6763351748038188,0.05923399672464162,0.8666666666666667,AVGO,AVGO,NFLX,False,0.9003445380567933,0.29896638582962004,AVGO,AVGO,baseline_temporal,0.5,0.4,0.55,0.2,0.55,1,0.027247278382581674,0.027247278382581674,0,0.0,0.0,242933.0553202325,0.0
2024-09-18T04:00:00+00:00,2024-09-19T04:00:00+00:00,2024-09-20T04:00:00+00:00,3,AVGO,AVGO,-0.003027917398413349,0.6757885600006093,0.07680134396416392,0.8666666666666667,AVGO,AVGO,MSFT,False,0.8913221286098735,0.25,AVGO,AVGO,baseline_temporal,0.5,0.4,0.55,0.2,0.55,1,-0.003027917398413349,-0.003027917398413349,0,0.0,0.0,242197.47409537865,-0.003027917398413349
2024-09-19T04:00:00+00:00,2024-09-20T04:00:00+00:00,2024-09-23T04:00:00+00:00,3,AVGO,AVGO,0.02885257850938472,0.662971741025543,0.10968433701106944,0.7999999999999999,AVGO,AVGO,NFLX,False,0.8822997191629534,0.5506890761135866,AVGO,AVGO,baseline_temporal,0.5,0.4,0.55,0.2,0.55,1,0.02885257850938472,0.02885257850938472,0,0.0,0.0,249185.49573149026,0.0
2024-09-20T04:00:00+00:00,2024-09-23T04:00:00+00:00,2024-09-24T04:00:00+00:00,3,AVGO,AVGO,0.004723107804935678,0.6665937509293061,0.0855850000576261,0.8333333333333333,AVGO,AVGO,MSFT,False,0.8840224094469201,0.18298879527654,AVGO,AVGO,baseline_temporal,0.5,0.4,0.55,0.2,0.55,1,0.004723107804935678,0.004723107804935678,0,0.0,0.0,250362.42569125645,0.0
2024-09-23T04:00:00+00:00,2024-09-24T04:00:00+00:00,2024-09-25T04:00:00+00:00,3,AVGO,AVGO,0.010635797390997848,0.6321568835270921,0.10090066304655669,0.8333333333333333,AVGO,AVGO,MSFT,False,0.8006890761135868,0.20833333333333337,AVGO,AVGO,baseline_temporal,0.5,0.4,0.55,0.2,0.55,1,0.010635797390997848,0.010635797390997848,0,0.0,0.0,253025.2297252274,0.0
2024-09-24T04:00:00+00:00,2024-09-25T04:00:00+00:00,2024-09-26T04:00:00+00:00,3,AVGO,AVGO,0.02203616489330762,0.6331112793334874,0.10985842236467097,0.8333333333333333,AVGO,AVGO,NFLX,False,0.798828729319748,0.4654953959864147,AVGO,AVGO,baseline_temporal,0.5,0.4,0.55,0.2,0.55,1,0.02203616489330762,0.02203616489330762,0,0.0,0.0,258600.93540961956,0.0
2024-09-25T04:00:00+00:00,2024-09-26T04:00:00+00:00,2024-09-27T04:00:00+00:00,3,AVGO,AVGO,-0.0018204573899192056,0.6128798509207452,0.11905026745234205,0.8666666666666666,AVGO,AVGO,MSFT,False,0.7327476979932074,0.18391896867345933,AVGO,AVGO,baseline_temporal,0.5,0.4,0.55,0.2,0.55,1,-0.0018204573899192056,-0.0018204573899192056,0,0.0,0.0,258130.16342571308,-0.0018204573899193166
2024-09-26T04:00:00+00:00,2024-09-27T04:00:00+00:00,2024-09-30T04:00:00+00:00,3,AVGO,AVGO,-0.03539268209278468,0.6261302181090725,0.10766674436341224,0.8666666666666667,AVGO,AVGO,MSFT,False,0.7672523020067927,0.15950460401358532,AVGO,AVGO,baseline_temporal,0.5,0.4,0.55,0.2,0.55,1,-0.03539268209278468,-0.03539268209278468,0,0.0,0.0,248994.24461302828,-0.03714870861303898
2024-09-27T04:00:00+00:00,2024-09-30T04:00:00+00:00,2024-10-01T04:00:00+00:00,3,AVGO,AVGO,0.0017134416543573838,0.6966750289276604,0.08587514463830156,0.8999999999999999,AVGO,AVGO,MSFT,False,0.9166666666666667,0.14225230200679265,AVGO,AVGO,baseline_temporal,0.5,0.4,0.55,0.2,0.55,1,0.0017134416543573838,0.0017134416543573838,0,0.0,0.0,249420.88172344348,-0.03549891910342484
2024-09-30T04:00:00+00:00,2024-10-01T04:00:00+00:00,2024-10-02T04:00:00+00:00,3,AVGO,AVGO,-0.026778341394361194,0.6455122922272182,0.10985842259023987,0.7999999999999999,AVGO,AVGO,MSFT,False,0.8434235726870447,0.125,AVGO,AVGO,baseline_temporal,0.5,0.4,0.55,0.2,0.55,1,-0.026778341394361194,-0.026778341394361194,0,0.0,0.0,242741.80420177054,-0.06132665832290363
2024-10-01T04:00:00+00:00,2024-10-02T04:00:00+00:00,2024-10-03T04:00:00+00:00,3,AVGO,AVGO,0.012363636363636354,0.6851670963717861,0.11848387307327801,0.8666666666666667,AVGO,AVGO,MSFT,False,0.8936377520528823,0.2083333333333334,AVGO,AVGO,baseline_temporal,0.5,0.4,0.55,0.2,0.55,1,0.012363636363636354,0.012363636363636354,0,0.0,0.0,245742.97559917427,-0.04972124246216858
2024-10-02T04:00:00+00:00,2024-10-03T04:00:00+00:00,2024-10-04T04:00:00+00:00,3,AVGO,AVGO,0.0393318965517242,0.6844467746146556,0.11848387307327801,0.8999999999999999,AVGO,AVGO,MSFT,False,0.8750000000000001,0.2083333333333334,AVGO,AVGO,baseline_temporal,0.5,0.4,0.55,0.2,0.55,1,0.0393318965517242,0.0393318965517242,0,0.0,0.0,255408.51289375385,-0.012344976675389696
2024-10-03T04:00:00+00:00,2024-10-04T04:00:00+00:00,2024-10-07T04:00:00+00:00,3,AVGO,AVGO,-0.00835205345314216,0.6827685516133497,0.11009275806674829,0.8999999999999999,AVGO,AVGO,MSFT,False,0.8750000000000001,0.18969558128045108,AVGO,AVGO,baseline_temporal,0.5,0.4,0.55,0.2,0.55,1,-0.00835205345314216,-0.00835205345314216,0,0.0,0.0,253275.32734167768,-0.02059392422346118
2024-10-04T04:00:00+00:00,2024-10-07T04:00:00+00:00,2024-10-08T04:00:00+00:00,3,AVGO,AVGO,0.003427044609665364,0.6827685516429327,0.11009275821466338,0.8999999999999999,AVGO,AVGO,MSFT,False,0.8750000000000001,0.16666666666666666,AVGO,AVGO,baseline_temporal,0.5,0.4,0.55,0.2,0.55,1,0.003427044609665364,0.003427044609665364,0,0.0,0.0,254143.3131870052,-0.017237455910797728
2024-10-07T04:00:00+00:00,2024-10-08T04:00:00+00:00,2024-10-09T04:00:00+00:00,3,AVGO,AVGO,0.021765557163531124,0.6834888734000631,0.11009275821466338,0.8666666666666667,AVGO,AVGO,MSFT,False,0.8936377520528823,0.23136224794711777,AVGO,AVGO,baseline_temporal,0.5,0.4,0.55,0.2,0.55,1,0.021765557163531124,0.021765557163531124,0,0.0,0.0,259674.88399790614,0.0
2024-10-08T04:00:00+00:00,2024-10-09T04:00:00+00:00,2024-10-10T04:00:00+00:00,3,AMD,AMD,-0.024648089629417003,0.7219804362944067,0.10701370536939524,0.8666666666666667,AMD,AMD,MSFT,False,0.9805430264159869,0.18887635974932018,AVGO,AMD,baseline_temporal,0.5,0.4,0.55,0.2,0.55,1,-0.024648089629417003,-0.024648089629417003,2,0.0,0.0,253274.39418261728,-0.024648089629417003
2024-10-09T04:00:00+00:00,2024-10-10T04:00:00+00:00,2024-10-11T04:00:00+00:00,3,AMD,AMD,-0.03284048067860501,0.7268495156525905,0.13135910216031435,0.8666666666666667,AMD,MSFT,CAT,False,0.9805430264159869,0.45558061383469295,AMD,AMD,baseline_temporal,0.5,0.4,0.55,0.2,0.55,1,-0.03284048067860501,-0.03284048067860501,0,0.0,0.0,244956.74133407767,-0.05667911519678259
2024-10-10T04:00:00+00:00,2024-10-11T04:00:00+00:00,2024-10-14T04:00:00+00:00,3,META,META,0.016062461305633935,0.6463776252187947,0.39144326886327646,0.8666666666666667,MSFT,MSFT,META,True,0.16666666666666663,0.6861236402506798,AMD,META,baseline_temporal,0.5,0.4,0.55,0.2,0.55,1,0.016062461305633935,0.016062461305633935,2,0.0,0.0,248891.34951331047,-0.0415270599858345
2024-10-11T04:00:00+00:00,2024-10-14T04:00:00+00:00,2024-10-15T04:00:00+00:00,3,MSFT,MSFT,0.010556971241354018,0.5240116688469313,0.90461348700396,0.8666666666666666,MSFT,MSFT,CAT,False,0.1861236402506798,0.5638763597493202,META,MSFT,baseline_temporal,0.5,0.4,0.55,0.2,0.55,1,0.010556971241354018,0.010556971241354018,2,0.0,0.0,251518.8883323443,-0.031408488722488914
2024-10-14T04:00:00+00:00,2024-10-15T04:00:00+00:00,2024-10-16T04:00:00+00:00,3,MSFT,MSFT,-0.016618635926993197,0.523318755714234,0.8949553024685333,0.8666666666666666,MSFT,MSFT,NFLX,False,0.18887635974932018,0.544419386165307,MSFT,MSFT,baseline_temporal,0.5,0.4,0.55,0.2,0.55,1,-0.016618635926993197,-0.016618635926993197,0,0.0,0.0,247338.98749838702,-0.04750515841038594
2024-10-15T04:00:00+00:00,2024-10-16T04:00:00+00:00,2024-10-17T04:00:00+00:00,3,NFLX,NFLX,0.0014216661927779484,0.5884729142646424,0.37290751514438203,0.8999999999999999,NFLX,NFLX,MSFT,False,0.5416666666666667,0.25,MSFT,NFLX,baseline_temporal,0.5,0.4,0.55,0.2,0.55,1,0.0014216661927779484,0.0014216661927779484,2,0.0,0.0,247690.62097506938,-0.04615102869530274
2024-10-16T04:00:00+00:00,2024-10-17T04:00:00+00:00,2024-10-18T04:00:00+00:00,3,NFLX,NFLX,0.047132311186825815,0.5671262216599153,0.443585040755277,0.8999999999999999,NFLX,MSFT,NFLX,False,0.45833333333333337,0.45833333333333337,NFLX,NFLX,baseline_temporal,0.5,0.4,0.55,0.2,0.55,1,0.047132311186825815,0.047132311186825815,0,0.0,0.0,259364.8524009245,-0.0011939221545359535
2024-10-17T04:00:00+00:00,2024-10-18T04:00:00+00:00,2024-10-21T04:00:00+00:00,3,MSFT,MSFT,-0.0024548525873173688,0.5674153382737649,0.8867256185831683,0.8666666666666667,MSFT,MSFT,NFLX,False,0.26995891845491526,0.5416666666666667,NFLX,MSFT,baseline_temporal,0.5,0.4,0.55,0.2,0.55,1,-0.0024548525873173688,-0.0024548525873173688,2,0.0,0.0,258728.1499219489,-0.0036458438389631587
2024-10-18T04:00:00+00:00,2024-10-21T04:00:00+00:00,2024-10-22T04:00:00+00:00,3,CAT,CAT,-0.006534586446590773,0.6150461144882513,0.35485399087107417,0.8333333333333333,MSFT,MSFT,CAT,True,0.31162558512158195,0.6267488297568361,MSFT,CAT,baseline_temporal,0.5,0.4,0.55,0.2,0.55,1,-0.006534586446590773,-0.006534586446590773,2,0.0,0.0,257037.46846011744,-0.01015660620381742
2024-10-21T04:00:00+00:00,2024-10-22T04:00:00+00:00,2024-10-23T04:00:00+00:00,3,MSFT,MSFT,0.02953290047485213,0.5545072835501854,0.9201338035256968,0.8999999999999999,MSFT,MSFT,CAT,False,0.2083333333333334,0.5798356738196612,CAT,MSFT,baseline_temporal,0.5,0.4,0.55,0.2,0.55,1,0.02953290047485213,0.02953290047485213,2,0.0,0.0,264628.530434458,0.0
2024-10-22T04:00:00+00:00,2024-10-23T04:00:00+00:00,2024-10-24T04:00:00+00:00,3,CAT,CAT,0.0,0.6194317944463021,0.468091269174897,0.8,MSFT,MSFT,CAT,True,0.20945361553927125,0.6024862433577597,MSFT,CAT,baseline_temporal,0.5,0.4,0.55,0.2,0.55,1,0.0,0.0,2,0.0,0.0,264628.530434458,0.0
2024-10-23T04:00:00+00:00,2024-10-24T04:00:00+00:00,2024-10-25T04:00:00+00:00,3,MSFT,MSFT,0.003361144219308665,0.5270776019576202,0.8470376479958912,0.8,MSFT,MSFT,CAT,False,0.23084708997557354,0.4955188711762482,CAT,MSFT,baseline_temporal,0.5,0.4,0.55,0.2,0.55,1,0.003361144219308665,0.003361144219308665,2,0.0,0.0,265517.98508979194,0.0
2024-10-24T04:00:00+00:00,2024-10-25T04:00:00+00:00,2024-10-28T04:00:00+00:00,3,NVDA,NVDA,0.014711107952526392,0.7229412456564732,0.027226660071412005,0.8999999999999999,MSFT,MSFT,NVDA,True,0.1666666666666666,1.0,MSFT,NVDA,baseline_temporal,0.5,0.4,0.55,0.2,0.55,1,0.014711107952526392,0.014711107952526392,2,0.0,0.0,269424.04883178516,0.0
2024-10-25T04:00:00+00:00,2024-10-28T04:00:00+00:00,2024-10-29T04:00:00+00:00,3,AVGO,AVGO,-0.003228457384362615,0.7164966262296569,0.13402224607983576,0.8666666666666665,MSFT,MSFT,AVGO,True,0.125,0.936939858897031,NVDA,AVGO,baseline_temporal,0.5,0.4,0.55,0.2,0.55,1,-0.003228457384362615,-0.003228457384362615,2,0.0,0.0,268554.2247718093,-0.003228457384362615
2024-10-28T04:00:00+00:00,2024-10-29T04:00:00+00:00,2024-10-30T04:00:00+00:00,3,NVDA,NVDA,-0.005354465624330729,0.7239542010578491,0.020913292139948084,0.8999999999999999,MSFT,MSFT,NVDA,True,0.22972680776963567,1.0,AVGO,NVDA,baseline_temporal,0.5,0.4,0.55,0.2,0.55,1,-0.005354465624330729,-0.005354465624330729,2,0.0,0.0,267116.26040699985,-0.008565636344609162
2024-10-29T04:00:00+00:00,2024-10-30T04:00:00+00:00,2024-10-31T04:00:00+00:00,3,AVGO,AVGO,-0.017050981289695177,0.7329867591215702,0.125,0.8666666666666667,MSFT,MSFT,AVGO,True,0.125,0.9787677489721792,NVDA,AVGO,baseline_temporal,0.5,0.4,0.55,0.2,0.55,1,-0.017050981289695177,-0.017050981289695177,2,0.0,0.0,262561.66604862676,-0.02547056512925805
2024-10-30T04:00:00+00:00,2024-10-31T04:00:00+00:00,2024-11-01T04:00:00+00:00,3,NVDA,NVDA,-0.021107795327170664,0.7136163463687001,0.05353478721493933,0.8666666666666667,MSFT,MSFT,NVDA,True,0.1037677489721793,0.979565584361154,AVGO,NVDA,baseline_temporal,0.5,0.4,0.55,0.2,0.55,1,-0.021107795327170664,-0.021107795327170664,2,0.0,0.0,257019.56814091143,-0.046040732980812904
2024-10-31T04:00:00+00:00,2024-11-01T04:00:00+00:00,2024-11-04T05:00:00+00:00,3,NVDA,NVDA,0.018663097628076386,0.7345037144479528,0.047956593287483175,0.8999999999999999,NVDA,NVDA,AVGO,False,1.0,0.9583333333333333,NVDA,NVDA,baseline_temporal,0.5,0.4,0.55,0.2,0.55,1,0.018663097628076386,0.018663097628076386,0,0.0,0.0,261816.3494334513,-0.028236898047225623
2024-11-01T04:00:00+00:00,2024-11-04T05:00:00+00:00,2024-11-05T05:00:00+00:00,3,NVDA,NVDA,0.0017518248175183437,0.7167659657401688,0.047956593287483175,0.8666666666666667,NVDA,LLY,NVDA,False,0.979565584361154,0.979565584361154,NVDA,NVDA,baseline_temporal,0.5,0.4,0.55,0.2,0.55,1,0.0017518248175183437,0.0017518248175183437,0,0.0,0.0,262275.00581202086,-0.02653453932847627
2024-11-04T05:00:00+00:00,2024-11-05T05:00:00+00:00,2024-11-06T05:00:00+00:00,3,NVDA,NVDA,0.04007577965607689,0.7204513861758547,0.056266979131702845,0.8666666666666667,NVDA,NVDA,LLY,False,0.979565584361154,0.854565584361154,NVDA,NVDA,baseline_temporal,0.5,0.4,0.55,0.2,0.55,1,0.04007577965607689,0.04007577965607689,0,0.0,0.0,272785.8811542397,0.0
2024-11-05T05:00:00+00:00,2024-11-06T05:00:00+00:00,2024-11-07T05:00:00+00:00,3,NVDA,NVDA,0.023959646910466592,0.7222261436628135,0.06857732685974603,0.8666666666666667,NVDA,NVDA,LLY,False,0.9797661437651174,0.7511989541969013,NVDA,NVDA,baseline_temporal,0.5,0.4,0.55,0.2,0.55,1,0.023959646910466592,0.023959646910466592,0,0.0,0.0,279321.73454885575,0.0
2024-11-06T05:00:00+00:00,2024-11-07T05:00:00+00:00,2024-11-08T05:00:00+00:00,3,LLY,LLY,0.024028286790894526,0.7121298849333703,0.1822223694027986,0.7999999999999999,LLY,LLY,NVDA,False,0.9357015687046479,0.9595322875302346,NVDA,LLY,baseline_temporal,0.5,0.4,0.55,0.2,0.55,1,0.024028286790894526,0.024028286790894526,2,0.0,0.0,286033.35729352577,0.0
2024-11-07T05:00:00+00:00,2024-11-08T05:00:00+00:00,2024-11-11T05:00:00+00:00,3,LLY,LLY,0.0346044307785367,0.7386524743808351,0.2383678672160378,0.8333333333333333,LLY,LLY,NVDA,False,0.9571343791364318,0.7702338562348826,LLY,LLY,baseline_temporal,0.5,0.4,0.55,0.2,0.55,1,0.0346044307785367,0.0346044307785367,0,0.0,0.0,295931.378806342,0.0
2024-11-08T05:00:00+00:00,2024-11-11T05:00:00+00:00,2024-11-12T05:00:00+00:00,3,NVDA,NVDA,-0.012798922196025408,0.69186298268376,0.11930660595160747,0.8666666666666667,NVDA,NVDA,LLY,False,0.8952338562348825,0.7309650979620187,LLY,NVDA,baseline_temporal,0.5,0.4,0.55,0.2,0.55,1,-0.012798922196025408,-0.012798922196025408,2,0.0,0.0,292143.77611363714,-0.012798922196025408
2024-11-11T05:00:00+00:00,2024-11-12T05:00:00+00:00,2024-11-13T05:00:00+00:00,3,NVDA,NVDA,0.015626066189013965,0.7248527110020521,0.10402807944639109,0.8999999999999999,NVDA,LLY,NVDA,False,0.9583333333333334,0.9583333333333334,NVDA,NVDA,baseline_temporal,0.5,0.4,0.55,0.2,0.55,1,0.015626066189013965,0.015626066189013965,0,0.0,0.0,296708.8340958973,0.0
2024-11-12T05:00:00+00:00,2024-11-13T05:00:00+00:00,2024-11-14T05:00:00+00:00,3,LLY,LLY,-0.013565389125470562,0.6283037818500401,0.22311783314716957,0.7666666666666667,LLY,LLY,NVDA,False,0.753227960948261,0.875,NVDA,LLY,baseline_temporal,0.5,0.4,0.55,0.2,0.55,1,-0.013565389125470562,-0.013565389125470562,2,0.0,0.0,292683.8633044218,-0.013565389125470673
2024-11-13T05:00:00+00:00,2024-11-14T05:00:00+00:00,2024-11-15T05:00:00+00:00,3,LLY,LLY,-0.040429951449021395,0.6667891346884288,0.2480793412132751,0.8333333333333333,LLY,LLY,NVDA,False,0.7932806471407972,0.9567193528592028,LLY,LLY,baseline_temporal,0.5,0.4,0.55,0.2,0.55,1,-0.040429951449021395,-0.040429951449021395,0,0.0,0.0,280850.66892111197,-0.05344689255076218
2024-11-14T05:00:00+00:00,2024-11-15T05:00:00+00:00,2024-11-18T05:00:00+00:00,3,LLY,LLY,-0.05418269544239429,0.747604380869773,0.1958525793059638,0.8666666666666667,LLY,LLY,NVDA,False,0.9783596764296014,0.8116930097629347,LLY,LLY,baseline_temporal,0.5,0.4,0.55,0.2,0.55,1,-0.05418269544239429,-0.05418269544239429,0,0.0,0.0,265633.42266216665,-0.10473369129173615
2024-11-15T05:00:00+00:00,2024-11-18T05:00:00+00:00,2024-11-19T05:00:00+00:00,3,LLY,LLY,-0.023024955190955376,0.7436600314711351,0.16135367061364614,0.8666666666666667,LLY,LLY,NVDA,False,0.9783596764296014,0.9599473138074638,LLY,LLY,baseline_temporal,0.5,0.4,0.55,0.2,0.55,1,-0.023024955190955376,-0.023024955190955376,0,0.0,0.0,259517.22500815016,-0.12534715793371598
2024-11-18T05:00:00+00:00,2024-11-19T05:00:00+00:00,2024-11-20T05:00:00+00:00,3,NVDA,NVDA,0.043090007087172255,0.7373124626130305,0.1246169141900417,0.8666666666666667,NVDA,NVDA,LLY,False,0.979973656903732,0.9783596764296014,LLY,NVDA,baseline_temporal,0.5,0.4,0.55,0.2,0.55,1,0.043090007087172255,0.043090007087172255,2,0.0,0.0,270699.82407299464,-0.08765836077026434
2024-11-19T05:00:00+00:00,2024-11-20T05:00:00+00:00,2024-11-21T05:00:00+00:00,3,NVDA,NVDA,0.013181138741676923,0.7127260584923337,0.11858178171334237,0.8666666666666665,NVDA,LLY,NVDA,False,0.9381204066444507,0.9381204066444507,NVDA,NVDA,baseline_temporal,0.5,0.4,0.55,0.2,0.55,1,0.013181138741676923,0.013181138741676923,0,0.0,0.0,274267.95601144835,-0.07563265904376815
2024-11-20T05:00:00+00:00,2024-11-21T05:00:00+00:00,2024-11-22T05:00:00+00:00,3,LLY,LLY,0.014645910390331807,0.7203930287378282,0.16037422721106576,0.8333333333333333,LLY,LLY,AVGO,False,0.9570925200444319,0.8333333333333334,NVDA,LLY,baseline_temporal,0.5,0.4,0.55,0.2,0.55,1,0.014645910390331807,0.014645910390331807,2,0.0,0.0,278284.85991813143,-0.06209445780037404
2024-11-21T05:00:00+00:00,2024-11-22T05:00:00+00:00,2024-11-25T05:00:00+00:00,3,LLY,LLY,-0.00930698357591142,0.7461614295772644,0.20204089386299753,0.8666666666666667,LLY,LLY,AVGO,False,0.978546260022216,0.8333333333333334,LLY,LLY,baseline_temporal,0.5,0.4,0.55,0.2,0.55,1,-0.00930698357591142,-0.00930698357591142,0,0.0,0.0,275694.86729744857,-0.07082352927738234
2024-11-22T05:00:00+00:00,2024-11-25T05:00:00+00:00,2024-11-26T05:00:00+00:00,3,NVDA,NVDA,-0.03018974395147067,0.7232437053001471,0.06331443393658603,0.8666666666666667,NVDA,NVDA,LLY,False,0.9797870733111174,0.978546260022216,LLY,NVDA,baseline_temporal,0.5,0.4,0.55,0.2,0.55,1,-0.03018974395147067,-0.03018974395147067,2,0.0,0.0,267371.70984500396,-0.09887512901422912
2024-11-25T05:00:00+00:00,2024-11-26T05:00:00+00:00,2024-11-27T05:00:00+00:00,3,NVDA,NVDA,-0.019565059277038332,0.7174020398237589,0.04166666666666663,0.8999999999999999,NVDA,NVDA,LLY,False,0.9583333333333334,0.9166666666666665,NVDA,NVDA,baseline_temporal,0.5,0.4,0.55,0.2,0.55,1,-0.019565059277038332,-0.019565059277038332,0,0.0,0.0,262140.56649288334,-0.1165056905310794
2024-11-26T05:00:00+00:00,2024-11-27T05:00:00+00:00,2024-11-29T05:00:00+00:00,3,LLY,LLY,0.004065979169873168,0.7094479592373224,0.20201189467473304,0.8666666666666667,LLY,LLY,NVDA,False,0.8968290507817359,0.9583333333333335,NVDA,LLY,baseline_temporal,0.5,0.4,0.55,0.2,0.55,1,0.004065979169873168,0.004065979169873168,2,0.0,0.0,263206.4245758222,-0.11291342107207714
2024-11-27T05:00:00+00:00,2024-11-29T05:00:00+00:00,2024-12-02T05:00:00+00:00,3,LLY,LLY,0.008571684061266405,0.7097626778902486,0.19932012803212337,0.8666666666666667,LLY,LLY,NVDA,False,0.8968290507817359,0.9583333333333335,LLY,LLY,baseline_temporal,0.5,0.4,0.55,0.2,0.55,1,0.008571684061266405,0.008571684061266405,0,0.0,0.0,265462.54689018166,-0.10530959518251737
2024-11-29T05:00:00+00:00,2024-12-02T05:00:00+00:00,2024-12-03T05:00:00+00:00,3,LLY,LLY,0.006041645556793984,0.6564156700588981,0.19101451664451527,0.8,LLY,LLY,NVDA,False,0.8154871523452075,1.0,LLY,LLY,baseline_temporal,0.5,0.4,0.55,0.2,0.55,1,0.006041645556793984,0.006041645556793984,0,0.0,0.0,267066.3775070959,-0.09990419287354568
2024-12-02T05:00:00+00:00,2024-12-03T05:00:00+00:00,2024-12-04T05:00:00+00:00,3,LLY,LLY,0.03134875171536855,0.6208812425360264,0.21267059997499158,0.8333333333333334,LLY,LLY,NVDA,False,0.7103247682301385,1.0,LLY,LLY,baseline_temporal,0.5,0.4,0.55,0.2,0.55,1,0.03134875171536855,0.03134875171536855,0,0.0,0.0,275438.57506708876,-0.07168731289589425
2024-12-03T05:00:00+00:00,2024-12-04T05:00:00+00:00,2024-12-05T05:00:00+00:00,3,LLY,LLY,-0.000390629768429851,0.608118402449312,0.2526917663957292,0.8666666666666666,LLY,LLY,NVDA,False,0.6468290507817358,0.9166666666666666,LLY,LLY,baseline_temporal,0.5,0.4,0.55,0.2,0.55,1,-0.000390629768429851,-0.000390629768429851,0,0.0,0.0,275330.98056029365,-0.07204993946588822
2024-12-04T05:00:00+00:00,2024-12-05T05:00:00+00:00,2024-12-06T05:00:00+00:00,3,LLY,LLY,-0.00012211950614871014,0.5561906940041106,0.2763810947446682,0.8666666666666666,LLY,LLY,NVDA,False,0.521906950921053,0.9802402842543864,LLY,LLY,baseline_temporal,0.5,0.4,0.55,0.2,0.55,1,-0.00012211950614871014,-0.00012211950614871014,0,0.0,0.0,275297.35727692023,-0.07216326026901121
2024-12-05T05:00:00+00:00,2024-12-06T05:00:00+00:00,2024-12-09T05:00:00+00:00,3,LLY,LLY,-0.004799882750955664,0.5936343626421238,0.35813703280249404,0.8333333333333334,LLY,LLY,NVDA,False,0.5854805685087726,0.9802402842543864,LLY,LLY,baseline_temporal,0.5,0.4,0.55,0.2,0.55,1,-0.004799882750955664,-0.004799882750955664,0,0.0,0.0,273975.96224034304,-0.07661676783174898
2024-12-06T05:00:00+00:00,2024-12-09T05:00:00+00:00,2024-12-10T05:00:00+00:00,3,NVDA,NVDA,0.0002882675122515277,0.7362024838948619,0.11390447685775304,0.8666666666666667,NVDA,NVDA,LLY,False,0.9802402842543864,0.5635736175877196,LLY,NVDA,baseline_temporal,0.5,0.4,0.55,0.2,0.55,1,0.0002882675122515277,0.0002882675122515277,2,0.0,0.0,274054.9406093948,-0.07635058644455694
2024-12-09T05:00:00+00:00,2024-12-10T05:00:00+00:00,2024-12-11T05:00:00+00:00,3,NVDA,NVDA,-0.011815561959654275,0.7300027339067948,0.08333333333333338,0.8666666666666667,NVDA,LLY,NVDA,False,0.9802402842543864,0.9802402842543864,NVDA,NVDA,baseline_temporal,0.5,0.4,0.55,0.2,0.55,1,-0.011815561959654275,-0.011815561959654275,0,0.0,0.0,270816.8274782751,-0.08726402331941974
2024-12-10T05:00:00+00:00,2024-12-11T05:00:00+00:00,2024-12-12T05:00:00+00:00,3,LLY,LLY,0.0018685886435569898,0.6519021860945767,0.3554729934187887,0.7333333333333334,LLY,LLY,NVDA,False,0.765465245394735,0.9364263824122803,NVDA,LLY,baseline_temporal,0.5,0.4,0.55,0.2,0.55,1,0.0018685886435569898,0.0018685886435569898,2,0.0,0.0,271322.87272658513,-0.08555849523882852
2024-12-11T05:00:00+00:00,2024-12-12T05:00:00+00:00,2024-12-13T05:00:00+00:00,3,LLY,LLY,-0.024601603735282196,0.6661745312547147,0.35451712909385524,0.8333333333333333,LLY,LLY,NVDA,False,0.7479419631895724,0.9801956850718804,LLY,LLY,baseline_temporal,0.5,0.4,0.55,0.2,0.55,1,-0.024601603735282196,-0.024601603735282196,0,0.0,0.0,264647.8949274473,-0.1080552227780579
2024-12-12T05:00:00+00:00,2024-12-13T05:00:00+00:00,2024-12-16T05:00:00+00:00,3,NVDA,NVDA,-0.034239169610033926,0.7300236032682159,0.08967115595479126,0.8666666666666667,NVDA,NVDA,LLY,False,0.9781376482614529,0.8094129447843587,LLY,NVDA,baseline_temporal,0.5,0.4,0.55,0.2,0.55,1,-0.034239169610033926,-0.034239169610033926,2,0.0,0.0,255586.570766088,-0.13859467128814396
2024-12-13T05:00:00+00:00,2024-12-16T05:00:00+00:00,2024-12-17T05:00:00+00:00,3,NVDA,NVDA,-0.037916106881624057,0.7300724072973119,0.10451712919731782,0.8999999999999999,NVDA,LLY,NVDA,False,0.9583333333333333,0.9583333333333333,NVDA,NVDA,baseline_temporal,0.5,0.4,0.55,0.2,0.55,1,-0.037916106881624057,-0.037916106881624057,0,0.0,0.0,245895.72303141325,-0.17125580779998317
2024-12-16T05:00:00+00:00,2024-12-17T05:00:00+00:00,2024-12-18T05:00:00+00:00,3,NVDA,NVDA,0.036927851047323434,0.7127078363624966,0.10494920975278198,0.8666666666666665,NVDA,NVDA,LLY,False,0.9364709815947863,0.8292172597124782,NVDA,NVDA,baseline_temporal,0.5,0.4,0.55,0.2,0.55,1,0.036927851047323434,0.036927851047323434,0,0.0,0.0,254976.12366469117,-0.1406520657140865
2024-12-17T05:00:00+00:00,2024-12-18T05:00:00+00:00,2024-12-19T05:00:00+00:00,3,NVDA,NVDA,-0.015711506808319564,0.6880648382490027,0.08923907540132299,0.8999999999999999,NVDA,NVDA,LLY,False,0.8749999999999999,0.870883926379145,NVDA,NVDA,baseline_temporal,0.5,0.4,0.55,0.2,0.55,1,-0.015711506808319564,-0.015711506808319564,0,0.0,0.0,250970.06456177443,-0.15415371663433508
2024-12-18T05:00:00+00:00,2024-12-19T05:00:00+00:00,2024-12-20T05:00:00+00:00,3,NVDA,NVDA,-0.014746123441775616,0.6161409425140838,0.08936374357026927,0.7999999999999999,NVDA,NVDA,LLY,False,0.7728058198447717,0.8495641981399769,NVDA,NVDA,baseline_temporal,0.5,0.4,0.55,0.2,0.55,1,-0.014746123441775616,-0.014746123441775616,0,0.0,0.0,247269.22900955612,-0.16662667034161227
2024-12-19T05:00:00+00:00,2024-12-20T05:00:00+00:00,2024-12-23T05:00:00+00:00,3,NVDA,NVDA,0.04983798796482031,0.6573820398955653,0.09827280769380961,0.7999999999999999,NVDA,NVDA,LLY,False,0.8561391531781051,0.8092125224809358,NVDA,NVDA,baseline_temporal,0.5,0.4,0.55,0.2,0.55,1,0.04983798796482031,0.04983798796482031,0,0.0,0.0,259592.62986900477,-0.12509302036789527
2024-12-20T05:00:00+00:00,2024-12-23T05:00:00+00:00,2024-12-24T05:00:00+00:00,3,NVDA,NVDA,0.02726337448559657,0.6748632481575061,0.09827280769380961,0.8333333333333333,NVDA,NVDA,LLY,False,0.8763149910076257,0.7714908288371461,NVDA,NVDA,baseline_temporal,0.5,0.4,0.55,0.2,0.55,1,0.02726337448559657,0.02726337448559657,0,0.0,0.0,266670.0009508243,-0.10124010374212311
2024-12-23T05:00:00+00:00,2024-12-24T05:00:00+00:00,2024-12-26T05:00:00+00:00,3,LLY,LLY,0.0034744842562433043,0.6433936157636985,0.24396958982878744,0.8999999999999999,LLY,LLY,NVDA,False,0.7083333333333333,0.9394724865114384,NVDA,LLY,baseline_temporal,0.5,0.4,0.55,0.2,0.55,1,0.0034744842562433043,0.0034744842562433043,2,0.0,0.0,267596.54167074035,-0.09811737663243214
2024-12-24T05:00:00+00:00,2024-12-26T05:00:00+00:00,2024-12-27T05:00:00+00:00,3,LLY,LLY,-0.005180951411077328,0.665159164035704,0.2589090641892637,0.8999999999999999,LLY,LLY,NVDA,False,0.7499999999999999,0.9179816576742923,LLY,LLY,baseline_temporal,0.5,0.4,0.55,0.2,0.55,1,-0.005180951411077328,-0.005180951411077328,0,0.0,0.0,266210.1369905719,-0.10278998668259443
2024-12-26T05:00:00+00:00,2024-12-27T05:00:00+00:00,2024-12-30T05:00:00+00:00,3,LLY,LLY,-0.015303902751119702,0.7020468278902342,0.2655133510588393,0.9666733805432492,LLY,LLY,NVDA,False,0.771256036266145,0.896256036266145,LLY,LLY,baseline_temporal,0.5,0.4,0.55,0.2,0.55,1,-0.015303902751119702,-0.015303902751119702,0,0.0,0.0,262136.08294270592,-0.11652080147373489
2024-12-27T05:00:00+00:00,2024-12-30T05:00:00+00:00,2024-12-31T05:00:00+00:00,3,NVDA,NVDA,0.023694570303795626,0.7430678230478032,0.08957307852001102,0.9000338474708764,NVDA,NVDA,AMD,False,0.9387681087984353,0.978743963733855,LLY,NVDA,baseline_temporal,0.5,0.4,0.55,0.2,0.55,1,0.023694570303795626,0.023694570303795626,2,0.0,0.0,268347.2847891535,-0.09558714149231329
2024-12-30T05:00:00+00:00,2024-12-31T05:00:00+00:00,2025-01-02T05:00:00+00:00,3,NVDA,NVDA,-0.014656798722971875,0.7366843376231804,0.08957307852001102,0.9333467610864985,NVDA,NVDA,AMD,False,0.9175120725322902,0.9166666666666667,NVDA,NVDA,baseline_temporal,0.5,0.4,0.55,0.2,0.55,1,-0.014656798722971875,-0.014656798722971875,0,0.0,0.0,264414.17264814285,-0.10884293872192807
2024-12-31T05:00:00+00:00,2025-01-02T05:00:00+00:00,2025-01-03T05:00:00+00:00,3,NVDA,NVDA,0.02945508100147265,0.725450305752227,0.07202636797281439,0.9999862941588711,NVDA,NVDA,AMD,False,0.875,0.9166666666666667,NVDA,NVDA,baseline_temporal,0.5,0.4,0.55,0.2,0.55,1,0.02945508100147265,0.02945508100147265,0,0.0,0.0,272202.51352143125,-0.08259383529694819
2025-01-02T05:00:00+00:00,2025-01-03T05:00:00+00:00,2025-01-06T05:00:00+00:00,3,AMD,AMD,0.06099465680230165,0.7501853253276701,0.06275276209980944,1.0,AMD,AMD,NVDA,False,0.9166666666666667,0.875,NVDA,AMD,baseline_temporal,0.5,0.4,0.55,0.2,0.55,1,0.06099465680230165,0.06099465680230165,2,0.0,0.0,288805.41241439484,-0.026636961132569636
2025-01-03T05:00:00+00:00,2025-01-06T05:00:00+00:00,2025-01-07T05:00:00+00:00,3,AMD,AMD,0.011156736654528432,0.744704310592427,0.04166666666666663,1.0,AMD,AMD,NVDA,False,0.9166666666666666,0.8547837505521623,AMD,AMD,baseline_temporal,0.5,0.4,0.55,0.2,0.55,1,0.011156736654528432,0.011156736654528432,0,0.0,0.0,292027.5383451047,-0.01577740603867428
2025-01-06T05:00:00+00:00,2025-01-07T05:00:00+00:00,2025-01-08T05:00:00+00:00,3,LLY,LLY,0.011669552116510662,0.7024257189499431,0.29166666669413566,0.9006072077781224,LLY,LLY,NVDA,False,0.7726845849898202,0.8964504172188289,AMD,LLY,baseline_temporal,0.5,0.4,0.55,0.2,0.55,1,0.011669552116510662,0.011669552116510662,2,0.0,0.0,295435.3689232792,-0.004291969184195277
2025-01-07T05:00:00+00:00,2025-01-08T05:00:00+00:00,2025-01-10T05:00:00+00:00,3,LLY,LLY,0.023396472893533637,0.7091596333976837,0.3540970036492567,0.9337381385187483,LLY,LLY,AMD,False,0.7512341677709911,0.9166666666666666,LLY,LLY,baseline_temporal,0.5,0.4,0.55,0.2,0.55,1,0.023396472893533637,0.023396472893533637,0,0.0,0.0,302347.5145240838,0.0
2025-01-08T05:00:00+00:00,2025-01-10T05:00:00+00:00,2025-01-13T05:00:00+00:00,3,LLY,LLY,0.003114588784927541,0.6686374947657329,0.35980396314629537,0.8682160149893048,LLY,LLY,AMD,False,0.7108016688753157,0.9583333333333335,LLY,LLY,baseline_temporal,0.5,0.4,0.55,0.2,0.55,1,0.003114588784927541,0.003114588784927541,0,0.0,0.0,303289.2027019712,0.0
2025-01-10T05:00:00+00:00,2025-01-13T05:00:00+00:00,2025-01-14T05:00:00+00:00,3,LLY,LLY,-0.01280142520837313,0.5946595140908286,0.4614769746040562,0.8012144155562448,LLY,LLY,AMD,False,0.5453691699796404,0.8964504172188289,LLY,LLY,baseline_temporal,0.5,0.4,0.55,0.2,0.55,1,-0.01280142520837313,-0.01280142520837313,0,0.0,0.0,299406.66865707486,-0.012801425208373018
2025-01-13T05:00:00+00:00,2025-01-14T05:00:00+00:00,2025-01-15T05:00:00+00:00,3,LLY,LLY,-0.044921950527848864,0.6155839226401678,0.41334461277568335,0.8692567983272526,LLY,LLY,AMD,False,0.5875089074913301,0.9562455462543349,LLY,LLY,baseline_temporal,0.5,0.4,0.55,0.2,0.55,1,-0.044921950527848864,-0.044921950527848864,0,0.0,0.0,285956.7370999537,-0.057148310746325426
2025-01-14T05:00:00+00:00,2025-01-15T05:00:00+00:00,2025-01-16T05:00:00+00:00,3,AMD,AMD,0.022883879200340296,0.7437438060195454,0.0653297540818419,0.8833402302876547,AMD,AMD,MSFT,False,0.9562455462543349,0.25,LLY,AMD,baseline_temporal,0.5,0.4,0.55,0.2,0.55,1,0.022883879200340296,0.022883879200340296,2,0.0,0.0,292500.5365282725,-0.03557220658560756
2025-01-15T05:00:00+00:00,2025-01-16T05:00:00+00:00,2025-01-17T05:00:00+00:00,3,AMD,AMD,0.004491017964071808,0.783411270910986,0.0919866954970024,0.94745862803326,AMD,TSLA,AMD,False,1.0,1.0,AMD,AMD,baseline_temporal,0.5,0.4,0.55,0.2,0.55,1,0.004491017964071808,0.004491017964071808,0,0.0,0.0,293814.16169232165,-0.031240944040333285
2025-01-16T05:00:00+00:00,2025-01-17T05:00:00+00:00,2025-01-21T05:00:00+00:00,3,AMD,AMD,0.013330021526742897,0.7922109744171555,0.0889928414970171,0.9576079712396817,AMD,AMD,LLY,False,1.0,0.7916666666666665,AMD,AMD,baseline_temporal,0.5,0.4,0.55,0.2,0.55,1,0.013330021526742897,0.013330021526742897,0,0.0,0.0,297730.7107925422,-0.01832736497016385
2025-01-17T05:00:00+00:00,2025-01-21T05:00:00+00:00,2025-01-22T05:00:00+00:00,3,AMD,AMD,0.005637715499632323,0.7540485983151215,0.10400256673028617,0.9582232266998059,AMD,AMD,LLY,False,0.9166666666666665,0.9802105602061658,AMD,AMD,baseline_temporal,0.5,0.4,0.55,0.2,0.55,1,0.005637715499632323,0.005637715499632323,0,0.0,0.0,299409.2318354939,-0.012792973940091157
2025-01-21T05:00:00+00:00,2025-01-22T05:00:00+00:00,2025-01-23T05:00:00+00:00,3,AMD,AMD,-0.013446538836529132,0.76291704557392,0.08000616043494156,0.9296928886293605,AMD,AMD,MSFT,False,0.9807694605909685,0.31089720607569826,AMD,AMD,baseline_temporal,0.5,0.4,0.55,0.2,0.55,1,-0.013446538836529132,-0.013446538836529132,0,0.0,0.0,295383.21397160256,-0.026067491555700206
2025-01-22T05:00:00+00:00,2025-01-23T05:00:00+00:00,2025-01-24T05:00:00+00:00,3,AMD,AMD,0.025736051060325282,0.7565439128510891,0.07100739251728304,0.9532720704710343,AMD,AMD,LLY,False,0.9583333333333334,0.8108972060756983,AMD,AMD,baseline_temporal,0.5,0.4,0.55,0.2,0.55,1,0.025736051060325282,0.025736051060325282,0,0.0,0.0,302985.21144873864,-0.0010023147890672046
2025-01-23T05:00:00+00:00,2025-01-24T05:00:00+00:00,2025-01-27T05:00:00+00:00,3,AMD,AMD,-0.05419510236852665,0.7565163966917494,0.07128548997760002,0.9532720704710343,AMD,AMD,LLY,False,0.9583333333333334,0.7916666666666666,AMD,AMD,baseline_temporal,0.5,0.4,0.55,0.2,0.55,1,-0.05419510236852665,-0.05419510236852665,0,0.0,0.0,286564.89689812454,-0.055143096604994946
2025-01-24T05:00:00+00:00,2025-01-27T05:00:00+00:00,2025-01-28T05:00:00+00:00,3,LLY,LLY,0.03663365051341616,0.6326388967395706,0.23477344216544185,0.8616838664373431,LLY,LLY,AMD,False,0.6923083817729053,0.9391027939243017,AMD,LLY,baseline_temporal,0.5,0.4,0.55,0.2,0.55,1,0.03663365051341616,0.03663365051341616,2,0.0,0.0,297062.8151805036,-0.020529539020833654
2025-01-27T05:00:00+00:00,2025-01-28T05:00:00+00:00,2025-01-29T05:00:00+00:00,3,LLY,LLY,-0.00030054473733642784,0.6081568249425057,0.3207292950685832,0.9387260354391227,LLY,LLY,AMD,False,0.6057694605909684,1.0,LLY,LLY,baseline_temporal,0.5,0.4,0.55,0.2,0.55,1,-0.00030054473733642784,-0.00030054473733642784,0,0.0,0.0,296973.5345147427,-0.020823913713257425
2025-01-28T05:00:00+00:00,2025-01-29T05:00:00+00:00,2025-01-30T05:00:00+00:00,3,LLY,LLY,0.0017537047011813023,0.6007532080775846,0.3689671500208832,0.8647251882877194,LLY,LLY,AMD,False,0.6088322241072369,1.0,LLY,LLY,baseline_temporal,0.5,0.4,0.55,0.2,0.55,1,0.0017537047011813023,0.0017537047011813023,0,0.0,0.0,297494.33839834767,-0.019106728007452056
2025-01-29T05:00:00+00:00,2025-01-30T05:00:00+00:00,2025-01-31T05:00:00+00:00,3,LLY,LLY,0.018044040964849684,0.6158000885313024,0.3541103383442021,0.8623746011374291,LLY,LLY,AVGO,False,0.6504988907739034,0.9807218524801901,LLY,LLY,baseline_temporal,0.5,0.4,0.55,0.2,0.55,1,0.018044040964849684,0.018044040964849684,0,0.0,0.0,302862.3384272183,-0.0014074496254730118
2025-01-30T05:00:00+00:00,2025-01-31T05:00:00+00:00,2025-02-03T05:00:00+00:00,3,LLY,LLY,-0.022747930331392663,0.582099367278148,0.4283275384270625,0.9856644533862029,LLY,LLY,AVGO,False,0.5,0.9390551858135235,LLY,LLY,baseline_temporal,0.5,0.4,0.55,0.2,0.55,1,-0.022747930331392663,-0.022747930331392663,0,0.0,0.0,295972.8470526733,-0.024123363390840535
2025-01-31T05:00:00+00:00,2025-02-03T05:00:00+00:00,2025-02-04T05:00:00+00:00,3,LLY,LLY,0.008421105552902208,0.6691955898558928,0.4584001915885839,0.9398431789704105,LLY,LLY,AVGO,False,0.6666666666666669,0.9166666666666666,LLY,LLY,baseline_temporal,0.5,0.4,0.55,0.2,0.55,1,0.008421105552902208,0.008421105552902208,0,0.0,0.0,298465.26563849684,-0.015905403227343573
2025-02-03T05:00:00+00:00,2025-02-04T05:00:00+00:00,2025-02-05T05:00:00+00:00,3,AVGO,AVGO,0.06648506394570397,0.7611261994475842,0.10120656999582338,0.9654036386965716,LLY,LLY,AVGO,True,0.42972407093238296,0.9359448141864767,LLY,AVGO,baseline_temporal,0.5,0.4,0.55,0.2,0.55,1,0.06648506394570397,0.06648506394570397,2,0.0,0.0,318308.7479100438,0.0
2025-02-04T05:00:00+00:00,2025-02-05T05:00:00+00:00,2025-02-06T05:00:00+00:00,3,AVGO,AVGO,0.0024243473743452704,0.7616194102450483,0.11895960791753293,0.9681201499937468,LLY,LLY,AVGO,True,0.48028621746332995,0.9363804492033365,AVGO,AVGO,baseline_temporal,0.5,0.4,0.55,0.2,0.55,1,0.0024243473743452704,0.0024243473743452704,0,0.0,0.0,319080.43888727063,0.0
2025-02-05T05:00:00+00:00,2025-02-06T05:00:00+00:00,2025-02-07T05:00:00+00:00,3,ADEA,ADEA,0.010450160771704242,0.7278942007935402,0.3719420768013255,0.9579775054601083,LLY,LLY,ADEA,True,0.39471378253666994,0.7719528841299966,AVGO,ADEA,baseline_temporal,0.5,0.4,0.55,0.2,0.55,1,0.010450160771704242,0.010450160771704242,2,0.0,0.0,322414.8807727486,0.0
2025-02-06T05:00:00+00:00,2025-02-07T05:00:00+00:00,2025-02-10T05:00:00+00:00,3,LLY,LLY,0.001360858032522172,0.6455026604748255,0.4692165778887954,0.9682852373800709,LLY,LLY,ADEA,False,0.6030471158700033,0.66442756507334,ADEA,LLY,baseline_temporal,0.5,0.4,0.55,0.2,0.55,1,0.001360858032522172,0.001360858032522172,2,0.0,0.0,322853.6416530529,0.0
2025-02-07T05:00:00+00:00,2025-02-10T05:00:00+00:00,2025-02-11T05:00:00+00:00,3,AVGO,AVGO,0.022175713585964374,0.7636246745447766,0.1162097236914063,0.9290046221080155,LLY,LLY,AVGO,True,0.375,0.9560942317400066,LLY,AVGO,baseline_temporal,0.5,0.4,0.55,0.2,0.55,1,0.022175713585964374,0.022175713585964374,2,0.0,0.0,330013.15154053655,0.0
2025-02-10T05:00:00+00:00,2025-02-11T05:00:00+00:00,2025-02-12T05:00:00+00:00,3,AMD,AMD,0.0049550376215818925,0.7485723884210146,0.06552019604371123,0.9682852373800709,LLY,LLY,AMD,True,0.48252531905665663,0.9363804492033365,AVGO,AMD,baseline_temporal,0.5,0.4,0.55,0.2,0.55,1,0.0049550376215818925,0.0049550376215818925,2,0.0,0.0,331648.37912203674,0.0
2025-02-11T05:00:00+00:00,2025-02-12T05:00:00+00:00,2025-02-13T05:00:00+00:00,3,AMD,AMD,0.02264426588750923,0.7657794468714428,0.06556033401706676,0.9964780218990774,LLY,LLY,AMD,True,0.459761880604244,0.9583333333333333,AMD,AMD,baseline_temporal,0.5,0.4,0.55,0.2,0.55,1,0.02264426588750923,0.02264426588750923,0,0.0,0.0,339158.31320003764,0.0
2025-02-12T05:00:00+00:00,2025-02-13T05:00:00+00:00,2025-02-14T05:00:00+00:00,3,AMD,AMD,0.0058035714285715745,0.7576714315490283,0.06556033401706676,0.9403769175456156,LLY,LLY,AMD,True,0.459761880604244,0.979880940302122,AMD,AMD,baseline_temporal,0.5,0.4,0.55,0.2,0.55,1,0.0058035714285715745,0.0058035714285715745,0,0.0,0.0,341126.6426962879,0.0
2025-02-13T05:00:00+00:00,2025-02-14T05:00:00+00:00,2025-02-18T05:00:00+00:00,3,AMD,AMD,0.012427873945849877,0.7525746214742379,0.04166666666666663,0.9403769175456156,LLY,LLY,AMD,True,0.4166666666666666,0.979880940302122,AMD,AMD,baseline_temporal,0.5,0.4,0.55,0.2,0.55,1,0.012427873945849877,0.012427873945849877,0,0.0,0.0,345366.1216112883,0.0
2025-02-14T05:00:00+00:00,2025-02-18T05:00:00+00:00,2025-02-19T05:00:00+00:00,3,LLY,LLY,0.0008837461409751945,0.5734684358296755,0.339529421059002,0.9964780218990774,LLY,LLY,AMD,False,0.5,0.9382142736354554,AMD,LLY,baseline_temporal,0.5,0.4,0.55,0.2,0.55,1,0.0008837461409751945,0.0008837461409751945,2,0.0,0.0,345671.33758848585,0.0
2025-02-18T05:00:00+00:00,2025-02-19T05:00:00+00:00,2025-02-20T05:00:00+00:00,3,LLY,LLY,0.011278416783414347,0.5831101369263775,0.41928165890602087,0.8985128693800525,LLY,LLY,AMD,False,0.5229761542396992,0.9382142736354554,LLY,LLY,baseline_temporal,0.5,0.4,0.55,0.2,0.55,1,0.011278416783414347,0.011278416783414347,0,0.0,0.0,349569.9630038891,0.0
2025-02-19T05:00:00+00:00,2025-02-20T05:00:00+00:00,2025-02-21T05:00:00+00:00,3,AMD,AMD,-0.001434657855838628,0.7253949505740542,0.09602554136978121,0.8971985772115798,LLY,LLY,AMD,True,0.45925087870120307,0.9175842120345364,LLY,AMD,baseline_temporal,0.5,0.4,0.55,0.2,0.55,1,-0.001434657855838628,-0.001434657855838628,2,0.0,0.0,349068.4497103003,-0.001434657855838628
2025-02-20T05:00:00+00:00,2025-02-21T05:00:00+00:00,2025-02-24T05:00:00+00:00,3,AVGO,AVGO,-0.031237377137471434,0.7491610544237549,0.10100580103399644,0.9367755503618963,LLY,LLY,AVGO,True,0.41758421203453644,0.9157491212987969,AMD,AVGO,baseline_temporal,0.5,0.4,0.55,0.2,0.55,1,-0.031237377137471434,-0.031237377137471434,2,0.0,0.0,338164.4668999072,-0.032627220044803895
2025-02-21T05:00:00+00:00,2025-02-24T05:00:00+00:00,2025-02-25T05:00:00+00:00,3,AMD,AMD,-0.032334738541573094,0.7459114196775175,0.08718930751843156,0.964000664869261,AMD,AMD,LLY,False,0.9166666666666666,0.39629210601726816,AVGO,AMD,baseline_temporal,0.5,0.4,0.55,0.2,0.55,1,-0.032334738541573094,-0.032334738541573094,2,0.0,0.0,327230.0072786482,-0.06390696595689005
2025-02-24T05:00:00+00:00,2025-02-25T05:00:00+00:00,2025-02-26T05:00:00+00:00,3,AMD,AMD,-0.027251239746025946,0.749144497190773,0.09602554136978121,0.939229758252162,AMD,AMD,LLY,False,0.9370412273160651,0.25,AMD,AMD,baseline_temporal,0.5,0.4,0.55,0.2,0.55,1,-0.027251239746025946,-0.027251239746025946,0,0.0,0.0,318312.583898204,-0.08941666165218365
2025-02-25T05:00:00+00:00,2025-02-26T05:00:00+00:00,2025-02-27T05:00:00+00:00,3,AMD,AMD,0.001286388108056702,0.7165556533306713,0.06566086563267025,0.8925128882895639,AMD,AMD,LLY,False,0.8944570152815288,0.25,AMD,AMD,baseline_temporal,0.5,0.4,0.55,0.2,0.55,1,0.001286388108056702,0.001286388108056702,0,0.0,0.0,318722.0574207754,-0.08824529807433845
2025-02-26T05:00:00+00:00,2025-02-27T05:00:00+00:00,2025-02-28T05:00:00+00:00,3,AMD,AMD,-0.05253140464408068,0.7624736359898052,0.08761392318260307,0.924489083194852,AMD,AMD,LLY,False,0.9792721886505611,0.2705167673816505,AMD,AMD,baseline_temporal,0.5,0.4,0.55,0.2,0.55,1,-0.05253140464408068,-0.05253140464408068,0,0.0,0.0,301979.1400534107,-0.1361410532573386
2025-02-27T05:00:00+00:00,2025-02-28T05:00:00+00:00,2025-03-03T05:00:00+00:00,3,AMD,AMD,0.019636400160707,0.7642098980862487,0.09208896390905504,0.9245062262127377,AMD,AMD,LLY,False,0.9790611446827724,0.2502110439677886,AMD,AMD,baseline_temporal,0.5,0.4,0.55,0.2,0.55,1,0.019636400160707,0.019636400160707,0,0.0,0.0,307908.92328768567,-0.11917797329669289
2025-02-28T05:00:00+00:00,2025-03-03T05:00:00+00:00,2025-03-04T05:00:00+00:00,3,AMD,AMD,-0.05432694675663696,0.7677661540575178,0.09863858265920727,0.9183947273476237,AMD,AMD,AVGO,False,0.9790611446827724,0.9792721886505611,AMD,AMD,baseline_temporal,0.5,0.4,0.55,0.2,0.55,1,-0.05432694675663696,-0.05432694675663696,0,0.0,0.0,291181.1716063422,-0.16703034464347644
2025-03-03T05:00:00+00:00,2025-03-04T05:00:00+00:00,2025-03-05T05:00:00+00:00,3,AMD,AMD,0.04541666666666666,0.7328327057293781,0.11621286088593728,0.8580154258431719,AMD,AMD,AVGO,False,0.937183434048317,0.9583333333333334,AMD,AMD,baseline_temporal,0.5,0.4,0.55,0.2,0.55,1,0.04541666666666666,0.04541666666666666,0,0.0,0.0,304405.6498167969,-0.12919963946270097
2025-03-04T05:00:00+00:00,2025-03-05T05:00:00+00:00,2025-03-06T05:00:00+00:00,3,AVGO,AVGO,-0.056376689189189255,0.7428272289851698,0.09212047244739609,0.8567831365847667,AVGO,AVGO,AMD,False,0.937183434048317,0.8538501007149838,AMD,AVGO,baseline_temporal,0.5,0.4,0.55,0.2,0.55,1,-0.056376689189189255,-0.056376689189189255,2,0.0,0.0,287244.26710964215,-0.17829248073454618
2025-03-05T05:00:00+00:00,2025-03-06T05:00:00+00:00,2025-03-07T05:00:00+00:00,3,AVGO,AVGO,0.03697695233833076,0.7506844828760663,0.10094228656915821,0.8604034609314983,AVGO,AVGO,AMD,False,0.9587759769294053,0.875442643596072,AVGO,AVGO,baseline_temporal,0.5,0.4,0.55,0.2,0.55,1,0.03697695233833076,0.03697695233833076,0,0.0,0.0,297865.6846840141,-0.14790824095861954
2025-03-06T05:00:00+00:00,2025-03-07T05:00:00+00:00,2025-03-10T04:00:00+00:00,3,AVGO,AVGO,0.009926093758429122,0.7364433039789715,0.0921378099516916,0.9165447510343023,AVGO,AVGO,AMD,False,0.9171093102627387,0.9587759769294053,AVGO,AVGO,baseline_temporal,0.5,0.4,0.55,0.2,0.55,1,0.009926093758429122,0.009926093758429122,0,0.0,0.0,300822.32739760634,-0.13945029826759003
2025-03-07T05:00:00+00:00,2025-03-10T04:00:00+00:00,2025-03-11T04:00:00+00:00,3,AVGO,AVGO,-0.008172640350408655,0.6628809131151091,0.10094228656915821,0.7836552485704497,AVGO,AVGO,AMD,False,0.8136066089901799,0.9793879884647027,AVGO,AVGO,baseline_temporal,0.5,0.4,0.55,0.2,0.55,1,-0.008172640350408655,-0.008172640350408655,0,0.0,0.0,298363.81470641284,-0.14648326148350033
2025-03-10T04:00:00+00:00,2025-03-11T04:00:00+00:00,2025-03-12T04:00:00+00:00,3,TSLA,TSLA,0.09726814762211222,0.6927147404912266,0.015273757771663437,0.9400869767530381,TSLA,TSLA,AVGO,False,0.8127213217980359,0.9166666666666664,AVGO,TSLA,baseline_temporal,0.5,0.4,0.55,0.2,0.55,1,0.09726814762211222,0.09726814762211222,2,0.0,0.0,327385.1102803727,-0.06346326936353375
2025-03-11T04:00:00+00:00,2025-03-12T04:00:00+00:00,2025-03-13T04:00:00+00:00,3,TSLA,TSLA,0.0036607070625354066,0.6748502386464224,0.032882711008362736,0.9019102749208072,TSLA,TSLA,AMD,False,0.8131639653941078,0.9793879884647027,TSLA,TSLA,baseline_temporal,0.5,0.4,0.55,0.2,0.55,1,0.0036607070625354066,0.0036607070625354066,0,0.0,0.0,328583.57126574503,-0.06003488273936897
2025-03-12T04:00:00+00:00,2025-03-13T04:00:00+00:00,2025-03-14T04:00:00+00:00,3,TSLA,TSLA,-0.003284634760705285,0.7021137615602968,0.04167999481906196,0.8730456753299849,LLY,LLY,TSLA,True,0.35341378488606734,0.8756023054244795,TSLA,TSLA,baseline_temporal,0.5,0.4,0.55,0.2,0.55,1,-0.003284634760705285,-0.003284634760705285,0,0.0,0.0,327504.29424576886,-0.06312232483737379
2025-03-13T04:00:00+00:00,2025-03-14T04:00:00+00:00,2025-03-17T04:00:00+00:00,3,TSLA,TSLA,-0.009118110872993412,0.6248201000360555,0.04167999481906196,0.8525371280816286,LLY,LLY,TSLA,True,0.3330321806210936,0.7089356387578127,TSLA,TSLA,baseline_temporal,0.5,0.4,0.55,0.2,0.55,1,-0.009118110872993412,-0.009118110872993412,0,0.0,0.0,324518.0737794545,-0.07166487935393884
2025-03-14T04:00:00+00:00,2025-03-17T04:00:00+00:00,2025-03-18T04:00:00+00:00,3,TSLA,TSLA,-0.06896411009773318,0.7230069114289956,0.017595129889646285,0.976560491663852,LLY,LLY,TSLA,True,0.3743976945755205,0.875,TSLA,TSLA,baseline_temporal,0.5,0.4,0.55,0.2,0.55,1,-0.06896411009773318,-0.06896411009773318,0,0.0,0.0,302137.9736106239,-0.13568668482176616
2025-03-17T04:00:00+00:00,2025-03-18T04:00:00+00:00,2025-03-19T04:00:00+00:00,3,TSLA,TSLA,0.015143214043084718,0.7489116258403514,0.032882429873960436,0.9511551446641413,TSLA,TSLA,LLY,False,0.9376505763561198,0.3743976945755205,TSLA,TSLA,baseline_temporal,0.5,0.4,0.55,0.2,0.55,1,0.015143214043084718,0.015143214043084718,0,0.0,0.0,306713.3136155535,-0.12259820328973403
2025-03-18T04:00:00+00:00,2025-03-19T04:00:00+00:00,2025-03-20T04:00:00+00:00,3,TSLA,TSLA,0.007491040974051177,0.6963646881508821,0.04166666666667782,0.978069336408829,TSLA,TSLA,LLY,False,0.7916666666666667,0.27068275697721345,TSLA,TSLA,baseline_temporal,0.5,0.4,0.55,0.2,0.55,1,0.007491040974051177,0.007491040974051177,0,0.0,0.0,309010.9156151346,-0.1160255504798714
2025-03-19T04:00:00+00:00,2025-03-20T04:00:00+00:00,2025-03-21T04:00:00+00:00,3,TSLA,TSLA,0.007028220017570641,0.7676655687185773,0.032886143061936914,0.9897848540757104,TSLA,TSLA,LLY,False,0.9583333333333335,0.24830063055282145,TSLA,TSLA,baseline_temporal,0.5,0.4,0.55,0.2,0.55,1,0.007028220017570641,0.007028220017570641,0,0.0,0.0,311182.7123179087,-0.10981278355873303
2025-03-20T04:00:00+00:00,2025-03-21T04:00:00+00:00,2025-03-24T04:00:00+00:00,3,TSLA,TSLA,0.09826159116539346,0.7511815755502944,0.0175783572909672,0.93544468858697,TSLA,TSLA,AVGO,False,0.9566339638861548,0.7466012611056428,TSLA,TSLA,baseline_temporal,0.5,0.4,0.55,0.2,0.55,1,0.09826159116539346,0.09826159116539346,0,0.0,0.0,341760.0207734293,-0.02234157123612157
2025-03-21T04:00:00+00:00,2025-03-24T04:00:00+00:00,2025-03-25T04:00:00+00:00,3,TSLA,TSLA,0.09890535696987324,0.76493705655027,0.00878917864548359,0.9977988720356776,TSLA,TSLA,LLY,False,0.9583333333333335,0.20663396388615476,TSLA,TSLA,baseline_temporal,0.5,0.4,0.55,0.2,0.55,1,0.09890535696987324,0.09890535696987324,0,0.0,0.0,375561.91762605665,0.0
2025-03-24T04:00:00+00:00,2025-03-25T04:00:00+00:00,2025-03-26T04:00:00+00:00,3,CAT,CAT,-0.0006515622686212863,0.5695202580083745,0.6796952258776371,0.629651115065971,CAT,CAT,LLY,False,0.4668301805692263,0.24830063055282145,TSLA,CAT,baseline_temporal,0.5,0.4,0.55,0.2,0.55,1,-0.0006515622686212863,-0.0006515622686212863,2,0.0,0.0,375317.21565100044,-0.0006515622686212863
2025-03-25T04:00:00+00:00,2025-03-26T04:00:00+00:00,2025-03-27T04:00:00+00:00,3,CAT,CAT,-0.0066384138932519265,0.5725809167323019,0.7060627618137046,0.8069508906890859,CAT,LLY,CAT,False,0.3783987388943572,0.3783987388943572,CAT,CAT,baseline_temporal,0.5,0.4,0.55,0.2,0.55,1,-0.0066384138932519265,-0.0066384138932519265,0,0.0,0.0,372825.7046322462,-0.007285650821856837
2025-03-26T04:00:00+00:00,2025-03-27T04:00:00+00:00,2025-03-28T04:00:00+00:00,3,LLY,LLY,-0.003421801412872849,0.5672265206725072,0.37965130291378496,0.7889549305709213,LLY,LLY,AVGO,False,0.5592295399116861,0.8307169652626822,CAT,LLY,baseline_temporal,0.5,0.4,0.55,0.2,0.55,1,-0.003421801412872849,-0.003421801412872849,2,0.0,0.0,371549.9691093803,-0.010682522184453647
2025-03-27T04:00:00+00:00,2025-03-28T04:00:00+00:00,2025-03-31T04:00:00+00:00,3,LLY,LLY,-0.013438842192057376,0.5466473420658441,0.40371541061146593,0.812874175858595,LLY,AVGO,LLY,False,0.5175628732450194,0.5175628732450194,LLY,LLY,baseline_temporal,0.5,0.4,0.55,0.2,0.55,1,-0.013438842192057376,-0.013438842192057376,0,0.0,0.0,366556.76770805556,-0.023977803646661022
2025-03-28T04:00:00+00:00,2025-03-31T04:00:00+00:00,2025-04-01T04:00:00+00:00,3,AVGO,AVGO,0.011417347001411837,0.66488073963926,0.05926359391604327,0.9209602753574764,LLY,LLY,AVGO,True,0.4570251492980078,0.7513081840353256,LLY,AVGO,baseline_temporal,0.5,0.4,0.55,0.2,0.55,1,0.011417347001411837,0.011417347001411837,2,0.0,0.0,370741.8735206944,-0.012834219549814785
2025-03-31T04:00:00+00:00,2025-04-01T04:00:00+00:00,2025-04-02T04:00:00+00:00,3,AVGO,AVGO,-0.0017600291315167382,0.6322183076016223,0.05926359391604327,0.8950598137239922,LLY,LLY,AVGO,True,0.4153584826313411,0.6894622760529885,AVGO,AVGO,baseline_temporal,0.5,0.4,0.55,0.2,0.55,1,-0.0017600291315167382,-0.0017600291315167382,0,0.0,0.0,370089.3570230249,-0.014571660081043492
2025-04-01T04:00:00+00:00,2025-04-02T04:00:00+00:00,2025-04-03T04:00:00+00:00,3,LLY,LLY,0.01945826563769293,0.5976745852208537,0.4476964652960422,0.9828967334735141,LLY,LLY,AVGO,False,0.5,0.9583333333333334,AVGO,LLY,baseline_temporal,0.5,0.4,0.55,0.2,0.55,1,0.01945826563769293,0.01945826563769293,2,0.0,0.0,377290.6540416619,0.0
2025-04-02T04:00:00+00:00,2025-04-03T04:00:00+00:00,2025-04-04T04:00:00+00:00,3,LLY,LLY,-0.05971338570912754,0.6023011453823343,0.4644979050529843,0.9743116929720841,LLY,LLY,AVGO,False,0.5,0.8972824215857425,LLY,LLY,baseline_temporal,0.5,0.4,0.55,0.2,0.55,1,-0.05971338570912754,-0.05971338570912754,0,0.0,0.0,354761.3516924231,-0.05971338570912754
2025-04-03T04:00:00+00:00,2025-04-04T04:00:00+00:00,2025-04-07T04:00:00+00:00,3,AVGO,AVGO,-0.024872231686541735,0.6466379203365762,0.0,0.9382379050457716,LLY,LLY,AVGO,True,0.4157006078317273,0.7286836372491969,LLY,AVGO,baseline_temporal,0.5,0.4,0.55,0.2,0.55,1,-0.024872231686541735,-0.024872231686541735,2,0.0,0.0,345937.64515969844,-0.08310041223152409
2025-04-04T04:00:00+00:00,2025-04-07T04:00:00+00:00,2025-04-08T04:00:00+00:00,3,AVGO,AVGO,0.16009783368273922,0.6677572448820401,0.008745275044962907,0.9155662490482611,AVGO,AVGO,CAT,False,0.7907006078317272,0.5193842450809242,AVGO,AVGO,baseline_temporal,0.5,0.4,0.55,0.2,0.55,1,0.16009783368273922,0.16009783368273922,0,0.0,0.0,401321.5127390743,0.0
2025-04-07T04:00:00+00:00,2025-04-08T04:00:00+00:00,2025-04-09T04:00:00+00:00,3,AVGO,AVGO,-0.042467321245707956,0.6032761519407478,0.008745275044962907,0.9293651438481575,AVGO,CAT,AVGO,False,0.6453503039158637,0.6453503039158637,AVGO,AVGO,baseline_temporal,0.5,0.4,0.55,0.2,0.55,1,-0.042467321245707956,-0.042467321245707956,0,0.0,0.0,384278.4631347706,-0.042467321245707956
2025-04-08T04:00:00+00:00,2025-04-09T04:00:00+00:00,2025-04-10T04:00:00+00:00,3,CAT,CAT,0.09576067348165962,0.7187022413863936,0.4341535782678965,0.8605135864632955,CAT,CAT,AVGO,False,0.7693842450809242,0.4757854607443788,AVGO,CAT,baseline_temporal,0.5,0.4,0.55,0.2,0.55,1,0.09576067348165962,0.09576067348165962,2,0.0,0.0,421077.22756905324,0.0
2025-04-09T04:00:00+00:00,2025-04-10T04:00:00+00:00,2025-04-11T04:00:00+00:00,3,CAT,CAT,-0.02606667581286881,0.662110017990397,0.31064916321401165,0.9414754120918194,CAT,TSLA,LLY,False,0.687155556899489,0.4180444390687107,CAT,CAT,baseline_temporal,0.5,0.4,0.55,0.2,0.55,1,-0.02606667581286881,-0.02606667581286881,0,0.0,0.0,410101.14398582914,-0.02606667581286881
2025-04-10T04:00:00+00:00,2025-04-11T04:00:00+00:00,2025-04-14T04:00:00+00:00,3,TSLA,TSLA,0.02588945362134698,0.8136911666782536,0.15170597264952088,0.9824566931409471,TSLA,TSLA,AAPL,False,1.0,0.7076444471323113,CAT,TSLA,baseline_temporal,0.5,0.4,0.55,0.2,0.55,1,0.02588945362134698,0.02588945362134698,2,0.0,0.0,420718.4385331116,-0.000852074186041829
2025-04-11T04:00:00+00:00,2025-04-14T04:00:00+00:00,2025-04-15T04:00:00+00:00,3,TSLA,TSLA,-0.032706301285028716,0.8172076008505035,0.18615315517964667,0.9736850397114206,TSLA,TSLA,AAPL,False,1.0,0.8121555568994889,TSLA,TSLA,baseline_temporal,0.5,0.4,0.55,0.2,0.55,1,-0.032706301285028716,-0.032706301285028716,0,0.0,0.0,406958.29452628084,-0.03353050727602458
2025-04-14T04:00:00+00:00,2025-04-15T04:00:00+00:00,2025-04-16T04:00:00+00:00,3,TSLA,TSLA,-0.009203313192749363,0.8113740662528643,0.15401166896864896,0.9737727316958313,TSLA,TSLA,LLY,False,1.0,0.373622227597956,TSLA,TSLA,baseline_temporal,0.5,0.4,0.55,0.2,0.55,1,-0.009203313192749363,-0.009203313192749363,0,0.0,0.0,403212.9298853683,-0.042425228708800944
2025-04-15T04:00:00+00:00,2025-04-16T04:00:00+00:00,2025-04-17T04:00:00+00:00,3,TSLA,TSLA,-0.016719841686523185,0.8119928596697977,0.13644288345290703,0.9743862959349856,TSLA,TSLA,LLY,False,1.0,0.33057778852924524,TSLA,TSLA,baseline_temporal,0.5,0.4,0.55,0.2,0.55,1,-0.016719841686523185,-0.016719841686523185,0,0.0,0.0,396471.2735317258,-0.058435727287798445
2025-04-16T04:00:00+00:00,2025-04-17T04:00:00+00:00,2025-04-21T04:00:00+00:00,3,TSLA,TSLA,-0.0542571980120754,0.8238141174093573,0.1944307564759371,0.9746010923577406,TSLA,TSLA,AAPL,False,1.0,0.4588112615095021,TSLA,TSLA,baseline_temporal,0.5,0.4,0.55,0.2,0.55,1,-0.0542571980120754,-0.0542571980120754,0,0.0,0.0,374959.85313761525,-0.10952236647344016
2025-04-17T04:00:00+00:00,2025-04-21T04:00:00+00:00,2025-04-22T04:00:00+00:00,3,TSLA,TSLA,0.0030400416920004503,0.8153667440505385,0.15112268758500533,0.9746010923577406,TSLA,TSLA,AAPL,False,1.0,0.5,TSLA,TSLA,baseline_temporal,0.5,0.4,0.55,0.2,0.55,1,0.0030400416920004503,0.0030400416920004503,0,0.0,0.0,376099.74672397994,-0.10681527734172558
2025-04-21T04:00:00+00:00,2025-04-22T04:00:00+00:00,2025-04-23T04:00:00+00:00,3,TSLA,TSLA,0.10348112227225492,0.8128036157374435,0.13462653753005432,0.9746010923577406,TSLA,TSLA,AAPL,False,1.0,0.5215502255975865,TSLA,TSLA,baseline_temporal,0.5,0.4,0.55,0.2,0.55,1,0.10348112227225492,0.10348112227225492,0,0.0,0.0,415018.97060128825,-0.014387519844614505
2025-04-22T04:00:00+00:00,2025-04-23T04:00:00+00:00,2025-04-24T04:00:00+00:00,3,TSLA,TSLA,-0.017107431531036665,0.7910879983689529,0.11109742314246726,0.9832823260870445,TSLA,TSLA,AAPL,False,0.9583333333333333,0.4583333333333333,TSLA,TSLA,baseline_temporal,0.5,0.4,0.55,0.2,0.55,1,-0.017107431531036665,-0.017107431531036665,0,0.0,0.0,407919.0619776454,-0.031248817865007994
2025-04-23T04:00:00+00:00,2025-04-24T04:00:00+00:00,2025-04-25T04:00:00+00:00,3,TSLA,TSLA,0.044670658682634645,0.7726288728229656,0.05362383767237751,0.9329245099460921,TSLA,TSLA,LLY,False,0.9794056307547511,0.41571081031432905,TSLA,TSLA,baseline_temporal,0.5,0.4,0.55,0.2,0.55,1,0.044670658682634645,0.044670658682634645,0,0.0,0.0,426141.0751653893,0.0
2025-04-24T04:00:00+00:00,2025-04-25T04:00:00+00:00,2025-04-28T04:00:00+00:00,3,TSLA,TSLA,0.10428369444762886,0.7580909638032056,0.045946854241457794,0.9418226870569641,TSLA,TSLA,AAPL,False,0.9373375635965114,0.375,TSLA,TSLA,baseline_temporal,0.5,0.4,0.55,0.2,0.55,1,0.10428369444762886,0.10428369444762886,0,0.0,0.0,470580.64083952084,0.0
2025-04-25T04:00:00+00:00,2025-04-28T04:00:00+00:00,2025-04-29T04:00:00+00:00,3,TSLA,TSLA,-0.012042355872378785,0.7233236285563711,0.018378741696583482,0.9001014270600911,TSLA,TSLA,AAPL,False,0.9169915394736439,0.43798730921046586,TSLA,TSLA,baseline_temporal,0.5,0.4,0.55,0.2,0.55,1,-0.012042355872378785,-0.012042355872378785,0,0.0,0.0,464913.74129587924,-0.012042355872378785
2025-04-28T04:00:00+00:00,2025-04-29T04:00:00+00:00,2025-04-30T04:00:00+00:00,3,TSLA,TSLA,-0.019614711033275056,0.786884168165795,0.018378741696583482,0.9830000027154636,TSLA,TSLA,AAPL,False,1.0,0.4166666666666667,TSLA,TSLA,baseline_temporal,0.5,0.4,0.55,0.2,0.55,1,-0.019614711033275056,-0.019614711033275056,0,0.0,0.0,455794.59260496177,-0.03142085957505736
2025-04-29T04:00:00+00:00,2025-04-30T04:00:00+00:00,2025-05-01T04:00:00+00:00,3,TSLA,TSLA,0.00039299749910681747,0.7360762324493105,0.027568112544875217,0.9170351432945478,TSLA,TSLA,AAPL,False,0.9169915394736439,0.5,TSLA,TSLA,baseline_temporal,0.5,0.4,0.55,0.2,0.55,1,0.00039299749910681747,0.00039299749910681747,0,0.0,0.0,455973.718739962,-0.031040210395183232
2025-04-30T04:00:00+00:00,2025-05-01T04:00:00+00:00,2025-05-02T04:00:00+00:00,3,TSLA,TSLA,0.017463662012070946,0.7884936679961463,0.027568112544875217,0.9830000027154636,TSLA,TSLA,AAPL,False,1.0,0.4373375635965114,TSLA,TSLA,baseline_temporal,0.5,0.4,0.55,0.2,0.55,1,0.017463662012070946,0.017463662012070946,0,0.0,0.0,463936.6896504237,-0.014118624126237433
2025-05-01T04:00:00+00:00,2025-05-02T04:00:00+00:00,2025-05-05T04:00:00+00:00,3,TSLA,TSLA,-0.0011583011583010672,0.7897716405893735,0.01912999245394036,0.9915247424486926,TSLA,TSLA,LLY,False,1.0,0.8536225598932287,TSLA,TSLA,baseline_temporal,0.5,0.4,0.55,0.2,0.55,1,-0.0011583011583010672,-0.0011583011583010672,0,0.0,0.0,463399.3112454233,-0.01526057166585948
2025-05-02T04:00:00+00:00,2025-05-05T04:00:00+00:00,2025-05-06T04:00:00+00:00,3,TSLA,TSLA,-0.040288856871771306,0.7941218541466436,0.01912999245394036,1.0,TSLA,TSLA,AAPL,False,1.0,0.9583333333333334,TSLA,TSLA,baseline_temporal,0.5,0.4,0.55,0.2,0.55,1,-0.040288856871771306,-0.040288856871771306,0,0.0,0.0,444729.482720179,-0.05493459755000352
2025-05-05T04:00:00+00:00,2025-05-06T04:00:00+00:00,2025-05-07T04:00:00+00:00,3,TSLA,TSLA,0.013822522473041499,0.7968565581746118,0.028694988680910527,1.0,TSLA,TSLA,AAPL,False,1.0,0.9373911786453125,TSLA,TSLA,baseline_temporal,0.5,0.4,0.55,0.2,0.55,1,0.013822522473041499,0.013822522473041499,0,0.0,0.0,450876.76598950283,-0.04187140978614434
2025-05-06T04:00:00+00:00,2025-05-07T04:00:00+00:00,2025-05-08T04:00:00+00:00,3,TSLA,TSLA,0.00993210054897431,0.6907699226260815,0.009564996226970168,0.8005006212571223,TSLA,TSLA,LLY,False,0.8756529281281256,0.8117382505171868,TSLA,TSLA,baseline_temporal,0.5,0.4,0.55,0.2,0.55,1,0.00993210054897431,0.00993210054897431,0,0.0,0.0,455354.9193645069,-0.032355180289293406
2025-05-07T04:00:00+00:00,2025-05-08T04:00:00+00:00,2025-05-09T04:00:00+00:00,3,TSLA,TSLA,0.03783571147587872,0.6567366410368791,0.009564996226970168,0.7340008283428299,TSLA,TSLA,LLY,False,0.8342039041708342,0.7286225598932287,TSLA,TSLA,baseline_temporal,0.5,0.4,0.55,0.2,0.55,1,0.03783571147587872,0.03783571147587872,0,0.0,0.0,472583.5967127044,0.0
2025-05-08T04:00:00+00:00,2025-05-09T04:00:00+00:00,2025-05-12T04:00:00+00:00,3,TSLA,TSLA,0.10950690879018654,0.694245289171156,0.009487823965702306,0.8088303553203564,TSLA,TSLA,LLY,False,0.8961941954622951,0.7706168160559562,TSLA,TSLA,baseline_temporal,0.5,0.4,0.55,0.2,0.55,1,0.10950690879018654,0.10950690879018654,0,0.0,0.0,524334.7655336609,0.0
2025-05-09T04:00:00+00:00,2025-05-12T04:00:00+00:00,2025-05-13T04:00:00+00:00,3,TSLA,TSLA,-0.006180316158886923,0.7709829310459463,0.009487823965702306,0.9495651412791182,TSLA,TSLA,AAPL,False,1.0,0.916522321815082,TSLA,TSLA,baseline_temporal,0.5,0.4,0.55,0.2,0.55,1,-0.006180316158886923,-0.006180316158886923,0,0.0,0.0,521094.21090956696,-0.006180316158887034
2025-05-12T04:00:00+00:00,2025-05-13T04:00:00+00:00,2025-05-14T04:00:00+00:00,3,LLY,LLY,-0.008347691362476817,0.5525793114751955,0.07894979918044209,0.9156840828492974,LLY,LLY,TSLA,False,0.625,0.8538058045377049,TSLA,LLY,baseline_temporal,0.5,0.4,0.55,0.2,0.55,1,-0.008347691362476817,-0.008347691362476817,2,0.0,0.0,516744.2772661204,-0.014476416149547089
2025-05-13T04:00:00+00:00,2025-05-14T04:00:00+00:00,2025-05-15T04:00:00+00:00,3,LLY,LLY,-0.03142256821916334,0.4838116429867544,0.08562071885868729,0.9079023615656799,LLY,TSLA,LLY,False,0.4790944942408743,0.4790944942408743,LLY,LLY,baseline_temporal,0.5,0.4,0.55,0.2,0.55,1,-0.03142256821916334,-0.03142256821916334,0,0.0,0.0,500506.8449618635,-0.045444098194682314
2025-05-14T04:00:00+00:00,2025-05-15T04:00:00+00:00,2025-05-16T04:00:00+00:00,3,TSLA,TSLA,0.017335605570899748,0.5469278802991949,0.09234986162657668,0.6672738857443761,TSLA,TSLA,AAPL,False,0.6453281263527867,0.812716517277377,LLY,TSLA,baseline_temporal,0.5,0.4,0.55,0.2,0.55,1,0.017335605570899748,0.017335605570899748,2,0.0,0.0,509183.4342116578,-0.028896293585610855
2025-05-15T04:00:00+00:00,2025-05-16T04:00:00+00:00,2025-05-19T04:00:00+00:00,3,TSLA,TSLA,-0.02870841035120142,0.6743060908727088,0.0637637824419805,0.8832806002779378,TSLA,TSLA,LLY,False,0.7790990757328451,0.68319815146569,TSLA,TSLA,baseline_temporal,0.5,0.4,0.55,0.2,0.55,1,-0.02870841035120142,-0.02870841035120142,0,0.0,0.0,494565.58723827556,-0.05677513728292771
2025-05-16T04:00:00+00:00,2025-05-19T04:00:00+00:00,2025-05-20T04:00:00+00:00,3,TSLA,TSLA,0.034403806125483216,0.5825469701162064,0.08180127583958102,0.8501475990121228,TSLA,TSLA,LLY,False,0.6360209898660155,0.5055104949330078,TSLA,TSLA,baseline_temporal,0.5,0.4,0.55,0.2,0.55,1,0.034403806125483216,0.034403806125483216,0,0.0,0.0,511580.52581795695,-0.02432461197327407
2025-05-19T04:00:00+00:00,2025-05-20T04:00:00+00:00,2025-05-21T04:00:00+00:00,3,TSLA,TSLA,-0.009888751545117369,0.7654172138974786,0.053081736138550675,0.9251208249270213,TSLA,TSLA,LLY,False,0.9638438282663411,0.6485885807998373,TSLA,TSLA,baseline_temporal,0.5,0.4,0.55,0.2,0.55,1,-0.009888751545117369,-0.009888751545117369,0,0.0,0.0,506521.6331028227,-0.03397282347415631
2025-05-20T04:00:00+00:00,2025-05-21T04:00:00+00:00,2025-05-22T04:00:00+00:00,3,TSLA,TSLA,-0.036378944923496914,0.7752839627499136,0.0637637824419805,0.94160662642468,TSLA,TSLA,LLY,False,0.9819219141331706,0.7193543231993488,TSLA,TSLA,baseline_temporal,0.5,0.4,0.55,0.2,0.55,1,-0.036378944923496914,-0.036378944923496914,0,0.0,0.0,488094.9105096154,-0.06911587292359123
2025-05-21T04:00:00+00:00,2025-05-22T04:00:00+00:00,2025-05-23T04:00:00+00:00,3,TSLA,TSLA,0.018137993371497574,0.6936222618500343,0.04457836146687582,0.8252324674818923,TSLA,TSLA,AAPL,False,0.8820570960008141,0.8317867322655271,TSLA,TSLA,baseline_temporal,0.5,0.4,0.55,0.2,0.55,1,0.018137993371497574,0.018137993371497574,0,0.0,0.0,496947.9727611005,-0.052231502797047025
2025-05-22T04:00:00+00:00,2025-05-23T04:00:00+00:00,2025-05-27T04:00:00+00:00,3,TSLA,TSLA,0.02790601325757569,0.7688697269298663,0.06471695295623615,0.950004678910165,TSLA,TSLA,AAPL,False,0.9769642393806823,0.7818454697632558,TSLA,TSLA,baseline_temporal,0.5,0.4,0.55,0.2,0.55,1,0.02790601325757569,0.02790601325757569,0,0.0,0.0,510815.8094772971,-0.025783062548988767
2025-05-23T04:00:00+00:00,2025-05-27T04:00:00+00:00,2025-05-28T04:00:00+00:00,3,TSLA,TSLA,0.050352670217359785,0.7749545052499275,0.08926315298470656,0.9416455969028323,TSLA,TSLA,AAPL,False,0.9769642393806823,0.9254763758106046,TSLA,TSLA,baseline_temporal,0.5,0.4,0.55,0.2,0.55,1,0.050352670217359785,0.050352670217359785,0,0.0,0.0,536536.7494737211,0.0
2025-05-27T04:00:00+00:00,2025-05-28T04:00:00+00:00,2025-05-29T04:00:00+00:00,3,TSLA,TSLA,0.0012334173884442912,0.709854797852971,0.07082112541914094,0.8750484744188037,TSLA,TSLA,AAPL,False,0.86077394852462,0.9441072818579535,TSLA,TSLA,baseline_temporal,0.5,0.4,0.55,0.2,0.55,1,0.0012334173884442912,0.0012334173884442912,0,0.0,0.0,537198.5232300614,0.0
2025-05-28T04:00:00+00:00,2025-05-29T04:00:00+00:00,2025-05-30T04:00:00+00:00,3,TSLA,TSLA,-0.026745873141887366,0.76097658659867,0.08190276075770839,0.9500263033230998,TSLA,TSLA,AAPL,False,0.9352975727140155,0.7960715212386357,TSLA,TSLA,baseline_temporal,0.5,0.4,0.55,0.2,0.55,1,-0.026745873141887366,-0.026745873141887366,0,0.0,0.0,522830.679675741,-0.026745873141887255
2025-05-29T04:00:00+00:00,2025-05-30T04:00:00+00:00,2025-06-02T04:00:00+00:00,3,TSLA,TSLA,-0.033809630963096304,0.7754938943721246,0.09618899989676999,0.9334196929041398,TSLA,TSLA,AAPL,False,0.9627381879053022,0.7313690939526512,TSLA,TSLA,baseline_temporal,0.5,0.4,0.55,0.2,0.55,1,-0.033809630963096304,-0.033809630963096304,0,0.0,0.0,505153.96733971935,-0.05965123600427058
2025-05-30T04:00:00+00:00,2025-06-02T04:00:00+00:00,2025-06-03T04:00:00+00:00,3,TSLA,TSLA,0.009010189228529919,0.7845870032758104,0.04201867075915762,0.9916198448567262,TSLA,TSLA,AAPL,False,1.0,0.7447978294753488,TSLA,TSLA,baseline_temporal,0.5,0.4,0.55,0.2,0.55,1,0.009010189228529919,0.009010189228529919,0,0.0,0.0,509705.50017499283,-0.051178515699854876
2025-06-02T04:00:00+00:00,2025-06-03T04:00:00+00:00,2025-06-04T04:00:00+00:00,3,TSLA,TSLA,-0.004327817770019782,0.7653605002246887,0.03041924898113464,0.958354298689494,TSLA,TSLA,LLY,False,0.976565581404341,0.9166666666666666,TSLA,TSLA,baseline_temporal,0.5,0.4,0.55,0.2,0.55,1,-0.004327817770019782,-0.004327817770019782,0,0.0,0.0,507499.5876538587,-0.05528484218018559
2025-06-03T04:00:00+00:00,2025-06-04T04:00:00+00:00,2025-06-05T04:00:00+00:00,3,TSLA,TSLA,-0.06550370187919274,0.7622658151920823,0.0139527064737133,0.9416614006154975,TSLA,TSLA,LLY,False,0.976565581404341,0.875,TSLA,TSLA,baseline_temporal,0.5,0.4,0.55,0.2,0.55,1,-0.06550370187919274,-0.06550370187919274,0,0.0,0.0,474256.4859603671,-0.11716718223876921
2025-06-04T04:00:00+00:00,2025-06-05T04:00:00+00:00,2025-06-06T04:00:00+00:00,3,LLY,LLY,-0.0013218338153881959,0.6804544410086836,0.27241963349190407,0.8912520602950824,LLY,LLY,AAPL,False,0.8333333333333333,0.6718688371913178,TSLA,LLY,baseline_temporal,0.5,0.4,0.55,0.2,0.55,1,-0.0013218338153881959,-0.0013218338153881959,2,0.0,0.0,473629.5977000575,-0.11833414051062052
2025-06-05T04:00:00+00:00,2025-06-06T04:00:00+00:00,2025-06-09T04:00:00+00:00,3,LLY,LLY,0.0045211511243905544,0.5932103914867438,0.24275452728185803,0.7497739560481845,LLY,TSLA,LLY,False,0.7421720929782948,0.7421720929782948,LLY,LLY,baseline_temporal,0.5,0.4,0.55,0.2,0.55,1,0.0045211511243905544,0.0045211511243905544,0,0.0,0.0,475770.94868824375,-0.1143479959186533
2025-06-06T04:00:00+00:00,2025-06-09T04:00:00+00:00,2025-06-10T04:00:00+00:00,3,TSLA,TSLA,0.10136210242870392,0.6928021066192666,0.0,0.8998603404859193,LLY,LLY,TSLA,True,0.46960094723712037,0.9166666666666666,LLY,TSLA,baseline_temporal,0.5,0.4,0.55,0.2,0.55,1,0.10136210242870392,0.10136210242870392,2,0.0,0.0,523996.09232178313,-0.024576446764772997
2025-06-09T04:00:00+00:00,2025-06-10T04:00:00+00:00,2025-06-11T04:00:00+00:00,3,AAPL,AAPL,0.014463740553525728,0.7002911492642814,0.323056145094688,0.87496020675634,LLY,LLY,AAPL,True,0.39301642985738655,0.7973004736185602,TSLA,AAPL,baseline_temporal,0.5,0.4,0.55,0.2,0.55,1,0.014463740553525728,0.014463740553525728,2,0.0,0.0,531575.0358521867,-0.010468173560980398
2025-06-10T04:00:00+00:00,2025-06-11T04:00:00+00:00,2025-06-12T04:00:00+00:00,3,LLY,LLY,0.000845813224538583,0.6123402862775914,0.23265048216886416,0.8415380713850766,LLY,LLY,TSLA,False,0.7139671402852268,0.9346830965240532,AAPL,LLY,baseline_temporal,0.5,0.4,0.55,0.2,0.55,1,0.000845813224538583,0.000845813224538583,2,0.0,0.0,532024.649047345,-0.00963121445607662
2025-06-11T04:00:00+00:00,2025-06-12T04:00:00+00:00,2025-06-13T04:00:00+00:00,3,LLY,LLY,0.0,0.5965428280891514,0.34573429070655587,0.8665635045786302,LLY,LLY,AAPL,False,0.6306338069518934,0.8209507104278402,LLY,LLY,baseline_temporal,0.5,0.4,0.55,0.2,0.55,1,0.0,0.0,0,0.0,0.0,532024.649047345,-0.00963121445607662
2025-06-12T04:00:00+00:00,2025-06-13T04:00:00+00:00,2025-06-16T04:00:00+00:00,3,AMD,AMD,0.02231892800206814,0.755140937084386,0.04892250201092736,0.9166052694081456,AMD,AMD,AAPL,False,0.9763497631907199,0.8153169034759468,LLY,AMD,baseline_temporal,0.5,0.4,0.55,0.2,0.55,1,0.02231892800206814,0.02231892800206814,2,0.0,0.0,543898.8688847583,0.0
2025-06-13T04:00:00+00:00,2025-06-16T04:00:00+00:00,2025-06-17T04:00:00+00:00,3,AMD,AMD,0.07834955957348178,0.7291187174416824,0.050113668949536505,0.8666293124752382,AMD,AMD,AAPL,False,0.9544995640722326,0.6781679744499691,AMD,AMD,baseline_temporal,0.5,0.4,0.55,0.2,0.55,1,0.07834955957348178,0.07834955957348178,0,0.0,0.0,586513.105714394,0.0
2025-06-16T04:00:00+00:00,2025-06-17T04:00:00+00:00,2025-06-18T04:00:00+00:00,3,AAPL,AAPL,-0.006363914061704556,0.63321444330224,0.37372183644098605,0.849954705000562,AAPL,AAPL,LLY,False,0.6705004359277674,0.7121671025944342,AMD,AAPL,baseline_temporal,0.5,0.4,0.55,0.2,0.55,1,-0.006363914061704556,-0.006363914061704556,2,0.0,0.0,582780.5867135642,-0.006363914061704445
2025-06-17T04:00:00+00:00,2025-06-18T04:00:00+00:00,2025-06-20T04:00:00+00:00,3,AAPL,AAPL,0.011682123277142908,0.6049925221656176,0.352503688710446,0.7166745966681173,AAPL,AAPL,LLY,False,0.6781679744499691,0.6894168846305504,AAPL,AAPL,baseline_temporal,0.5,0.4,0.55,0.2,0.55,1,0.011682123277142908,0.011682123277142908,0,0.0,0.0,589588.7013710777,0.0
2025-06-18T04:00:00+00:00,2025-06-20T04:00:00+00:00,2025-06-23T04:00:00+00:00,3,AAPL,AAPL,0.017118257786781665,0.6463357279273562,0.4149359590613493,0.824970478571323,AAPL,AAPL,LLY,False,0.6705004359277674,0.7538337692611007,AAPL,AAPL,baseline_temporal,0.5,0.4,0.55,0.2,0.55,1,0.017118257786781665,0.017118257786781665,0,0.0,0.0,599681.4327493217,0.0
2025-06-20T04:00:00+00:00,2025-06-23T04:00:00+00:00,2025-06-24T04:00:00+00:00,3,AAPL,AAPL,0.004780162326345483,0.621501252578835,0.5258336795660111,0.8749732057976706,AAPL,AAPL,LLY,False,0.5605831153694496,0.7160008718555348,AAPL,AAPL,baseline_temporal,0.5,0.4,0.55,0.2,0.55,1,0.004780162326345483,0.004780162326345483,0,0.0,0.0,602548.0073419589,0.0
2025-06-23T04:00:00+00:00,2025-06-24T04:00:00+00:00,2025-06-25T04:00:00+00:00,3,LLY,LLY,0.007909206994501261,0.6419896328849586,0.3139451450023951,0.7915899993321329,LLY,LLY,AAPL,False,0.7993748010173591,0.609947767429686,AAPL,LLY,baseline_temporal,0.5,0.4,0.55,0.2,0.55,1,0.007909206994501261,0.007909206994501261,2,0.0,0.0,607313.6842561507,0.0
2025-06-24T04:00:00+00:00,2025-06-25T04:00:00+00:00,2025-06-26T04:00:00+00:00,3,LLY,LLY,0.01918477628534121,0.671087466119128,0.309198842299539,0.8999059546133557,LLY,AAPL,LLY,False,0.7916666666666665,0.7916666666666665,LLY,LLY,baseline_temporal,0.5,0.4,0.55,0.2,0.55,1,0.01918477628534121,0.01918477628534121,0,0.0,0.0,618964.8614236313,0.0
2025-06-25T04:00:00+00:00,2025-06-26T04:00:00+00:00,2025-06-27T04:00:00+00:00,3,AAPL,AAPL,0.0022927777500871827,0.6667574133445809,0.6040170033687438,0.9249468910813794,AAPL,AAPL,LLY,False,0.625,0.814427033587673,LLY,AAPL,baseline_temporal,0.5,0.4,0.55,0.2,0.55,1,0.0022927777500871827,0.0022927777500871827,2,0.0,0.0,620384.0102859891,0.0
2025-06-26T04:00:00+00:00,2025-06-27T04:00:00+00:00,2025-06-30T04:00:00+00:00,3,AAPL,AAPL,0.0005967477248993713,0.6408802299922952,0.5757113695267904,0.858321342358054,AAPL,AAPL,LLY,False,0.5871874005086797,0.814427033587673,AAPL,AAPL,baseline_temporal,0.5,0.4,0.55,0.2,0.55,1,0.0005967477248993713,0.0005967477248993713,0,0.0,0.0,620754.2230326913,0.0
2025-06-27T04:00:00+00:00,2025-06-30T04:00:00+00:00,2025-07-01T04:00:00+00:00,3,AAPL,AAPL,0.02306048407136818,0.6620540106881854,0.6593647450758371,0.8583346211562735,AAPL,AAPL,LLY,False,0.5983855659036472,0.8333333333333333,AAPL,AAPL,baseline_temporal,0.5,0.4,0.55,0.2,0.55,1,0.02306048407136818,0.02306048407136818,0,0.0,0.0,635069.1159051713,0.0
2025-06-30T04:00:00+00:00,2025-07-01T04:00:00+00:00,2025-07-02T04:00:00+00:00,3,AAPL,AAPL,0.010833130920573364,0.7050152066847749,0.6064533785138145,0.916620799065762,AAPL,AAPL,LLY,False,0.7083333333333333,0.8333333333333334,AAPL,AAPL,baseline_temporal,0.5,0.4,0.55,0.2,0.55,1,0.010833130920573364,0.010833130920573364,0,0.0,0.0,641948.9027813848,0.0
2025-07-01T04:00:00+00:00,2025-07-02T04:00:00+00:00,2025-07-03T04:00:00+00:00,3,AAPL,AAPL,0.015522875816993409,0.5862347626011106,0.5670646423980202,0.8666572936318659,AAPL,AAPL,LLY,False,0.5048373421000161,0.7131706754333493,AAPL,AAPL,baseline_temporal,0.5,0.4,0.55,0.2,0.55,1,0.015522875816993409,0.015522875816993409,0,0.0,0.0,651913.7958801152,0.0
2025-07-02T04:00:00+00:00,2025-07-03T04:00:00+00:00,2025-07-07T04:00:00+00:00,3,LLY,LLY,0.00028387829363341055,0.6876954903495159,0.47066200159308114,0.8666362142238373,LLY,LLY,AAPL,False,0.7548373421000159,0.5096746842000318,AAPL,LLY,baseline_temporal,0.5,0.4,0.55,0.2,0.55,1,0.00028387829363341055,0.00028387829363341055,2,0.0,0.0,652098.8600560859,0.0
2025-07-03T04:00:00+00:00,2025-07-07T04:00:00+00:00,2025-07-08T04:00:00+00:00,3,LLY,LLY,-0.007469040247678138,0.7080715490106244,0.4415624282281307,0.8916371417259455,LLY,AMD,LLY,False,0.7965040087666827,0.7965040087666827,LLY,LLY,baseline_temporal,0.5,0.4,0.55,0.2,0.55,1,-0.007469040247678138,-0.007469040247678138,0,0.0,0.0,647228.3074248618,-0.007469040247678249
2025-07-07T04:00:00+00:00,2025-07-08T04:00:00+00:00,2025-07-09T04:00:00+00:00,3,LLY,LLY,0.011541310874566113,0.6795913171022122,0.39608395267909785,0.9166380692280537,LLY,LLY,AMD,False,0.7548373421000159,0.9583333333333335,LLY,LLY,baseline_temporal,0.5,0.4,0.55,0.2,0.55,1,0.011541310874566113,0.011541310874566113,0,0.0,0.0,654698.1705276715,0.0
2025-07-08T04:00:00+00:00,2025-07-09T04:00:00+00:00,2025-07-10T04:00:00+00:00,3,LLY,LLY,0.0074907810713231715,0.7337734107474273,0.3973160585377003,0.9499898141995089,LLY,LLY,AMD,False,0.8130088597440199,0.9380088597440199,LLY,LLY,baseline_temporal,0.5,0.4,0.55,0.2,0.55,1,0.0074907810713231715,0.0074907810713231715,0,0.0,0.0,659602.37119089,0.0
2025-07-09T04:00:00+00:00,2025-07-10T04:00:00+00:00,2025-07-11T04:00:00+00:00,3,AMD,AMD,-0.002797202797202858,0.7658345182565315,0.08964324057582414,0.916673180924743,AMD,AMD,NVDA,False,0.9573156138452932,0.7693067541012732,LLY,AMD,baseline_temporal,0.5,0.4,0.55,0.2,0.55,1,-0.002797202797202858,-0.002797202797202858,2,0.0,0.0,657757.3295931532,-0.002797202797202858
2025-07-10T04:00:00+00:00,2025-07-11T04:00:00+00:00,2025-07-14T04:00:00+00:00,3,AMD,AMD,0.01746143057503513,0.7985792888208121,0.0774813728915144,0.9749971645615361,AMD,NVDA,AMD,False,1.0,1.0,AMD,AMD,baseline_temporal,0.5,0.4,0.55,0.2,0.55,1,0.01746143057503513,0.01746143057503513,0,0.0,0.0,669242.7135390645,0.0
2025-07-11T04:00:00+00:00,2025-07-14T04:00:00+00:00,2025-07-15T04:00:00+00:00,3,NVDA,NVDA,0.035180139267332766,0.703636773534881,0.2709758885457383,0.9583218400150952,NVDA,NVDA,AMD,False,0.7296755264106867,0.9176843861547068,AMD,NVDA,baseline_temporal,0.5,0.4,0.55,0.2,0.55,1,0.035180139267332766,0.035180139267332766,2,0.0,0.0,692786.7654050165,0.0
2025-07-14T04:00:00+00:00,2025-07-15T04:00:00+00:00,2025-07-16T04:00:00+00:00,3,NVDA,NVDA,-0.0007604117922320741,0.7284098387606014,0.2804074459001786,0.9499884743441205,NVDA,NVDA,AMD,False,0.7703244735893133,0.8963421930773533,NVDA,NVDA,baseline_temporal,0.5,0.4,0.55,0.2,0.55,1,-0.0007604117922320741,-0.0007604117922320741,0,0.0,0.0,692259.9621791003,-0.0007604117922319631
2025-07-15T04:00:00+00:00,2025-07-16T04:00:00+00:00,2025-07-17T04:00:00+00:00,3,NVDA,NVDA,0.005619621846279843,0.7395020915215941,0.21025343106836125,0.8749005746459101,NVDA,NVDA,LLY,False,0.8531831852294558,0.8750000000000001,NVDA,NVDA,baseline_temporal,0.5,0.4,0.55,0.2,0.55,1,0.005619621846279843,0.005619621846279843,0,0.0,0.0,696150.2013858667,0.0
2025-07-16T04:00:00+00:00,2025-07-17T04:00:00+00:00,2025-07-18T04:00:00+00:00,3,NVDA,NVDA,0.009430118167530255,0.6541237301603119,0.18788802424458056,0.948722251622893,NVDA,NVDA,LLY,False,0.6461611604790704,0.9166666666666665,NVDA,NVDA,baseline_temporal,0.5,0.4,0.55,0.2,0.55,1,0.009430118167530255,0.009430118167530255,0,0.0,0.0,702714.9800472854,0.0
2025-07-17T04:00:00+00:00,2025-07-18T04:00:00+00:00,2025-07-21T04:00:00+00:00,3,NVDA,NVDA,-0.005132345308805686,0.6434331457622675,0.20530839695618494,0.94930687592928,NVDA,NVDA,LLY,False,0.6455055061875965,0.8961611604790704,NVDA,NVDA,baseline_temporal,0.5,0.4,0.55,0.2,0.55,1,-0.005132345308805686,-0.005132345308805686,0,0.0,0.0,699108.4041160123,-0.005132345308805686
2025-07-18T04:00:00+00:00,2025-07-21T04:00:00+00:00,2025-07-22T04:00:00+00:00,3,NVDA,NVDA,-0.008172965453280723,0.6533276660936292,0.21078485762775184,0.9572481736636318,NVDA,NVDA,LLY,False,0.6455055061875965,0.8750000000000001,NVDA,NVDA,baseline_temporal,0.5,0.4,0.55,0.2,0.55,1,-0.008172965453280723,-0.008172965453280723,0,0.0,0.0,693394.615281074,-0.013263364281183132
2025-07-21T04:00:00+00:00,2025-07-22T04:00:00+00:00,2025-07-23T04:00:00+00:00,3,NVDA,NVDA,-0.010577990766173828,0.6596385386036401,0.18085101992251573,0.9493084964889219,NVDA,NVDA,LLY,False,0.687172172854263,0.8750000000000001,NVDA,NVDA,baseline_temporal,0.5,0.4,0.55,0.2,0.55,1,-0.010577990766173828,-0.010577990766173828,0,0.0,0.0,686059.893443316,-0.02370105530246236
2025-07-22T04:00:00+00:00,2025-07-23T04:00:00+00:00,2025-07-24T04:00:00+00:00,3,LLY,LLY,0.027384702783659565,0.7579462926195502,0.3884955732033269,0.9803470586438101,LLY,LLY,NVDA,False,0.8333333333333333,0.687252633271932,NVDA,LLY,baseline_temporal,0.5,0.4,0.55,0.2,0.55,1,0.027384702783659565,0.027384702783659565,2,0.0,0.0,704847.4397170504,0.0
2025-07-23T04:00:00+00:00,2025-07-24T04:00:00+00:00,2025-07-25T04:00:00+00:00,3,LLY,LLY,0.009538411270154423,0.7121890936748171,0.43972917947657614,0.9421558050552534,LLY,NVDA,LLY,False,0.7294140333947348,0.7294140333947348,LLY,LLY,baseline_temporal,0.5,0.4,0.55,0.2,0.55,1,0.009538411270154423,0.009538411270154423,0,0.0,0.0,711570.564479787,0.0
2025-07-24T04:00:00+00:00,2025-07-25T04:00:00+00:00,2025-07-28T04:00:00+00:00,3,NVDA,NVDA,0.002364747952474211,0.6452320039494914,0.16057467049348295,0.9485001145605121,NVDA,NVDA,LLY,False,0.687252633271932,0.6250000000000001,LLY,NVDA,baseline_temporal,0.5,0.4,0.55,0.2,0.55,1,0.002364747952474211,0.002364747952474211,2,0.0,0.0,713253.2495151815,0.0
2025-07-25T04:00:00+00:00,2025-07-28T04:00:00+00:00,2025-07-29T04:00:00+00:00,3,NVDA,NVDA,0.02261349905057841,0.6446264640605546,0.14241778630262064,0.9876869334268732,NVDA,NVDA,LLY,False,0.6666666666666669,0.6250000000000001,NVDA,NVDA,baseline_temporal,0.5,0.4,0.55,0.2,0.55,1,0.02261349905057841,0.02261349905057841,0,0.0,0.0,729382.4011959151,0.0
2025-07-28T04:00:00+00:00,2025-07-29T04:00:00+00:00,2025-07-30T04:00:00+00:00,3,NVDA,NVDA,-0.008102633355840605,0.6075461694959754,0.14087272445938342,0.9548574987753056,NVDA,NVDA,LLY,False,0.6044140333947348,0.6666666666666669,NVDA,NVDA,baseline_temporal,0.5,0.4,0.55,0.2,0.55,1,-0.008102633355840605,-0.008102633355840605,0,0.0,0.0,723472.483022822,-0.008102633355840605
2025-07-29T04:00:00+00:00,2025-07-30T04:00:00+00:00,2025-07-31T04:00:00+00:00,3,LLY,LLY,-0.0344930779639846,0.7100865134483916,0.18038532469713947,0.9206806045584393,LLY,LLY,NVDA,False,0.8763471153803037,0.6048402243568185,NVDA,LLY,baseline_temporal,0.5,0.4,0.55,0.2,0.55,1,-0.0344930779639846,-0.0344930779639846,2,0.0,0.0,698517.6902611182,-0.04231622655576861
2025-07-30T04:00:00+00:00,2025-07-31T04:00:00+00:00,2025-08-01T04:00:00+00:00,3,LLY,LLY,-0.0006468566808165432,0.6915905851481957,0.18038532469713947,0.915288217356137,LLY,LLY,NVDA,False,0.8319862179530293,0.7056391025727256,LLY,LLY,baseline_temporal,0.5,0.4,0.55,0.2,0.55,1,-0.0006468566808165432,-0.0006468566808165432,0,0.0,0.0,698065.8494265043,-0.0429357107027305
2025-07-31T04:00:00+00:00,2025-08-01T04:00:00+00:00,2025-08-04T04:00:00+00:00,3,LLY,LLY,0.017611284167374563,0.7005402507095553,0.11540199207028634,0.9533721287867458,LLY,LLY,NVDA,False,0.8534931089765148,0.686826442309848,LLY,LLY,baseline_temporal,0.5,0.4,0.55,0.2,0.55,1,0.017611284167374563,0.017611284167374563,0,0.0,0.0,710359.6854682942,-0.026080579537469895
2025-08-01T04:00:00+00:00,2025-08-04T04:00:00+00:00,2025-08-05T04:00:00+00:00,3,LLY,LLY,0.00736784914461408,0.6587886246452836,0.20270150900276135,0.9493100906582865,LLY,LLY,NVDA,False,0.7284931089765146,0.7916666666666665,LLY,LLY,baseline_temporal,0.5,0.4,0.55,0.2,0.55,1,0.00736784914461408,0.00736784914461408,0,0.0,0.0,715593.5084692402,-0.018904888168492007
2025-08-04T04:00:00+00:00,2025-08-05T04:00:00+00:00,2025-08-06T04:00:00+00:00,3,NVDA,NVDA,-0.01834095216858067,0.6785918320396686,0.2895528022034088,0.9547490717434048,NVDA,NVDA,LLY,False,0.686826442309848,0.7499999999999999,LLY,NVDA,baseline_temporal,0.5,0.4,0.55,0.2,0.55,1,-0.01834095216858067,-0.01834095216858067,2,0.0,0.0,702468.842158259,-0.03689910668742191
2025-08-05T04:00:00+00:00,2025-08-06T04:00:00+00:00,2025-08-07T04:00:00+00:00,3,NVDA,NVDA,0.029757510364018414,0.6729325074469438,0.25455201262640814,0.8926732866863882,NVDA,LLY,NVDA,False,0.7294728067290752,0.7294728067290752,NVDA,NVDA,baseline_temporal,0.5,0.4,0.55,0.2,0.55,1,0.029757510364018414,0.029757510364018414,0,0.0,0.0,723372.5660091834,-0.008239621873077474
2025-08-06T04:00:00+00:00,2025-08-07T04:00:00+00:00,2025-08-08T04:00:00+00:00,3,NVDA,NVDA,-0.0001102961451497908,0.6744894592959086,0.2779108651866023,0.9837263749407563,NVDA,NVDA,LLY,False,0.6666666666666667,0.7914625732917276,NVDA,NVDA,baseline_temporal,0.5,0.4,0.55,0.2,0.55,1,-0.0001102961451497908,-0.0001102961451497908,0,0.0,0.0,723292.7808036455,-0.008349009219697168
2025-08-07T04:00:00+00:00,2025-08-08T04:00:00+00:00,2025-08-11T04:00:00+00:00,3,NVDA,NVDA,0.002757707793282327,0.6751843874295984,0.2885809913663139,0.9670591741902654,NVDA,NVDA,LLY,False,0.6666666666666667,0.875,NVDA,NVDA,baseline_temporal,0.5,0.4,0.55,0.2,0.55,1,0.002757707793282327,0.002757707793282327,0,0.0,0.0,725287.4109420925,-0.0056143255542062676
2025-08-08T04:00:00+00:00,2025-08-11T04:00:00+00:00,2025-08-12T04:00:00+00:00,3,NVDA,NVDA,0.00500522523513558,0.6370001643968828,0.3054792105923471,0.9347134602815809,NVDA,NVDA,LLY,False,0.6040646199791971,0.9373979533125304,NVDA,NVDA,baseline_temporal,0.5,0.4,0.55,0.2,0.55,1,0.00500522523513558,0.00500522523513558,0,0.0,0.0,728917.637794066,-0.0006372012830129226
2025-08-11T04:00:00+00:00,2025-08-12T04:00:00+00:00,2025-08-13T04:00:00+00:00,3,LLY,LLY,0.017039101746429308,0.7277269362559999,0.0014095948804393095,0.9200409440216517,LLY,LLY,NVDA,False,0.9373979533125304,0.624795906625061,NVDA,LLY,baseline_temporal,0.5,0.4,0.55,0.2,0.55,1,0.017039101746429308,0.017039101746429308,2,0.0,0.0,741337.739589206,0.0
2025-08-12T04:00:00+00:00,2025-08-13T04:00:00+00:00,2025-08-14T04:00:00+00:00,3,LLY,LLY,0.01783751141941381,0.7222183824958694,0.0016169721306725305,0.9734228625140271,LLY,LLY,NVDA,False,0.9166666666666666,0.6458425767395255,LLY,LLY,baseline_temporal,0.5,0.4,0.55,0.2,0.55,1,0.01783751141941381,0.01783751141941381,0,0.0,0.0,754561.359984771,0.0
2025-08-13T04:00:00+00:00,2025-08-14T04:00:00+00:00,2025-08-15T04:00:00+00:00,3,LLY,LLY,0.050946984102837156,0.6800011271250852,0.017598009536389,0.981757063687434,LLY,LLY,NVDA,False,0.8333333333333334,0.7291943968852429,LLY,LLY,baseline_temporal,0.5,0.4,0.55,0.2,0.55,1,0.050946984102837156,0.050946984102837156,0,0.0,0.0,793003.9855965301,0.0
2025-08-14T04:00:00+00:00,2025-08-15T04:00:00+00:00,2025-08-18T04:00:00+00:00,3,LLY,LLY,0.001172485669619583,0.6814351007121796,0.016479712872922967,0.9900901077407427,LLY,LLY,NVDA,False,0.8333333333333334,0.6666666666666666,LLY,LLY,baseline_temporal,0.5,0.4,0.55,0.2,0.55,1,0.001172485669619583,0.001172485669619583,0,0.0,0.0,793933.7714055934,0.0
2025-08-15T04:00:00+00:00,2025-08-18T04:00:00+00:00,2025-08-19T04:00:00+00:00,3,LLY,LLY,0.016684739391310766,0.67473369651763,0.05566145471224864,0.9546165162546939,LLY,LLY,NVDA,False,0.812509243406192,0.687509243406192,LLY,LLY,baseline_temporal,0.5,0.4,0.55,0.2,0.55,1,0.016684739391310766,0.016684739391310766,0,0.0,0.0,807180.3494754562,0.0
2025-08-18T04:00:00+00:00,2025-08-19T04:00:00+00:00,2025-08-20T04:00:00+00:00,3,LLY,LLY,-0.007210000142209183,0.7203696427840205,0.07145558538407533,0.9700441860302977,LLY,LLY,NVDA,False,0.875,0.6458240899271412,LLY,LLY,baseline_temporal,0.5,0.4,0.55,0.2,0.55,1,-0.007210000142209183,-0.007210000142209183,0,0.0,0.0,801360.5790409497,-0.007210000142209183
2025-08-19T04:00:00+00:00,2025-08-20T04:00:00+00:00,2025-08-21T04:00:00+00:00,3,LLY,LLY,0.00524265169311855,0.678342780551739,0.0730786725717811,0.9545788949624657,LLY,LLY,NVDA,False,0.8125058631794045,0.7083333333333333,LLY,LLY,baseline_temporal,0.5,0.4,0.55,0.2,0.55,1,0.00524265169311855,0.00524265169311855,0,0.0,0.0,805561.8334374571,-0.0020051479685436746
2025-08-20T04:00:00+00:00,2025-08-21T04:00:00+00:00,2025-08-22T04:00:00+00:00,3,LLY,LLY,0.013964490296104248,0.6598726462926804,0.10037375979079374,0.9462460504883807,LLY,LLY,NVDA,False,0.770839196512738,0.7708274701539286,LLY,LLY,baseline_temporal,0.5,0.4,0.55,0.2,0.55,1,0.013964490296104248,0.013964490296104248,0,0.0,0.0,816811.0938434064,0.0
2025-08-21T04:00:00+00:00,2025-08-22T04:00:00+00:00,2025-08-25T04:00:00+00:00,3,LLY,LLY,-0.005649399926923371,0.6670715343087468,0.1447555990682782,0.9866614314717395,LLY,LLY,NVDA,False,0.75,0.7083333333333333,LLY,LLY,baseline_temporal,0.5,0.4,0.55,0.2,0.55,1,-0.005649399926923371,-0.005649399926923371,0,0.0,0.0,812196.6013095373,-0.005649399926923371
2025-08-22T04:00:00+00:00,2025-08-25T04:00:00+00:00,2025-08-26T04:00:00+00:00,3,LLY,LLY,0.007363333144892348,0.6656582458202891,0.1891374383457627,0.9429175387275257,LLY,LLY,NVDA,False,0.7291608034872621,0.7500117263588093,LLY,LLY,baseline_temporal,0.5,0.4,0.55,0.2,0.55,1,0.007363333144892348,0.007363333144892348,0,0.0,0.0,818177.0754641287,0.0
2025-08-25T04:00:00+00:00,2025-08-26T04:00:00+00:00,2025-08-27T04:00:00+00:00,3,LLY,LLY,0.028929388161679004,0.7060352871042901,0.17666604655945387,0.9833331076829176,LLY,LLY,NVDA,False,0.7916666666666666,0.7291725298460713,LLY,LLY,baseline_temporal,0.5,0.4,0.55,0.2,0.55,1,0.028929388161679004,0.028929388161679004,0,0.0,0.0,841846.4376652179,0.0
2025-08-26T04:00:00+00:00,2025-08-27T04:00:00+00:00,2025-08-28T04:00:00+00:00,3,LLY,LLY,-0.0015680606498588157,0.7188016017226336,0.16895801658845583,0.9460650612790813,LLY,LLY,NVDA,False,0.8541850371197678,0.7082965924271313,LLY,LLY,baseline_temporal,0.5,0.4,0.55,0.2,0.55,1,-0.0015680606498588157,-0.0015680606498588157,0,0.0,0.0,840526.3713930913,-0.0015680606498588157
2025-08-27T04:00:00+00:00,2025-08-28T04:00:00+00:00,2025-08-29T04:00:00+00:00,3,LLY,LLY,-0.004738883426199103,0.7262053992834856,0.20132789505347232,0.937734015841861,LLY,LLY,COST,False,0.8541482962135657,0.2915931848542626,LLY,LLY,baseline_temporal,0.5,0.4,0.55,0.2,0.55,1,-0.004738883426199103,-0.004738883426199103,0,0.0,0.0,836543.2149024133,-0.006299513219433006
2025-08-28T04:00:00+00:00,2025-08-29T04:00:00+00:00,2025-09-02T04:00:00+00:00,3,LLY,LLY,-0.005914074399330338,0.7464179272819033,0.20132789505347232,0.9780883714180305,LLY,LLY,NVDA,False,0.8750000000000001,0.749963259093798,LLY,LLY,baseline_temporal,0.5,0.4,0.55,0.2,0.55,1,-0.005914074399330338,-0.005914074399330338,0,0.0,0.0,831595.8360912255,-0.012176331828903986
2025-08-29T04:00:00+00:00,2025-09-02T04:00:00+00:00,2025-09-03T04:00:00+00:00,3,LLY,LLY,0.005535157220550424,0.7142086999944801,0.24770865007821083,0.9890441857090153,LLY,LLY,COST,False,0.7916666666666667,0.312481629546899,LLY,LLY,baseline_temporal,0.5,0.4,0.55,0.2,0.55,1,0.005535157220550424,0.005535157220550424,0,0.0,0.0,836198.8497879454,-0.006708572519396272
2025-09-02T04:00:00+00:00,2025-09-03T04:00:00+00:00,2025-09-04T04:00:00+00:00,3,LLY,LLY,0.005875327741705183,0.6995792421783862,0.24770865007821083,0.9723779834736304,LLY,LLY,NVDA,False,0.7500000000000001,0.749963259093798,LLY,LLY,baseline_temporal,0.5,0.4,0.55,0.2,0.55,1,0.005875327741705183,0.005875327741705183,0,0.0,0.0,841111.7920876865,-0.0008726598399214636
2025-09-03T04:00:00+00:00,2025-09-04T04:00:00+00:00,2025-09-05T04:00:00+00:00,3,LLY,LLY,0.011381780962129051,0.623030423059078,0.3332379881769088,0.8735889683262326,LLY,LLY,COST,False,0.6040767276817228,0.20827337401003734,LLY,LLY,baseline_temporal,0.5,0.4,0.55,0.2,0.55,1,0.011381780962129051,0.011381780962129051,0,0.0,0.0,850685.1422698924,0.0
2025-09-04T04:00:00+00:00,2025-09-05T04:00:00+00:00,2025-09-08T04:00:00+00:00,3,LLY,LLY,-0.020119013884953407,0.6436616272483027,0.38202028325903037,0.9278060308516658,LLY,LLY,NVDA,False,0.6249400406767041,0.7083333333333333,LLY,LLY,baseline_temporal,0.5,0.4,0.55,0.2,0.55,1,-0.020119013884953407,-0.020119013884953407,0,0.0,0.0,833570.1960808409,-0.020119013884953407
2025-09-05T04:00:00+00:00,2025-09-08T04:00:00+00:00,2025-09-09T04:00:00+00:00,3,LLY,LLY,0.006114186565314483,0.7347902091509284,0.3332379881769088,0.7959693305050107,LLY,LLY,COST,False,0.8540167683584268,0.1041366870050187,LLY,LLY,baseline_temporal,0.5,0.4,0.55,0.2,0.55,1,0.006114186565314483,0.006114186565314483,0,0.0,0.0,838666.7997749649,-0.014127838724041664
2025-09-08T04:00:00+00:00,2025-09-09T04:00:00+00:00,2025-09-10T04:00:00+00:00,3,LLY,LLY,0.018956502696340083,0.7712527497198092,0.3282098009406025,0.8736862722698303,LLY,LLY,COST,False,0.8957433943483895,0.062470020338352014,LLY,LLY,baseline_temporal,0.5,0.4,0.55,0.2,0.55,1,0.018956502696340083,0.018956502696340083,0,0.0,0.0,854564.98922623,0.0
2025-09-09T04:00:00+00:00,2025-09-10T04:00:00+00:00,2025-09-11T04:00:00+00:00,3,LLY,LLY,0.005869947748062376,0.7415868616381711,0.3307715671369679,0.9430696105831884,LLY,LLY,NVDA,False,0.8124700203383521,0.7291966463283146,LLY,LLY,baseline_temporal,0.5,0.4,0.55,0.2,0.55,1,0.005869947748062376,0.005869947748062376,0,0.0,0.0,859581.2410603114,0.0
2025-09-10T04:00:00+00:00,2025-09-11T04:00:00+00:00,2025-09-12T04:00:00+00:00,3,LLY,LLY,0.010215800438010847,0.7512384802150224,0.45741749722163194,0.9288209509244874,LLY,LLY,COST,False,0.8124806567772254,0.16666666666666666,LLY,LLY,baseline_temporal,0.5,0.4,0.55,0.2,0.55,1,0.010215800438010847,0.010215800438010847,0,0.0,0.0,868362.5514792413,0.0
2025-09-11T04:00:00+00:00,2025-09-12T04:00:00+00:00,2025-09-15T04:00:00+00:00,3,LLY,LLY,-0.009345794392523477,0.7679932923108495,0.48318161688167055,0.9886574666125245,LLY,LLY,COST,False,0.7916666666666666,0.14581399011055862,LLY,LLY,baseline_temporal,0.5,0.4,0.55,0.2,0.55,1,-0.009345794392523477,-0.009345794392523477,0,0.0,0.0,860247.0136149493,-0.009345794392523477
2025-09-12T04:00:00+00:00,2025-09-15T04:00:00+00:00,2025-09-16T04:00:00+00:00,3,LLY,LLY,-0.010181206799925291,0.735132621401664,0.4476642287074503,0.9598366086501416,LLY,LLY,COST,False,0.770852676556108,0.12496131355445061,LLY,LLY,baseline_temporal,0.5,0.4,0.55,0.2,0.55,1,-0.010181206799925291,-0.010181206799925291,0,0.0,0.0,851488.6608703174,-0.019431849727028827
2025-09-15T04:00:00+00:00,2025-09-16T04:00:00+00:00,2025-09-17T04:00:00+00:00,3,LLY,LLY,0.02158292778279569,0.7401944340244527,0.44221171236497236,0.9598365983191885,LLY,LLY,NFLX,False,0.7708139901105587,0.6041860098894414,LLY,LLY,baseline_temporal,0.5,0.4,0.55,0.2,0.55,1,0.02158292778279569,0.02158292778279569,0,0.0,0.0,869866.2791457508,0.0
2025-09-16T04:00:00+00:00,2025-09-17T04:00:00+00:00,2025-09-18T04:00:00+00:00,3,LLY,LLY,-0.00014515703351791753,0.7356545325804604,0.4165835892997887,0.9681726843496323,LLY,LLY,NFLX,False,0.770852676556108,0.625,LLY,LLY,baseline_temporal,0.5,0.4,0.55,0.2,0.55,1,-0.00014515703351791753,-0.00014515703351791753,0,0.0,0.0,869740.0119371128,-0.00014515703351791753
2025-09-17T04:00:00+00:00,2025-09-18T04:00:00+00:00,2025-09-19T04:00:00+00:00,3,LLY,LLY,0.004751283506447157,0.735373589053744,0.4453898972445894,0.9515668003240245,LLY,LLY,NVDA,False,0.7708208201577403,0.8333333333333333,LLY,LLY,baseline_temporal,0.5,0.4,0.55,0.2,0.55,1,0.004751283506447157,0.004751283506447157,0,0.0,0.0,873872.3933107266,0.0
2025-09-18T04:00:00+00:00,2025-09-19T04:00:00+00:00,2025-09-22T04:00:00+00:00,3,LLY,LLY,-0.021489839614338813,0.7331678272988876,0.42703676214929726,0.9599000598124582,LLY,LLY,NVDA,False,0.7708458465089263,0.7708208201577403,LLY,LLY,baseline_temporal,0.5,0.4,0.55,0.2,0.55,1,-0.021489839614338813,-0.021489839614338813,0,0.0,0.0,855093.0157350807,-0.021489839614338813
2025-09-19T04:00:00+00:00,2025-09-22T04:00:00+00:00,2025-09-23T04:00:00+00:00,3,LLY,LLY,0.002684816022981984,0.7493605159529241,0.4418921664413196,0.9749999127355689,LLY,LLY,COST,False,0.7916666666666665,0.06248748682440701,LLY,LLY,baseline_temporal,0.5,0.4,0.55,0.2,0.55,1,0.002684816022981984,0.002684816022981984,0,0.0,0.0,857388.7831648662,-0.018862719857084764
2025-09-22T04:00:00+00:00,2025-09-23T04:00:00+00:00,2025-09-24T04:00:00+00:00,3,LLY,LLY,-0.0060916016226419956,0.7644554764568525,0.49690324338675046,0.9515668271737949,LLY,LLY,NFLX,False,0.8124874868244071,0.5,LLY,LLY,baseline_temporal,0.5,0.4,0.55,0.2,0.55,1,-0.0060916016226419956,-0.0060916016226419956,0,0.0,0.0,852165.9122621041,-0.024839417304837852
2025-09-23T04:00:00+00:00,2025-09-24T04:00:00+00:00,2025-09-25T04:00:00+00:00,3,LLY,LLY,-0.011153317707912391,0.7789541212641443,0.4880427397642879,0.9802017344893252,LLY,LLY,NFLX,False,0.8333333333333333,0.4791541534910737,LLY,LLY,baseline_temporal,0.5,0.4,0.55,0.2,0.55,1,-0.011153317707912391,-0.011153317707912391,0,0.0,0.0,842661.4351027919,-0.03571569309986988
2025-09-24T04:00:00+00:00,2025-09-25T04:00:00+00:00,2025-09-26T04:00:00+00:00,3,LLY,LLY,-0.018376243018662364,0.7551454497015768,0.5282907298059014,0.9434142348841386,LLY,LLY,NFLX,False,0.7708414417800552,0.5416666666666667,LLY,LLY,baseline_temporal,0.5,0.4,0.55,0.2,0.55,1,-0.018376243018662364,-0.018376243018662364,0,0.0,0.0,827176.4837888882,-0.05343561586254908
2025-09-25T04:00:00+00:00,2025-09-26T04:00:00+00:00,2025-09-29T04:00:00+00:00,3,LLY,LLY,0.001984429858036929,0.737761544393726,0.4271942353192259,0.9319864202311237,LLY,LLY,NFLX,False,0.7916828835601103,0.5,LLY,LLY,baseline_temporal,0.5,0.4,0.55,0.2,0.55,1,0.001984429858036929,0.001984429858036929,0,0.0,0.0,828817.9575011849,-0.05155722523611239
2025-09-26T04:00:00+00:00,2025-09-29T04:00:00+00:00,2025-09-30T04:00:00+00:00,3,LLY,LLY,0.0019389507506510917,0.7612524824334105,0.455547930091209,0.9350796856969845,LLY,LLY,NFLX,False,0.8124918915532782,0.5,LLY,LLY,baseline_temporal,0.5,0.4,0.55,0.2,0.55,1,0.0019389507506510917,0.0019389507506510917,0,0.0,0.0,830424.9947020349,-0.049718241406034425
2025-09-29T04:00:00+00:00,2025-09-30T04:00:00+00:00,2025-10-01T04:00:00+00:00,3,LLY,LLY,0.049983412584319264,0.7436567442492926,0.4427868747983426,0.9280918925339229,LLY,LLY,NFLX,False,0.7708252248866115,0.5208414417800552,LLY,LLY,baseline_temporal,0.5,0.4,0.55,0.2,0.55,1,0.049983412584319264,0.049983412584319264,0,0.0,0.0,871932.4698325577,-0.002219916194879823
2025-09-30T04:00:00+00:00,2025-10-01T04:00:00+00:00,2025-10-02T04:00:00+00:00,3,LLY,LLY,0.06689046866771986,0.7263103630929361,0.4610101068580364,0.8723061912479314,LLY,LLY,NFLX,False,0.7916342328797791,0.5208414417800552,LLY,LLY,baseline_temporal,0.5,0.4,0.55,0.2,0.55,1,0.06689046866771986,0.06689046866771986,0,0.0,0.0,930256.4413862601,0.0
2025-10-01T04:00:00+00:00,2025-10-02T04:00:00+00:00,2025-10-03T04:00:00+00:00,3,NFLX,NFLX,0.0030133448127420692,0.587611737389398,0.4663500183890374,0.9157911636837686,NFLX,NFLX,COST,False,0.5000105198644531,0.2916666666666666,LLY,NFLX,baseline_temporal,0.5,0.4,0.55,0.2,0.55,1,0.0030133448127420692,0.0030133448127420692,2,0.0,0.0,933059.6248084313,0.0
2025-10-02T04:00:00+00:00,2025-10-03T04:00:00+00:00,2025-10-06T04:00:00+00:00,3,NFLX,NFLX,-0.003948497854077249,0.6405388355145785,0.47967157067881583,0.9120636027354525,NFLX,LLY,NFLX,False,0.5833438531977865,0.5833438531977865,NFLX,NFLX,baseline_temporal,0.5,0.4,0.55,0.2,0.55,1,-0.003948497854077249,-0.003948497854077249,0,0.0,0.0,929375.440882149,-0.003948497854077249
2025-10-03T04:00:00+00:00,2025-10-06T04:00:00+00:00,2025-10-07T04:00:00+00:00,3,LLY,LLY,0.006017610183279842,0.7451550370209591,0.37696828129560156,0.9351985361008232,LLY,LLY,NFLX,False,0.8124947400677733,0.5625052599322266,NFLX,LLY,baseline_temporal,0.5,0.4,0.55,0.2,0.55,1,0.006017610183279842,0.006017610183279842,2,0.0,0.0,934968.0599992917,0.0
2025-10-06T04:00:00+00:00,2025-10-07T04:00:00+00:00,2025-10-08T04:00:00+00:00,3,LLY,LLY,0.005910263880795741,0.7266903690623394,0.3905850620509594,0.887063713343119,LLY,LLY,NFLX,False,0.7916561468022135,0.6041719265988931,LLY,LLY,baseline_temporal,0.5,0.4,0.55,0.2,0.55,1,0.005910263880795741,0.005910263880795741,0,0.0,0.0,940493.9679540031,0.0
2025-10-07T04:00:00+00:00,2025-10-08T04:00:00+00:00,2025-10-09T04:00:00+00:00,3,NFLX,NFLX,0.014368056135661389,0.6227971154239927,0.5294585832119372,0.9601984992316009,NFLX,NFLX,LLY,False,0.5208385932655598,0.7708280734011067,LLY,NFLX,baseline_temporal,0.5,0.4,0.55,0.2,0.55,1,0.014368056135661389,0.014368056135661389,2,0.0,0.0,954007.0380808172,0.0
2025-10-08T04:00:00+00:00,2025-10-09T04:00:00+00:00,2025-10-10T04:00:00+00:00,3,NFLX,NFLX,0.012105739932471327,0.5799525628912514,0.5020202265294255,0.9608433514826719,NFLX,LLY,NFLX,False,0.4375034145098575,0.4375034145098575,NFLX,NFLX,baseline_temporal,0.5,0.4,0.55,0.2,0.55,1,0.012105739932471327,0.012105739932471327,0,0.0,0.0,965555.9991775708,0.0
2025-10-09T04:00:00+00:00,2025-10-10T04:00:00+00:00,2025-10-13T04:00:00+00:00,3,LLY,LLY,-0.029502014428932855,0.6276594217137366,0.5297224461754454,0.9344702650030843,LLY,LLY,COST,False,0.5,0.14585040588262063,NFLX,LLY,baseline_temporal,0.5,0.4,0.55,0.2,0.55,1,-0.029502014428932855,-0.029502014428932855,2,0.0,0.0,937070.1521578914,-0.029502014428932855
2025-10-10T04:00:00+00:00,2025-10-13T04:00:00+00:00,2025-10-14T04:00:00+00:00,3,LLY,LLY,-0.012719483497254491,0.6334782092636768,0.5680563733858377,0.753311970944568,LLY,LLY,COST,False,0.5833128462741884,0.16666666666666663,LLY,LLY,baseline_temporal,0.5,0.4,0.55,0.2,0.55,1,-0.012719483497254491,-0.012719483497254491,0,0.0,0.0,925151.1038217493,-0.041846247540522796
2025-10-13T04:00:00+00:00,2025-10-14T04:00:00+00:00,2025-10-15T04:00:00+00:00,3,LLY,LLY,-0.011673246873892373,0.6407912844593328,0.5119695475242365,0.773861072742098,LLY,LLY,COST,False,0.6249795129408553,0.08333333333333337,LLY,LLY,baseline_temporal,0.5,0.4,0.55,0.2,0.55,1,-0.011673246873892373,-0.011673246873892373,0,0.0,0.0,914351.586591184,-0.053031012836128655
2025-10-14T04:00:00+00:00,2025-10-15T04:00:00+00:00,2025-10-16T04:00:00+00:00,3,NFLX,NFLX,-0.0006595218466611819,0.57115301383817,0.5948677095500308,0.9480591273234276,NFLX,NFLX,LLY,False,0.39583674784319073,0.5833196752939036,LLY,NFLX,baseline_temporal,0.5,0.4,0.55,0.2,0.55,1,-0.0006595218466611819,-0.0006595218466611819,2,0.0,0.0,913748.5517442978,-0.05365555957127377
2025-10-15T04:00:00+00:00,2025-10-16T04:00:00+00:00,2025-10-17T04:00:00+00:00,3,NFLX,NFLX,-0.023593466424682408,0.5784163609756724,0.6289078479592684,0.9479247518397614,NFLX,LLY,NFLX,False,0.3958311157763717,0.3958311157763717,NFLX,NFLX,baseline_temporal,0.5,0.4,0.55,0.2,0.55,1,-0.023593466424682408,-0.023593466424682408,0,0.0,0.0,892190.0559681165,-0.07598310535271391
2025-10-16T04:00:00+00:00,2025-10-17T04:00:00+00:00,2025-10-20T04:00:00+00:00,3,NFLX,NFLX,0.020530584656978768,0.5789514206411283,0.6060441453823862,0.8848700154640818,NFLX,NFLX,LLY,False,0.43749334732911505,0.6458266806624483,NFLX,NFLX,baseline_temporal,0.5,0.4,0.55,0.2,0.55,1,0.020530584656978768,0.020530584656978768,0,0.0,0.0,910507.2394422847,-0.05701249827267907
2025-10-17T04:00:00+00:00,2025-10-20T04:00:00+00:00,2025-10-21T04:00:00+00:00,3,LLY,LLY,0.0016465011849817746,0.622589908807938,0.4166666666666666,0.7744277776282452,LLY,LLY,NFLX,False,0.6249866946582301,0.43749334732911505,NFLX,LLY,baseline_temporal,0.5,0.4,0.55,0.2,0.55,1,0.0016465011849817746,0.0016465011849817746,2,0.0,0.0,912006.3906909608,-0.05545986823366211
2025-10-20T04:00:00+00:00,2025-10-21T04:00:00+00:00,2025-10-22T04:00:00+00:00,3,LLY,LLY,-0.010572588478493739,0.6454891126456144,0.4458902527882814,0.7971847896706502,LLY,NVDA,LLY,False,0.6458222455485252,0.6458222455485252,LLY,LLY,baseline_temporal,0.5,0.4,0.55,0.2,0.55,1,-0.010572588478493739,-0.010572588478493739,0,0.0,0.0,902364.122432429,-0.06544610234824966
2025-10-21T04:00:00+00:00,2025-10-22T04:00:00+00:00,2025-10-23T04:00:00+00:00,3,NVDA,NVDA,-0.003979879498092975,0.6845787450933618,0.24268069118491228,0.9434387759245713,NVDA,NVDA,LLY,False,0.7708311157763716,0.6666622315527433,LLY,NVDA,baseline_temporal,0.5,0.4,0.55,0.2,0.55,1,-0.003979879498092975,-0.003979879498092975,2,0.0,0.0,898772.8219617455,-0.06916551424537676
2025-10-22T04:00:00+00:00,2025-10-23T04:00:00+00:00,2025-10-24T04:00:00+00:00,3,NVDA,NVDA,0.018924468616460466,0.6673676574849935,0.24625453836840194,0.9002538680327432,NVDA,NVDA,LLY,False,0.7499971187576505,0.5416580229396182,NVDA,NVDA,baseline_temporal,0.5,0.4,0.55,0.2,0.55,1,0.018924468616460466,0.018924468616460466,0,0.0,0.0,915781.6200242881,-0.051549966232594446
2025-10-23T04:00:00+00:00,2025-10-24T04:00:00+00:00,2025-10-27T04:00:00+00:00,3,NVDA,NVDA,0.033496732026143894,0.6685787985744345,0.24450012706023888,0.9266447967488509,NVDA,NVDA,LLY,False,0.7291652260454918,0.6874985593788252,NVDA,NVDA,baseline_temporal,0.5,0.4,0.55,0.2,0.55,1,0.033496732026143894,0.033496732026143894,0,0.0,0.0,946457.3115447096,-0.019779989611300453
2025-10-24T04:00:00+00:00,2025-10-27T04:00:00+00:00,2025-10-28T04:00:00+00:00,3,NVDA,NVDA,0.01607378129117265,0.6465136556809196,0.25379818199892723,0.9405288839454946,NVDA,NVDA,LLY,False,0.6875014406211748,0.6458290114698091,NVDA,NVDA,baseline_temporal,0.5,0.4,0.55,0.2,0.55,1,0.01607378129117265,0.01607378129117265,0,0.0,0.0,961670.4593719107,-0.004024147547081358
2025-10-27T04:00:00+00:00,2025-10-28T04:00:00+00:00,2025-10-29T04:00:00+00:00,3,NVDA,NVDA,0.07738589211618252,0.6126764760178304,0.25888335089207254,0.924505934512027,NVDA,NVDA,COST,False,0.6249971187576505,0.2708318927121586,NVDA,NVDA,baseline_temporal,0.5,0.4,0.55,0.2,0.55,1,0.07738589211618252,0.07738589211618252,0,0.0,0.0,1036090.185792185,0.0
2025-10-28T04:00:00+00:00,2025-10-29T04:00:00+00:00,2025-10-30T04:00:00+00:00,3,ADI,ADI,-0.019703603907039402,0.6938337299131987,0.48610215348538377,0.8690691676830593,COST,COST,ADI,True,0.20833333333333337,0.7291623448031425,NVDA,ADI,baseline_temporal,0.5,0.4,0.55,0.2,0.55,1,-0.019703603907039402,-0.019703603907039402,2,0.0,0.0,1015675.475159365,-0.019703603907039402
2025-10-29T04:00:00+00:00,2025-10-30T04:00:00+00:00,2025-10-31T04:00:00+00:00,3,NVDA,NVDA,0.006344867977939428,0.6458448936471457,0.19773945105232338,0.9380106996161196,COST,COST,NVDA,True,0.1666666666666666,0.6875009360699318,ADI,NVDA,baseline_temporal,0.5,0.4,0.55,0.2,0.55,1,0.006344867977939428,0.006344867977939428,2,0.0,0.0,1022119.801957682,-0.013483752694579798
2025-10-30T04:00:00+00:00,2025-10-31T04:00:00+00:00,2025-11-03T05:00:00+00:00,3,AVGO,AVGO,-0.016562101233517645,0.696392426853398,0.12011753381579314,0.910414932754428,COST,COST,AVGO,True,0.1666666666666666,0.854165730596735,NVDA,AVGO,baseline_temporal,0.5,0.4,0.55,0.2,0.55,1,-0.016562101233517645,-0.016562101233517645,2,0.0,0.0,1005191.350324876,-0.02982253465096185
2025-10-31T04:00:00+00:00,2025-11-03T05:00:00+00:00,2025-11-04T05:00:00+00:00,3,COST,COST,0.02280958619095319,0.5142345610120682,0.9485684009649196,0.9872624659116673,COST,COST,AMZN,False,0.1666666666666666,0.45833333333333337,AVGO,COST,baseline_temporal,0.5,0.4,0.55,0.2,0.55,1,0.02280958619095319,0.02280958619095319,2,0.0,0.0,1028119.3490685117,-0.007693188134562656
2025-11-03T05:00:00+00:00,2025-11-04T05:00:00+00:00,2025-11-05T05:00:00+00:00,3,AVGO,AVGO,-0.0212891282396499,0.712181333589464,0.16394577830525286,0.9316419264970135,COST,COST,AVGO,True,0.125,0.854165730596735,COST,AVGO,baseline_temporal,0.5,0.4,0.55,0.2,0.55,1,-0.0212891282396499,-0.0212891282396499,2,0.0,0.0,1006231.584400527,-0.028818535105443965
2025-11-04T05:00:00+00:00,2025-11-05T05:00:00+00:00,2025-11-06T05:00:00+00:00,3,AMZN,AMZN,0.0005019475565193332,0.5701264894673967,0.48823974615933624,0.9354570864179184,AMZN,AMZN,COST,False,0.45833146119346985,0.1041676027365984,AVGO,AMZN,baseline_temporal,0.5,0.4,0.55,0.2,0.55,1,0.0005019475565193332,0.0005019475565193332,2,0.0,0.0,1006736.6598856093,-0.028331052942203394
2025-11-05T05:00:00+00:00,2025-11-06T05:00:00+00:00,2025-11-07T05:00:00+00:00,3,AMZN,AMZN,-0.02510485440789867,0.584993730825529,0.5113325266629488,0.9774524566997934,AMZN,COST,AVGO,False,0.4583333333333334,0.7916666666666667,AMZN,AMZN,baseline_temporal,0.5,0.4,0.55,0.2,0.55,1,-0.02510485440789867,-0.02510485440789867,0,0.0,0.0,981462.6826120869,-0.05272466039076551
2025-11-06T05:00:00+00:00,2025-11-07T05:00:00+00:00,2025-11-10T05:00:00+00:00,3,COST,COST,-0.011335026203468601,0.48361551502330896,0.8647281388392064,0.9701947482456417,COST,COST,AMZN,False,0.14583394163782792,0.4583333333333334,AMZN,COST,baseline_temporal,0.5,0.4,0.55,0.2,0.55,1,-0.011335026203468601,-0.011335026203468601,2,0.0,0.0,970337.7773869523,-0.06346205118713577
2025-11-07T05:00:00+00:00,2025-11-10T05:00:00+00:00,2025-11-11T05:00:00+00:00,3,AVGO,AVGO,0.002978281026102092,0.6761401108547208,0.21250749966788166,0.9394137274473333,COST,COST,AVGO,True,0.14583394163782792,0.7500000000000001,COST,AVGO,baseline_temporal,0.5,0.4,0.55,0.2,0.55,1,0.002978281026102092,0.002978281026102092,2,0.0,0.0,973227.715978254,-0.06067277798396187
2025-11-10T05:00:00+00:00,2025-11-11T05:00:00+00:00,2025-11-12T05:00:00+00:00,3,AVGO,AVGO,-0.0026052609462979825,0.7362238217627113,0.2061786073906615,0.9648018532290783,COST,COST,AVGO,True,0.1875006083044946,0.8541660583621721,AVGO,AVGO,baseline_temporal,0.5,0.4,0.55,0.2,0.55,1,-0.0026052609462979825,-0.0026052609462979825,0,0.0,0.0,970692.203817961,-0.06311997051127483
2025-11-11T05:00:00+00:00,2025-11-12T05:00:00+00:00,2025-11-13T05:00:00+00:00,3,COST,COST,0.0009655051347319255,0.5273283501857349,0.9075028797659109,0.9626522284278443,COST,COST,AMZN,False,0.2083333333333334,0.43749939169550545,AVGO,COST,baseline_temporal,0.5,0.4,0.55,0.2,0.55,1,0.0009655051347319255,0.0009655051347319255,2,0.0,0.0,971629.4121249915,-0.06221540803217562
2025-11-12T05:00:00+00:00,2025-11-13T05:00:00+00:00,2025-11-14T05:00:00+00:00,3,COST,COST,0.011761224131883408,0.4870068010449992,0.8822425155465664,0.9529875179536671,COST,COST,AMZN,False,0.1458337286717215,0.5624988139848353,COST,COST,baseline_temporal,0.5,0.4,0.55,0.2,0.55,1,0.011761224131883408,0.011761224131883408,0,0.0,0.0,983056.9634141235,-0.051185913258615434
2025-11-13T05:00:00+00:00,2025-11-14T05:00:00+00:00,2025-11-17T05:00:00+00:00,3,AVGO,AVGO,0.025180510891329444,0.7250351877716927,0.20697134379908147,0.9216302385206772,AVGO,AVGO,COST,False,0.8333325426565568,0.125,COST,AVGO,baseline_temporal,0.5,0.4,0.55,0.2,0.55,1,0.025180510891329444,0.025180510891329444,2,0.0,0.0,1007810.8399881701,-0.027294289813577177
2025-11-14T05:00:00+00:00,2025-11-17T05:00:00+00:00,2025-11-18T05:00:00+00:00,3,AVGO,AVGO,0.009972774621212155,0.7293931139215003,0.20948242547333915,0.8995517905370938,AVGO,AVGO,COST,False,0.8541654806515019,0.10416627132827846,AVGO,AVGO,baseline_temporal,0.5,0.4,0.55,0.2,0.55,1,0.009972774621212155,0.009972774621212155,0,0.0,0.0,1017861.5103561865,-0.0175937149931219
2025-11-17T05:00:00+00:00,2025-11-18T05:00:00+00:00,2025-11-19T05:00:00+00:00,3,AVGO,AVGO,-0.0072665475109144895,0.7444457445031165,0.20948242547333915,0.951211989724867,AVGO,AVGO,COST,False,0.8541662713282784,0.125,AVGO,AVGO,baseline_temporal,0.5,0.4,0.55,0.2,0.55,1,-0.0072665475109144895,-0.0072665475109144895,0,0.0,0.0,1010465.1713316522,-0.02473241693814532
2025-11-18T05:00:00+00:00,2025-11-19T05:00:00+00:00,2025-11-20T05:00:00+00:00,3,AVGO,AVGO,0.07423039461645153,0.7049723134248882,0.20990130865445286,0.9083991526082786,AVGO,AVGO,NVDA,False,0.7916658759898901,0.7500007906767764,AVGO,AVGO,baseline_temporal,0.5,0.4,0.55,0.2,0.55,1,0.07423039461645153,0.07423039461645153,0,0.0,0.0,1085472.399745781,0.0
2025-11-19T05:00:00+00:00,2025-11-20T05:00:00+00:00,2025-11-21T05:00:00+00:00,3,AVGO,AVGO,-0.056956808440487894,0.6584424583461354,0.190853023454711,0.9130608593204215,AVGO,AVGO,COST,False,0.7083328194437218,0.12499948611038841,AVGO,AVGO,baseline_temporal,0.5,0.4,0.55,0.2,0.55,1,-0.056956808440487894,-0.056956808440487894,0,0.0,0.0,1023647.3562060238,-0.056956808440487894
2025-11-20T05:00:00+00:00,2025-11-21T05:00:00+00:00,2025-11-24T05:00:00+00:00,3,AVGO,AVGO,0.0074585554875739035,0.6514664597828362,0.19251759796848228,0.9549758951840992,AVGO,AVGO,ADEA,False,0.6874997430551942,0.7291653819426378,AVGO,AVGO,baseline_temporal,0.5,0.4,0.55,0.2,0.55,1,0.0074585554875739035,0.0074585554875739035,0,0.0,0.0,1031282.2868119949,-0.04992306846906247
2025-11-21T05:00:00+00:00,2025-11-24T05:00:00+00:00,2025-11-25T05:00:00+00:00,3,AVGO,AVGO,0.10697243992018257,0.6958528397445184,0.19999252981852186,0.9549758962963193,AVGO,AVGO,AMZN,False,0.7708330763885275,0.5833333333333333,AVGO,AVGO,baseline_temporal,0.5,0.4,0.55,0.2,0.55,1,0.10697243992018257,0.10697243992018257,0,0.0,0.0,1141601.0692787396,0.0
2025-11-24T05:00:00+00:00,2025-11-25T05:00:00+00:00,2025-11-26T05:00:00+00:00,3,ADEA,ADEA,0.011475409836065653,0.7135911213274284,0.08333333333333337,0.9487154734084274,ADEA,ADEA,NVDA,False,0.8541664097218608,0.6458325624989159,AVGO,ADEA,baseline_temporal,0.5,0.4,0.55,0.2,0.55,1,0.011475409836065653,0.011475409836065653,2,0.0,0.0,1154701.4094180039,0.0
2025-11-25T05:00:00+00:00,2025-11-26T05:00:00+00:00,2025-11-28T05:00:00+00:00,3,ADEA,ADEA,-0.00648298217179899,0.7119604323975184,0.08333333333333337,0.9087871938681424,ADEA,ADEA,COST,False,0.8749994861103884,0.08333333333333336,ADEA,ADEA,baseline_temporal,0.5,0.4,0.55,0.2,0.55,1,-0.00648298217179899,-0.00648298217179899,0,0.0,0.0,1147215.5007669958,-0.00648298217179899
2025-11-26T05:00:00+00:00,2025-11-28T05:00:00+00:00,2025-12-01T05:00:00+00:00,3,ADEA,ADEA,-0.009787928221859588,0.7247678213761521,0.09992650237416487,0.9161637126909641,ADEA,ADEA,NVDA,False,0.8749999999999999,0.7916666666666666,ADEA,ADEA,baseline_temporal,0.5,0.4,0.55,0.2,0.55,1,-0.009787928221859588,-0.009787928221859588,0,0.0,0.0,1135986.6377904837,-0.01620745542949742
2025-11-28T05:00:00+00:00,2025-12-01T05:00:00+00:00,2025-12-02T05:00:00+00:00,3,NVDA,NVDA,0.040048126503953396,0.7585627459853838,0.241959134904662,0.9546046723903334,NVDA,NVDA,ADEA,False,0.9166666666666666,0.8125005010105032,ADEA,NVDA,baseline_temporal,0.5,0.4,0.55,0.2,0.55,1,0.040048126503953396,0.040048126503953396,2,0.0,0.0,1181480.7743675176,0.0
2025-12-01T05:00:00+00:00,2025-12-02T05:00:00+00:00,2025-12-03T05:00:00+00:00,3,NVDA,NVDA,-0.003745937310637437,0.7225676331613254,0.2147328239968116,0.8868933858667303,NVDA,NVDA,ADEA,False,0.8958335003368344,0.8958331663298322,NVDA,NVDA,baseline_temporal,0.5,0.4,0.55,0.2,0.55,1,-0.003745937310637437,-0.003745937310637437,0,0.0,0.0,1177055.0214530134,-0.003745937310637437
2025-12-02T05:00:00+00:00,2025-12-03T05:00:00+00:00,2025-12-04T05:00:00+00:00,3,ADEA,ADEA,0.005631536604987941,0.741180015682843,0.09211579464283973,0.9502290069390642,ADEA,ADEA,NVDA,False,0.8958331663298322,0.8750003340070021,NVDA,ADEA,baseline_temporal,0.5,0.4,0.55,0.2,0.55,1,0.005631536604987941,0.005631536604987941,2,0.0,0.0,1183683.649892411,0.0
2025-12-03T05:00:00+00:00,2025-12-04T05:00:00+00:00,2025-12-05T05:00:00+00:00,3,ADEA,ADEA,-0.013599999999999945,0.7381488049087541,0.08333333333333337,0.9468089420816963,ADEA,ADEA,NVDA,False,0.8749999999999999,0.7708335003368344,ADEA,ADEA,baseline_temporal,0.5,0.4,0.55,0.2,0.55,1,-0.013599999999999945,-0.013599999999999945,0,0.0,0.0,1167585.5522538743,-0.013599999999999945
2025-12-04T05:00:00+00:00,2025-12-05T05:00:00+00:00,2025-12-08T05:00:00+00:00,3,ADEA,ADEA,0.018653690186536842,0.7378033044298814,0.08333333333333336,0.9115229040219209,ADEA,ADEA,NVDA,False,0.8958332247855453,0.7708334418811215,ADEA,ADEA,baseline_temporal,0.5,0.4,0.55,0.2,0.55,1,0.018653690186536842,0.018653690186536842,0,0.0,0.0,1189365.3314118946,0.0
2025-12-05T05:00:00+00:00,2025-12-08T05:00:00+00:00,2025-12-09T05:00:00+00:00,3,ADEA,ADEA,0.007165605095541316,0.755055695910271,0.08333333333333336,0.9253446423873134,ADEA,ADEA,NVDA,False,0.9374998914522119,0.7291667752144546,ADEA,ADEA,baseline_temporal,0.5,0.4,0.55,0.2,0.55,1,0.007165605095541316,0.007165605095541316,0,0.0,0.0,1197887.8536911197,0.0
2025-12-08T05:00:00+00:00,2025-12-09T05:00:00+00:00,2025-12-10T05:00:00+00:00,3,ADEA,ADEA,0.0007905138339920903,0.7634464816367811,0.09874631887146337,0.946837904104155,ADEA,ADEA,NVDA,False,0.9583333333333335,0.6250002170955762,ADEA,ADEA,baseline_temporal,0.5,0.4,0.55,0.2,0.55,1,0.0007905138339920903,0.0007905138339920903,0,0.0,0.0,1198834.8006110338,0.0
2025-12-09T05:00:00+00:00,2025-12-10T05:00:00+00:00,2025-12-11T05:00:00+00:00,3,NVDA,NVDA,-0.02533290029230273,0.6128474053934787,0.30862398638504257,0.9690738165890864,NVDA,NVDA,ADEA,False,0.5833333333333333,0.9583333333333335,ADEA,NVDA,baseline_temporal,0.5,0.4,0.55,0.2,0.55,1,-0.02533290029230273,-0.02533290029230273,2,0.0,0.0,1168464.8381402118,-0.02533290029230284
2025-12-10T05:00:00+00:00,2025-12-11T05:00:00+00:00,2025-12-12T05:00:00+00:00,3,NVDA,NVDA,0.004609574586248888,0.6030504242704064,0.33506123049231507,0.9113043671922176,NVDA,NVDA,ADEA,False,0.5416666666666667,0.9791667752144547,NVDA,NVDA,baseline_temporal,0.5,0.4,0.55,0.2,0.55,1,0.004609574586248888,0.004609574586248888,0,0.0,0.0,1173850.9639630283,-0.020840099599437334
2025-12-11T05:00:00+00:00,2025-12-12T05:00:00+00:00,2025-12-15T05:00:00+00:00,3,ADEA,ADEA,-0.025906735751295318,0.7777203738472448,0.2311791162963079,0.9226766853821269,ADEA,ADEA,AMZN,False,0.9583331922250007,0.47916645500416766,NVDA,ADEA,baseline_temporal,0.5,0.4,0.55,0.2,0.55,1,-0.025906735751295318,-0.025906735751295318,2,0.0,0.0,1143440.3172282348,-0.04620693639737927
2025-12-12T05:00:00+00:00,2025-12-15T05:00:00+00:00,2025-12-16T05:00:00+00:00,3,ADEA,ADEA,-0.03039513677811556,0.7662105830644903,0.1582181673454162,0.939580478378534,ADEA,ADEA,NVDA,False,0.9374999294458336,0.7916666666666666,ADEA,ADEA,baseline_temporal,0.5,0.4,0.55,0.2,0.55,1,-0.03039513677811556,-0.03039513677811556,0,0.0,0.0,1108685.2923884708,-0.07519760702359879
2025-12-15T05:00:00+00:00,2025-12-16T05:00:00+00:00,2025-12-17T05:00:00+00:00,3,AVGO,AVGO,0.031512793655543936,0.6421685647590666,0.06649310746624222,0.9060456012782022,AVGO,AVGO,ADEA,False,0.7708334038874998,0.9791665961125003,ADEA,AVGO,baseline_temporal,0.5,0.4,0.55,0.2,0.55,1,0.031512793655543936,0.031512793655543936,2,0.0,0.0,1143623.0632364452,-0.04605450004158018
2025-12-16T05:00:00+00:00,2025-12-17T05:00:00+00:00,2025-12-18T05:00:00+00:00,3,AVGO,AVGO,-0.030608100266914295,0.6628183749414664,0.07595117670561817,0.915831071393614,AVGO,AVGO,ADEA,False,0.7916666666666666,1.0,AVGO,AVGO,baseline_temporal,0.5,0.4,0.55,0.2,0.55,1,-0.030608100266914295,-0.030608100266914295,0,0.0,0.0,1108618.9338493485,-0.0752529595534791
2025-12-17T05:00:00+00:00,2025-12-18T05:00:00+00:00,2025-12-19T05:00:00+00:00,3,AVGO,AVGO,-0.00793104480292095,0.6237430558475644,0.050832599311951214,0.8764520646022262,AVGO,AVGO,ADEA,False,0.7708335449958325,1.0,AVGO,AVGO,baseline_temporal,0.5,0.4,0.55,0.2,0.55,1,-0.00793104480292095,-0.00793104480292095,0,0.0,0.0,1099826.4274156229,-0.08258716976262903
2025-12-18T05:00:00+00:00,2025-12-19T05:00:00+00:00,2025-12-22T05:00:00+00:00,3,AVGO,AVGO,0.04006274888379391,0.6575372305504279,0.050730432308247746,0.8816630868855733,AVGO,AVGO,ADEA,False,0.8333334250521477,1.0,AVGO,AVGO,baseline_temporal,0.5,0.4,0.55,0.2,0.55,1,0.04006274888379391,0.04006274888379391,0,0.0,0.0,1143888.4973929352,-0.04583308992205848
2025-12-19T05:00:00+00:00,2025-12-22T05:00:00+00:00,2025-12-23T05:00:00+00:00,3,ADEA,ADEA,0.03967761934283942,0.8064848076803879,0.1728564639812584,0.9545036989433838,ADEA,ADEA,AVGO,False,1.0,0.7916666666666666,AVGO,ADEA,baseline_temporal,0.5,0.4,0.55,0.2,0.55,1,0.03967761934283942,0.03967761934283942,2,0.0,0.0,1189275.2697631447,-0.007974018474452671
2025-12-22T05:00:00+00:00,2025-12-23T05:00:00+00:00,2025-12-24T05:00:00+00:00,3,ADEA,ADEA,0.027429934406678624,0.7653517665517479,0.3277283671126302,0.9050481195333999,ADEA,AVGO,NVDA,False,0.8541667125260739,0.6874999541405928,ADEA,ADEA,baseline_temporal,0.5,0.4,0.55,0.2,0.55,1,0.027429934406678624,0.027429934406678624,0,0.0,0.0,1221897.0124042328,0.0
2025-12-23T05:00:00+00:00,2025-12-24T05:00:00+00:00,2025-12-26T05:00:00+00:00,3,AVGO,AVGO,0.001058958214081196,0.6802799099277106,0.11590299708685015,0.9762019822072883,AVGO,AVGO,COST,False,0.7916666666666666,0.18749995414059284,ADEA,AVGO,baseline_temporal,0.5,0.4,0.55,0.2,0.55,1,0.001058958214081196,0.001058958214081196,2,0.0,0.0,1223190.9502822794,0.0
2025-12-24T05:00:00+00:00,2025-12-26T05:00:00+00:00,2025-12-29T05:00:00+00:00,3,AVGO,AVGO,-0.006661520427709622,0.679718269465274,0.10714307493807768,0.9709334676839151,AVGO,AVGO,COST,False,0.7916666666666666,0.2708333791927405,AVGO,AVGO,baseline_temporal,0.5,0.4,0.55,0.2,0.55,1,-0.006661520427709622,-0.006661520427709622,0,0.0,0.0,1215042.6387799846,-0.006661520427709511
2025-12-26T05:00:00+00:00,2025-12-29T05:00:00+00:00,2025-12-30T05:00:00+00:00,3,AVGO,AVGO,0.0035977434952798593,0.674951581415364,0.11722769788358128,0.926730476989835,AVGO,AVGO,COST,False,0.7916666666666666,0.29166666666666663,AVGO,AVGO,baseline_temporal,0.5,0.4,0.55,0.2,0.55,1,0.0035977434952798593,0.0035977434952798593,0,0.0,0.0,1219414.0505301428,-0.0030877433742172444
2025-12-29T05:00:00+00:00,2025-12-30T05:00:00+00:00,2025-12-31T05:00:00+00:00,3,AVGO,AVGO,-0.0006882904585735483,0.6709173050420314,0.14186850778915974,0.9406213517811798,AVGO,AVGO,AMZN,False,0.7708333631416096,0.47916663685839045,AVGO,AVGO,baseline_temporal,0.5,0.4,0.55,0.2,0.55,1,-0.0006882904585735483,-0.0006882904585735483,0,0.0,0.0,1218574.7394741124,-0.003773908568487805
2025-12-30T05:00:00+00:00,2025-12-31T05:00:00+00:00,2026-01-02T05:00:00+00:00,3,AVGO,AVGO,0.008695652173913215,0.6797180442117048,0.16806625508882417,0.9503216514522801,AVGO,AVGO,NVDA,False,0.7708333631416096,0.7291666964749428,AVGO,AVGO,baseline_temporal,0.5,0.4,0.55,0.2,0.55,1,0.008695652173913215,0.008695652173913215,0,0.0,0.0,1229171.0415564962,0.0
2025-12-31T05:00:00+00:00,2026-01-02T05:00:00+00:00,2026-01-05T05:00:00+00:00,3,AVGO,AVGO,0.0055764197109364755,0.6856049862695374,0.16743500837795144,0.9290389626823667,AVGO,AVGO,NVDA,False,0.7916667262832191,0.7083333333333333,AVGO,AVGO,baseline_temporal,0.5,0.4,0.55,0.2,0.55,1,0.0055764197109364755,0.0055764197109364755,0,0.0,0.0,1236025.4151807441,0.0
2026-01-02T05:00:00+00:00,2026-01-05T05:00:00+00:00,2026-01-06T05:00:00+00:00,3,AVGO,AVGO,-0.03140561339972847,0.6717525764250819,0.18990070630669828,0.9449919492256089,AVGO,AVGO,COST,False,0.7500000596165525,0.29166666666666663,AVGO,AVGO,baseline_temporal,0.5,0.4,0.55,0.2,0.55,1,-0.03140561339972847,-0.03140561339972847,0,0.0,0.0,1197207.2788393388,-0.03140561339972847
2026-01-05T05:00:00+00:00,2026-01-06T05:00:00+00:00,2026-01-07T05:00:00+00:00,3,AVGO,AVGO,-0.00552082724776537,0.6950252546397411,0.15084301540421932,0.9750349131592183,AVGO,AVGO,COST,False,0.7916666666666666,0.20833329458286012,AVGO,AVGO,baseline_temporal,0.5,0.4,0.55,0.2,0.55,1,-0.00552082724776537,-0.00552082724776537,0,0.0,0.0,1190597.7042730998,-0.036753055681303604
2026-01-06T05:00:00+00:00,2026-01-07T05:00:00+00:00,2026-01-08T05:00:00+00:00,3,AVGO,AVGO,0.003142899104126906,0.6966791002465521,0.18273485471643125,0.9589160833179026,AVGO,AVGO,COST,False,0.7916666666666666,0.20833333333333334,AVGO,AVGO,baseline_temporal,0.5,0.4,0.55,0.2,0.55,1,0.003142899104126906,0.003142899104126906,0,0.0,0.0,1194339.6327312354,-0.03372566772295138
2026-01-07T05:00:00+00:00,2026-01-08T05:00:00+00:00,2026-01-09T05:00:00+00:00,3,AVGO,AVGO,-0.014171937221831743,0.6746279785556203,0.14264219400421413,0.8893006699214236,AVGO,AVGO,COST,False,0.8125000581257097,0.1458333139580967,AVGO,AVGO,baseline_temporal,0.5,0.4,0.55,0.2,0.55,1,-0.014171937221831743,-0.014171937221831743,0,0.0,0.0,1177413.5264346227,-0.047419646899049095
2026-01-08T05:00:00+00:00,2026-01-09T05:00:00+00:00,2026-01-12T05:00:00+00:00,3,AVGO,AVGO,0.008969941784483737,0.6898507235691277,0.12534889422453932,0.9838163206324011,AVGO,AVGO,COST,False,0.7916666666666666,0.31249998062476336,AVGO,AVGO,baseline_temporal,0.5,0.4,0.55,0.2,0.55,1,0.008969941784483737,0.008969941784483737,0,0.0,0.0,1187974.857223005,-0.03887505658669055
2026-01-09T05:00:00+00:00,2026-01-12T05:00:00+00:00,2026-01-13T05:00:00+00:00,3,AVGO,AVGO,0.0349720341477775,0.7292063636795273,0.1417364185614999,0.9640661811623136,AVGO,AVGO,AMZN,False,0.8749999999999999,0.43749998062476336,AVGO,AVGO,baseline_temporal,0.5,0.4,0.55,0.2,0.55,1,0.0349720341477775,0.0349720341477775,0,0.0,0.0,1229520.754496509,-0.005262562245359592
2026-01-12T05:00:00+00:00,2026-01-13T05:00:00+00:00,2026-01-14T05:00:00+00:00,3,AVGO,AVGO,-0.01106433813072416,0.6995843289266086,0.16462751976382842,0.9127807740867702,AVGO,AVGO,AMZN,False,0.8333333585210202,0.4166666414789799,AVGO,AVGO,baseline_temporal,0.5,0.4,0.55,0.2,0.55,1,-0.01106433813072416,-0.01106433813072416,0,0.0,0.0,1215916.9211300164,-0.016268673607967243
2026-01-13T05:00:00+00:00,2026-01-14T05:00:00+00:00,2026-01-15T05:00:00+00:00,3,AVGO,AVGO,0.00043141879260244487,0.710656794043177,0.1798566210395838,0.8924428467648481,AVGO,AVGO,NFLX,False,0.8541667044481968,0.8749999748123132,AVGO,AVGO,baseline_temporal,0.5,0.4,0.55,0.2,0.55,1,0.00043141879260244487,0.00043141879260244487,0,0.0,0.0,1216441.4905400353,-0.015844273426889877
2026-01-14T05:00:00+00:00,2026-01-15T05:00:00+00:00,2026-01-16T05:00:00+00:00,3,AVGO,AVGO,-0.008193422263109373,0.746485244473781,0.10889034448339723,0.955708622659643,AVGO,AVGO,AAPL,False,0.9166666666666666,0.1874999370307831,AVGO,AVGO,baseline_temporal,0.5,0.4,0.55,0.2,0.55,1,-0.008193422263109373,-0.008193422263109373,0,0.0,0.0,1206474.6717496747,-0.02390787686736051
2026-01-15T05:00:00+00:00,2026-01-16T05:00:00+00:00,2026-01-20T05:00:00+00:00,3,AVGO,AVGO,-0.006232064697527573,0.7533959923489774,0.13281982202049902,0.9598280779587238,AVGO,AVGO,AAPL,False,0.9166666666666666,0.18749998740615662,AVGO,AVGO,baseline_temporal,0.5,0.4,0.55,0.2,0.55,1,-0.006232064697527573,-0.006232064697527573,0,0.0,0.0,1198955.8435394021,-0.029990946129470397
2026-01-16T05:00:00+00:00,2026-01-20T05:00:00+00:00,2026-01-21T05:00:00+00:00,3,AVGO,AVGO,-0.02499708318749272,0.7263809731112012,0.14704700112613178,0.9040936688447836,AVGO,AVGO,AAPL,False,0.8958333459271767,0.16666666666666663,AVGO,AVGO,baseline_temporal,0.5,0.4,0.55,0.2,0.55,1,-0.02499708318749272,-0.02499708318749272,0,0.0,0.0,1168985.4445803172,-0.05423834314169307
2026-01-20T05:00:00+00:00,2026-01-21T05:00:00+00:00,2026-01-22T05:00:00+00:00,3,AVGO,AVGO,-0.00044873904328823766,0.7302558063412297,0.09262156402818407,0.9136818994469715,AVGO,AVGO,NVDA,False,0.916666683038612,0.7083333333333333,AVGO,AVGO,baseline_temporal,0.5,0.4,0.55,0.2,0.55,1,-0.00044873904328823766,-0.00044873904328823766,0,0.0,0.0,1168460.8751702984,-0.054662743322770435
2026-01-21T05:00:00+00:00,2026-01-22T05:00:00+00:00,2026-01-23T05:00:00+00:00,3,AVGO,AVGO,-0.04785705734466661,0.7383774495491093,0.0662846001106665,0.9177843026876606,AVGO,AVGO,NVDA,False,0.9375000081859727,0.6249999836280546,AVGO,AVGO,baseline_temporal,0.5,0.4,0.55,0.2,0.55,1,-0.04785705734466661,-0.04785705734466661,0,0.0,0.0,1112541.7760622741,-0.09990380262562237
2026-01-22T05:00:00+00:00,2026-01-23T05:00:00+00:00,2026-01-26T05:00:00+00:00,3,AVGO,AVGO,0.0015716845314808214,0.7375214766014847,0.10086266254942937,0.9425011686286928,AVGO,AVGO,NVDA,False,0.8958333415193059,0.687499975442082,AVGO,AVGO,baseline_temporal,0.5,0.4,0.55,0.2,0.55,1,0.0015716845314808214,0.0015716845314808214,0,0.0,0.0,1114290.3407623374,-0.0984891353553643
2026-01-23T05:00:00+00:00,2026-01-26T05:00:00+00:00,2026-01-27T05:00:00+00:00,3,AVGO,AVGO,0.031133289395223418,0.7116249715760237,0.07509223481208807,0.8849728696642252,AVGO,AVGO,NVDA,False,0.8958333578912514,0.6458333087754152,AVGO,AVGO,baseline_temporal,0.5,0.4,0.55,0.2,0.55,1,0.031133289395223418,0.031133289395223418,0,0.0,0.0,1148981.8644115934,-0.07042213671344477
2026-01-26T05:00:00+00:00,2026-01-27T05:00:00+00:00,2026-01-28T05:00:00+00:00,3,AVGO,AVGO,0.027575711459443042,0.7501285417010064,0.09977256028245032,0.8767719596338854,AVGO,AVGO,NVDA,False,0.9583333497052787,0.6458333087754152,AVGO,AVGO,baseline_temporal,0.5,0.4,0.55,0.2,0.55,1,0.027575711459443042,0.027575711459443042,0,0.0,0.0,1180665.8567767404,-0.04478836577636913
2026-01-27T05:00:00+00:00,2026-01-28T05:00:00+00:00,2026-01-29T05:00:00+00:00,3,AVGO,AVGO,-0.01857172477118585,0.7193175428925142,0.13378757345603937,0.9480496801058604,AVGO,AVGO,GOOGL,False,0.8541666613457952,0.5416666560249237,AVGO,AVGO,baseline_temporal,0.5,0.4,0.55,0.2,0.55,1,-0.01857172477118585,-0.01857172477118585,0,0.0,0.0,1158738.8554379465,-0.062528293345405
2026-01-28T05:00:00+00:00,2026-01-29T05:00:00+00:00,2026-01-30T05:00:00+00:00,3,AVGO,AVGO,-0.00036216575119196737,0.7292004603671619,0.12457451385049054,0.9351392442658955,AVGO,AVGO,AAPL,False,0.8750000106417428,0.270833317370719,AVGO,AVGO,baseline_temporal,0.5,0.4,0.55,0.2,0.55,1,-0.00036216575119196737,-0.00036216575119196737,0,0.0,0.0,1158319.1999099315,-0.06286781349026682
2026-01-29T05:00:00+00:00,2026-01-30T05:00:00+00:00,2026-02-02T05:00:00+00:00,3,AVGO,AVGO,-0.01905078195761123,0.7272222066864613,0.13134459928999795,0.9181290258990029,AVGO,AVGO,ORCL,False,0.8750000106417428,0.9583333439750762,AVGO,AVGO,baseline_temporal,0.5,0.4,0.55,0.2,0.55,1,-0.01905078195761123,-0.01905078195761123,0,0.0,0.0,1136252.3133951325,-0.08072091444092333
2026-01-30T05:00:00+00:00,2026-02-02T05:00:00+00:00,2026-02-03T05:00:00+00:00,3,AVGO,AVGO,0.032593641316056576,0.6908521725493305,0.14690225818554478,0.8889249784595517,AVGO,AVGO,AAPL,False,0.8125000159626143,0.2083333226915904,AVGO,AVGO,baseline_temporal,0.5,0.4,0.55,0.2,0.55,1,0.032593641316056576,0.032593641316056576,0,0.0,0.0,1173286.913742473,-0.05075826165685826
2026-02-02T05:00:00+00:00,2026-02-03T05:00:00+00:00,2026-02-04T05:00:00+00:00,3,AVGO,AVGO,-0.05114754098360663,0.6959847616773374,0.21055706981401184,0.8943122756363651,AVGO,AVGO,LLY,False,0.7916666773084096,0.5833333333333333,AVGO,AVGO,baseline_temporal,0.5,0.4,0.55,0.2,0.55,1,-0.05114754098360663,-0.05114754098360663,0,0.0,0.0,1113276.1732363007,-0.09930964237211404
2026-02-03T05:00:00+00:00,2026-02-04T05:00:00+00:00,2026-02-05T05:00:00+00:00,3,AVGO,AVGO,-0.016209084626499837,0.707717683388647,0.19277548891513807,0.8793285973143807,AVGO,AVGO,NVDA,False,0.8326392772440472,0.7083333333333333,AVGO,AVGO,baseline_temporal,0.5,0.4,0.55,0.2,0.55,1,-0.016209084626499837,-0.016209084626499837,0,0.0,0.0,1095230.9855316477,-0.1139090086011767
2026-02-04T05:00:00+00:00,2026-02-05T05:00:00+00:00,2026-02-06T05:00:00+00:00,3,AVGO,AVGO,0.018360048534389106,0.7565066914555998,0.19277548891513807,0.9420784737500476,AVGO,AVGO,GOOGL,False,0.8960068473556548,0.5213538754002978,AVGO,AVGO,baseline_temporal,0.5,0.4,0.55,0.2,0.55,1,0.018360048534389106,0.018360048534389106,0,0.0,0.0,1115339.4795823754,-0.09764033499320957
2026-02-05T05:00:00+00:00,2026-02-06T05:00:00+00:00,2026-02-09T05:00:00+00:00,3,AVGO,AVGO,0.03333019784905766,0.7195125467044615,0.20155168987788694,0.9334208410457534,AVGO,AVGO,GOOGL,False,0.8123264859776784,0.5630205420669645,AVGO,AVGO,baseline_temporal,0.5,0.4,0.55,0.2,0.55,1,0.03333019784905766,0.03333019784905766,0,0.0,0.0,1152513.965105721,-0.06756450882752374
2026-02-06T05:00:00+00:00,2026-02-09T05:00:00+00:00,2026-02-10T05:00:00+00:00,3,AVGO,AVGO,0.050461221021968594,0.6173386582294992,0.17727322837642068,0.9660161353333478,AVGO,AVGO,GOOGL,False,0.6460068473556548,0.49965297195535696,AVGO,AVGO,baseline_temporal,0.5,0.4,0.55,0.2,0.55,1,0.050461221021968594,0.050461221021968594,0,0.0,0.0,1210671.2270298263,-0.020512675418741577
2026-02-09T05:00:00+00:00,2026-02-10T05:00:00+00:00,2026-02-11T05:00:00+00:00,3,AVGO,AVGO,-0.0019064675467229675,0.6312614730873494,0.20334450457263584,0.9628093450675175,AVGO,AVGO,GOOGL,False,0.6666666666666667,0.47899315264434517,AVGO,AVGO,baseline_temporal,0.5,0.4,0.55,0.2,0.55,1,-0.0019064675467229675,-0.0019064675467229675,0,0.0,0.0,1208363.1216257426,-0.022380036215482235
2026-02-10T05:00:00+00:00,2026-02-11T05:00:00+00:00,2026-02-12T05:00:00+00:00,3,AVGO,AVGO,-0.008566549937776724,0.6572947444897286,0.15958679180198757,0.9197709510557,AVGO,AVGO,GOOGL,False,0.7522267614169011,0.4780532859582161,AVGO,AVGO,baseline_temporal,0.5,0.4,0.55,0.2,0.55,1,-0.008566549937776724,-0.008566549937776724,0,0.0,0.0,1198011.6186013678,-0.030754866455409924
2026-02-11T05:00:00+00:00,2026-02-12T05:00:00+00:00,2026-02-13T05:00:00+00:00,3,AVGO,AVGO,-0.040663222115188136,0.6474633528505268,0.20110021447404866,0.9343241324871708,AVGO,AVGO,GOOGL,False,0.7105600947502345,0.49777323858309885,AVGO,AVGO,baseline_temporal,0.5,0.4,0.55,0.2,0.55,1,-0.040663222115188136,-0.040663222115188136,0,0.0,0.0,1149296.6060576045,-0.0701674966047986
2026-02-12T05:00:00+00:00,2026-02-13T05:00:00+00:00,2026-02-17T05:00:00+00:00,3,AVGO,AVGO,-0.030854430379746778,0.6365535248716817,0.19790655781232583,0.9398856071915387,AVGO,AVGO,GOOGL,False,0.6886133807084507,0.49777323858309885,AVGO,AVGO,baseline_temporal,0.5,0.4,0.55,0.2,0.55,1,-0.030854430379746778,-0.030854430379746778,0,0.0,0.0,1113835.713940321,-0.09885694884563145
2026-02-13T05:00:00+00:00,2026-02-17T05:00:00+00:00,2026-02-18T05:00:00+00:00,3,AVGO,AVGO,0.030800627943485148,0.6832824127872374,0.16847011478208887,0.7837307933135431,AVGO,AVGO,GOOGL,False,0.8683197157492963,0.4780532859582161,AVGO,AVGO,baseline_temporal,0.5,0.4,0.55,0.2,0.55,1,0.030800627943485148,0.030800627943485148,0,0.0,0.0,1148142.5533555627,-0.07110117700316887
2026-02-17T05:00:00+00:00,2026-02-18T05:00:00+00:00,2026-02-19T05:00:00+00:00,3,AVGO,AVGO,0.010599738052450514,0.6536639490669357,0.17537255195895565,0.98650222062922,AVGO,AVGO,GOOGL,False,0.7083333333333333,0.5,AVGO,AVGO,baseline_temporal,0.5,0.4,0.55,0.2,0.55,1,0.010599738052450514,0.010599738052450514,0,0.0,0.0,1160312.5636680035,-0.061255092802172784
2026-02-18T05:00:00+00:00,2026-02-19T05:00:00+00:00,2026-02-20T05:00:00+00:00,3,AVGO,AVGO,-0.0019590704963984296,0.6591440762042821,0.17536251637445047,0.9134029838607804,AVGO,AVGO,SPY,False,0.7482638408254263,0.125,AVGO,AVGO,baseline_temporal,0.5,0.4,0.55,0.2,0.55,1,-0.0019590704963984296,-0.0019590704963984296,0,0.0,0.0,1158039.4295579211,-0.06309416025350834
2026-02-19T05:00:00+00:00,2026-02-20T05:00:00+00:00,2026-02-23T05:00:00+00:00,3,AVGO,AVGO,-0.00033218578244853525,0.6700812550796239,0.16665913359222176,0.9682020990926065,AVGO,AVGO,GOOGL,False,0.7499999999999999,0.46180565168248067,AVGO,AVGO,baseline_temporal,0.5,0.4,0.55,0.2,0.55,1,-0.00033218578244853525,-0.00033218578244853525,0,0.0,0.0,1157654.7453239071,-0.06340538705296517
2026-02-20T05:00:00+00:00,2026-02-23T05:00:00+00:00,2026-02-24T05:00:00+00:00,3,AVGO,AVGO,-0.029211853910521612,0.6229591614128485,0.15984489158084556,0.8330368514743928,AVGO,AVGO,ORCL,False,0.7248262687302326,0.9366319204127131,AVGO,AVGO,baseline_temporal,0.5,0.4,0.55,0.2,0.55,1,-0.029211853910521612,-0.029211853910521612,0,0.0,0.0,1123837.504024683,-0.09076505205975549
2026-02-23T05:00:00+00:00,2026-02-24T05:00:00+00:00,2026-02-25T05:00:00+00:00,3,AVGO,AVGO,0.025423201394074946,0.642526232080883,0.1684483409946977,0.8905022524925439,AVGO,AVGO,ORCL,False,0.7265624279048063,0.8949652537460465,AVGO,AVGO,baseline_temporal,0.5,0.4,0.55,0.2,0.55,1,0.025423201394074946,0.025423201394074946,0,0.0,0.0,1152409.0512237172,-0.06764938886373928
2026-02-24T05:00:00+00:00,2026-02-25T05:00:00+00:00,2026-02-26T05:00:00+00:00,3,AVGO,AVGO,-0.012836464054865937,0.6497063203519738,0.218719071152292,0.7961120040205589,AVGO,AVGO,ORCL,False,0.744791522476279,0.9565971741587597,AVGO,AVGO,baseline_temporal,0.5,0.4,0.55,0.2,0.55,1,-0.012836464054865937,-0.012836464054865937,0,0.0,0.0,1137616.1938611816,-0.07961747397012231
2026-02-25T05:00:00+00:00,2026-02-26T05:00:00+00:00,2026-02-27T05:00:00+00:00,3,ORCL,ORCL,-0.03303100040611884,0.7825862651312347,0.0,0.9899552658418346,ORCL,ORCL,AVGO,False,1.0,0.8518692994206977,AVGO,ORCL,baseline_temporal,0.5,0.4,0.55,0.2,0.55,1,-0.03303100040611884,-0.03303100040611884,2,0.0,0.0,1100039.5928997456,-0.1100186295611999
2026-02-26T05:00:00+00:00,2026-02-27T05:00:00+00:00,2026-03-02T05:00:00+00:00,3,ORCL,ORCL,-0.01567968640627193,0.7771841257385375,0.0,0.9855837425646459,ORCL,AVGO,ORCL,False,1.0,1.0,ORCL,ORCL,baseline_temporal,0.5,0.4,0.55,0.2,0.55,1,-0.01567968640627193,-0.01567968640627193,0,0.0,0.0,1082791.3170485946,-0.12397325835710438
2026-02-27T05:00:00+00:00,2026-03-02T05:00:00+00:00,2026-03-03T05:00:00+00:00,3,ORCL,ORCL,0.02204522827478317,0.7635958242599966,0.0,0.9532101346373316,ORCL,ORCL,AVGO,False,0.9784008775846771,0.9367342109180102,ORCL,ORCL,baseline_temporal,0.5,0.4,0.55,0.2,0.55,1,0.02204522827478317,0.02204522827478317,0,0.0,0.0,1106661.6988068838,-0.10466104886277239
2026-03-02T05:00:00+00:00,2026-03-03T05:00:00+00:00,2026-03-04T05:00:00+00:00,3,AVGO,AVGO,0.008561808561808437,0.7482038009569728,0.17723228308653366,0.9222419228910462,AVGO,AVGO,GOOGL,False,0.9151350885026873,0.35493245574865634,ORCL,AVGO,baseline_temporal,0.5,0.4,0.55,0.2,0.55,1,0.008561808561808437,0.008561808561808437,2,0.0,0.0,1116136.7244147542,-0.09699532816520495
2026-03-03T05:00:00+00:00,2026-03-04T05:00:00+00:00,2026-03-05T05:00:00+00:00,3,AVGO,AVGO,0.04591122981050488,0.7371281758293565,0.1878727602117034,0.9427889943220009,AVGO,AVGO,GOOGL,False,0.8534008775846769,0.3333333333333333,AVGO,AVGO,baseline_temporal,0.5,0.4,0.55,0.2,0.55,1,0.04591122981050488,0.04591122981050488,0,0.0,0.0,1167379.934069304,-0.055537273156638145
2026-03-04T05:00:00+00:00,2026-03-05T05:00:00+00:00,2026-03-06T05:00:00+00:00,3,AVGO,AVGO,-0.005714980544747061,0.7051377868570925,0.1884557675884993,0.8559927122836556,AVGO,AVGO,GOOGL,False,0.8299397267442846,0.31165159835273787,AVGO,AVGO,baseline_temporal,0.5,0.4,0.55,0.2,0.55,1,-0.005714980544747061,-0.005714980544747061,0,0.0,0.0,1160708.3804577698,-0.06093485926578679
2026-03-05T05:00:00+00:00,2026-03-06T05:00:00+00:00,2026-03-09T04:00:00+00:00,3,AVGO,AVGO,-0.003149076678488405,0.6543044495070957,0.17760518074978482,0.8565681371527973,AVGO,AVGO,SPY,False,0.77337853827512,0.19004520494178662,AVGO,AVGO,baseline_temporal,0.5,0.4,0.55,0.2,0.55,1,-0.003149076678488405,-0.003149076678488405,0,0.0,0.0,1157053.2207663443,-0.06389204740005416
2026-03-06T05:00:00+00:00,2026-03-09T04:00:00+00:00,2026-03-10T04:00:00+00:00,3,AVGO,AVGO,0.06563410519858914,0.7435989058025969,0.17760518074978482,0.899597849504125,SPY,SPY,AVGO,True,0.16666666666666666,0.9566365300388091,AVGO,AVGO,baseline_temporal,0.5,0.4,0.55,0.2,0.55,1,0.06563410519858914,0.06563410519858914,0,0.0,0.0,1232995.3735784888,-0.0024514395618735474
2026-03-09T04:00:00+00:00,2026-03-10T04:00:00+00:00,2026-03-11T04:00:00+00:00,3,SPY,SPY,-0.00020768123896686141,0.46834229989789855,0.8115164885445943,0.9547866827691227,SPY,NVDA,SPY,False,0.1883484016472622,0.1883484016472622,AVGO,SPY,baseline_temporal,0.5,0.4,0.55,0.2,0.55,1,-0.00020768123896686141,-0.00020768123896686141,2,0.0,0.0,1232739.3035716638,-0.002658611682834877
2026-03-10T04:00:00+00:00,2026-03-11T04:00:00+00:00,2026-03-12T04:00:00+00:00,3,NVDA,NVDA,-0.009962841294630764,0.610587581884578,0.4405380179133797,0.9130742640747531,NVDA,NVDA,SPY,False,0.581636530038809,0.10501506831392889,SPY,NVDA,baseline_temporal,0.5,0.4,0.55,0.2,0.55,1,-0.009962841294630764,-0.009962841294630764,2,0.0,0.0,1220457.7175325258,-0.012594965651205436
2026-03-11T04:00:00+00:00,2026-03-12T04:00:00+00:00,2026-03-13T04:00:00+00:00,3,NVDA,NVDA,0.0046779808529155975,0.6227905880522764,0.4858015592927988,0.8657048240736103,NVDA,NVDA,V,False,0.6046322204119333,0.2703677795880668,NVDA,NVDA,baseline_temporal,0.5,0.4,0.55,0.2,0.55,1,0.0046779808529155975,0.0046779808529155975,0,0.0,0.0,1226166.9953669359,-0.007975903806449414
2026-03-12T04:00:00+00:00,2026-03-13T04:00:00+00:00,2026-03-16T04:00:00+00:00,3,NVDA,NVDA,-0.010503519220357305,0.6286097382967182,0.5353120099279531,0.9467311282507539,NVDA,NVDA,V,False,0.5626551845817556,0.2083333333333334,NVDA,NVDA,baseline_temporal,0.5,0.4,0.55,0.2,0.55,1,-0.010503519220357305,-0.010503519220357305,0,0.0,0.0,1213287.9267637315,-0.01839564796787585
2026-03-13T04:00:00+00:00,2026-03-16T04:00:00+00:00,2026-03-17T04:00:00+00:00,3,NVDA,NVDA,0.011381046180783505,0.6505428956106406,0.4785701013148362,0.9427017684138335,NVDA,NVDA,V,False,0.6043218512484223,0.22870111292140008,NVDA,NVDA,baseline_temporal,0.5,0.4,0.55,0.2,0.55,1,0.011381046180783505,0.011381046180783505,0,0.0,0.0,1227096.4126888167,-0.007223963506140185
2026-03-16T04:00:00+00:00,2026-03-17T04:00:00+00:00,2026-03-18T04:00:00+00:00,3,NVDA,NVDA,-0.013903916901103597,0.6152198569395187,0.4421460284851085,0.9488670191490747,NVDA,NVDA,SPY,False,0.5626551845817556,0.10401148208491116,NVDA,NVDA,baseline_temporal,0.5,0.4,0.55,0.2,0.55,1,-0.013903916901103597,-0.013903916901103597,0,0.0,0.0,1210034.966137149,-0.021027439018957872
2026-03-17T04:00:00+00:00,2026-03-18T04:00:00+00:00,2026-03-19T04:00:00+00:00,3,LLY,LLY,-0.011890709435678604,0.7473033988002986,0.2791861352011213,0.9167723035776103,LLY,LLY,V,False,0.875310369163511,0.1456781487515778,NVDA,LLY,baseline_temporal,0.5,0.4,0.55,0.2,0.55,1,-0.011890709435678604,-0.011890709435678604,2,0.0,0.0,1195646.791947801,-0.03266811728708563
2026-03-18T04:00:00+00:00,2026-03-19T04:00:00+00:00,2026-03-20T04:00:00+00:00,3,LLY,LLY,-0.003770152230855972,0.7397273780566739,0.2797645548371217,0.9648090707970371,LLY,LLY,V,False,0.8333333333333334,0.3339333412543715,LLY,LLY,baseline_temporal,0.5,0.4,0.55,0.2,0.55,1,-0.003770152230855972,-0.003770152230855972,0,0.0,0.0,1191139.021527823,-0.036315105742673826
2026-03-19T04:00:00+00:00,2026-03-20T04:00:00+00:00,2026-03-23T04:00:00+00:00,3,LLY,LLY,0.003223357792714987,0.792686203473494,0.34207230379304215,0.9582539297037278,LLY,LLY,V,False,0.8961333372938525,0.25120001584207646,LLY,LLY,baseline_temporal,0.5,0.4,0.55,0.2,0.55,1,0.003223357792714987,0.003223357792714987,0,0.0,0.0,1194978.488775072,-0.03320880452904762
2026-03-20T04:00:00+00:00,2026-03-23T04:00:00+00:00,2026-03-24T04:00:00+00:00,3,LLY,LLY,-0.007105886481270196,0.7729659103880817,0.3453040073201704,0.9661012155596949,LLY,LLY,V,False,0.8538666627061475,0.23066668646926228,LLY,LLY,baseline_temporal,0.5,0.4,0.55,0.2,0.55,1,-0.007105886481270196,-0.007105886481270196,0,0.0,0.0,1186487.1072862763,-0.040078713015155754
2026-03-23T04:00:00+00:00,2026-03-24T04:00:00+00:00,2026-03-25T04:00:00+00:00,3,LLY,LLY,0.006052306061141488,0.7726072524080917,0.3722096246421875,0.9185410432279415,LLY,LLY,V,False,0.8743999920789618,0.23066668646926228,LLY,LLY,baseline_temporal,0.5,0.4,0.55,0.2,0.55,1,0.006052306061141488,0.006052306061141488,0,0.0,0.0,1193668.0903971712,-0.03426897559171871
2026-03-24T04:00:00+00:00,2026-03-25T04:00:00+00:00,2026-03-26T04:00:00+00:00,3,LLY,LLY,-0.00012075703684188976,0.7677189955143847,0.41365350462030354,0.9564565214825562,LLY,LLY,AAPL,False,0.8121999960394808,0.22946667062718581,LLY,LLY,baseline_temporal,0.5,0.4,0.55,0.2,0.55,1,-0.00012075703684188976,-0.00012075703684188976,0,0.0,0.0,1193523.946575602,-0.03438559440861266
2026-03-25T04:00:00+00:00,2026-03-26T04:00:00+00:00,2026-03-27T04:00:00+00:00,3,LLY,LLY,-0.01795105455583479,0.7049298303564248,0.42587297445413563,0.9713126406416949,LLY,LLY,AAPL,False,0.6666666666666667,0.22938833909581277,LLY,LLY,baseline_temporal,0.5,0.4,0.55,0.2,0.55,1,-0.01795105455583479,-0.01795105455583479,0,0.0,0.0,1172098.933096928,-0.05171939128328373
2026-03-26T04:00:00+00:00,2026-03-27T04:00:00+00:00,2026-03-30T04:00:00+00:00,3,LLY,LLY,-0.008396127272320753,0.6369366824060068,0.44540764173790137,0.8401378402941373,LLY,LLY,AAPL,False,0.5824466436167491,0.20877667819162546,LLY,LLY,baseline_temporal,0.5,0.4,0.55,0.2,0.55,1,-0.008396127272320753,-0.008396127272320753,0,0.0,0.0,1162257.841278895,-0.059681275963942904
2026-03-27T04:00:00+00:00,2026-03-30T04:00:00+00:00,2026-03-31T04:00:00+00:00,3,LLY,LLY,0.0056372963526691855,0.792518351313278,0.5011784480945723,0.9477230419397531,LLY,LLY,NFLX,False,0.8127216724291461,0.35438833909581274,LLY,LLY,baseline_temporal,0.5,0.4,0.55,0.2,0.55,1,0.0056372963526691855,0.0056372963526691855,0,0.0,0.0,1168809.8331683977,-0.0543804206505879
2026-03-30T04:00:00+00:00,2026-03-31T04:00:00+00:00,2026-04-01T04:00:00+00:00,3,LLY,LLY,0.03737877683726665,0.7809526831476157,0.5109193688711736,0.8502708873034341,LLY,LLY,NFLX,False,0.8342200230499177,0.4162233218083746,LLY,LLY,baseline_temporal,0.5,0.4,0.55,0.2,0.55,1,0.03737877683726665,0.03737877683726665,0,0.0,0.0,1212498.515087602,-0.01903431742113637
2026-03-31T04:00:00+00:00,2026-04-01T04:00:00+00:00,2026-04-02T04:00:00+00:00,3,LLY,LLY,0.019550627370878315,0.6458979675958304,0.5166469927013012,0.8774176976807575,LLY,LLY,NFLX,False,0.5201683160458952,0.4162233218083746,LLY,LLY,baseline_temporal,0.5,0.4,0.55,0.2,0.55,1,0.019550627370878315,0.019550627370878315,0,0.0,0.0,1236203.621743823,0.0
2026-04-01T04:00:00+00:00,2026-04-02T04:00:00+00:00,2026-04-06T04:00:00+00:00,3,LLY,LLY,-0.013716635926137921,0.6318219740339497,0.4687967079455431,0.776431812410622,LLY,LLY,NVDA,False,0.645042603354161,0.625,LLY,LLY,baseline_temporal,0.5,0.4,0.55,0.2,0.55,1,-0.013716635926137921,-0.013716635926137921,0,0.0,0.0,1219247.0667337899,-0.013716635926137921
2026-04-02T04:00:00+00:00,2026-04-06T04:00:00+00:00,2026-04-07T04:00:00+00:00,3,LLY,LLY,-0.008092945273204144,0.743110129468824,0.45495784400232214,0.933339848443406,LLY,LLY,NVDA,False,0.7709914793291678,0.6033759366874942,LLY,LLY,baseline_temporal,0.5,0.4,0.55,0.2,0.55,1,-0.008092945273204144,-0.008092945273204144,0,0.0,0.0,1209379.7669481984,-0.021698573215459427
2026-04-06T04:00:00+00:00,2026-04-07T04:00:00+00:00,2026-04-08T04:00:00+00:00,3,LLY,LLY,0.01840916232352008,0.759588261955064,0.45885673887426925,0.931659592342343,LLY,LLY,NVDA,False,0.7706751873374988,0.4790085206708322,LLY,LLY,baseline_temporal,0.5,0.4,0.55,0.2,0.55,1,0.01840916232352008,0.01840916232352008,0,0.0,0.0,1231643.4353887287,-0.0036888634484515403
2026-04-07T04:00:00+00:00,2026-04-08T04:00:00+00:00,2026-04-09T04:00:00+00:00,3,LLY,LLY,0.007383764230237233,0.8008695997100792,0.40891643304818387,0.9575664873858143,LLY,LLY,NVDA,False,0.875,0.5209914793291679,LLY,LLY,baseline_temporal,0.5,0.4,0.55,0.2,0.55,1,0.007383764230237233,0.007383764230237233,0,0.0,0.0,1240737.6001313587,0.0
2026-04-08T04:00:00+00:00,2026-04-09T04:00:00+00:00,2026-04-10T04:00:00+00:00,3,LLY,LLY,0.016042837226986517,0.6598412679489575,0.48902544545769705,0.9163321168611522,LLY,LLY,XOM,False,0.6040085206708321,0.7910340826833286,LLY,LLY,baseline_temporal,0.5,0.4,0.55,0.2,0.55,1,0.016042837226986517,0.016042837226986517,0,0.0,0.0,1260642.551491668,0.0
2026-04-09T04:00:00+00:00,2026-04-10T04:00:00+00:00,2026-04-13T04:00:00+00:00,3,XOM,XOM,0.0015032679738562482,0.6616674440702165,0.2083283598647161,0.9581270899628698,XOM,XOM,LLY,False,0.7290569108307436,0.6247804883281539,LLY,XOM,baseline_temporal,0.5,0.4,0.55,0.2,0.55,1,0.0015032679738562482,0.0015032679738562482,2,0.0,0.0,1262537.6350658059,0.0
2026-04-10T04:00:00+00:00,2026-04-13T04:00:00+00:00,2026-04-14T04:00:00+00:00,3,XOM,XOM,-0.027279253409906556,0.696606901130502,0.20335015551115718,0.9577093105662113,XOM,LLY,XOM,False,0.7916666666666666,0.7916666666666666,XOM,XOM,baseline_temporal,0.5,0.4,0.55,0.2,0.55,1,-0.027279253409906556,-0.027279253409906556,0,0.0,0.0,1228096.5509793016,-0.027279253409906556
2026-04-13T04:00:00+00:00,2026-04-14T04:00:00+00:00,2026-04-15T04:00:00+00:00,3,LLY,LLY,-0.0016244138573331401,0.7324995219589677,0.3622565575908963,0.9739372410472094,LLY,LLY,NVDA,False,0.7500000000000001,0.2292764225025897,XOM,LLY,baseline_temporal,0.5,0.4,0.55,0.2,0.55,1,-0.0016244138573331401,-0.0016244138573331401,2,0.0,0.0,1226101.6139237478,-0.028859354469983
2026-04-14T04:00:00+00:00,2026-04-15T04:00:00+00:00,2026-04-16T04:00:00+00:00,3,LLY,LLY,-0.01281036109815481,0.7551627762531923,0.3790214059139452,0.9658349682065199,LLY,LLY,XOM,False,0.7916666666666666,0.8540569108307436,LLY,LLY,baseline_temporal,0.5,0.4,0.55,0.2,0.55,1,-0.01281036109815481,-0.01281036109815481,0,0.0,0.0,1210394.8095063542,-0.041300016816317675
2026-04-15T04:00:00+00:00,2026-04-16T04:00:00+00:00,2026-04-17T04:00:00+00:00,3,LLY,LLY,0.006724535765300521,0.8418384066497308,0.31218977822085264,0.9913065342223991,LLY,LLY,XOM,False,1.0,0.7914471549948205,LLY,LLY,baseline_temporal,0.5,0.4,0.55,0.2,0.55,1,0.006724535765300521,0.006724535765300521,0,0.0,0.0,1218534.152693014,-0.03485320449120588
2026-04-16T04:00:00+00:00,2026-04-17T04:00:00+00:00,2026-04-20T04:00:00+00:00,3,LLY,LLY,0.009921197965554018,0.8036387742823485,0.3253669343344158,0.9582258227923883,LLY,LLY,XOM,False,0.9166666666666664,0.6874253739748517,LLY,LLY,baseline_temporal,0.5,0.4,0.55,0.2,0.55,1,0.009921197965554018,0.009921197965554018,0,0.0,0.0,1230623.4712496698,-0.02527779206714309
2026-04-17T04:00:00+00:00,2026-04-20T04:00:00+00:00,2026-04-21T04:00:00+00:00,3,LLY,LLY,-0.018015583966454418,0.7261469456733933,0.39343163873351183,0.758847963726388,LLY,LLY,XOM,False,0.8128731301257416,0.8957587073081849,LLY,LLY,baseline_temporal,0.5,0.4,0.55,0.2,0.55,1,-0.018015583966454418,-0.018015583966454418,0,0.0,0.0,1208453.0707722816,-0.042837981848125484
2026-04-20T04:00:00+00:00,2026-04-21T04:00:00+00:00,2026-04-22T04:00:00+00:00,3,LLY,LLY,-0.004182074308857198,0.7456680152825824,0.4093798129596259,0.9490164281001252,LLY,LLY,XOM,False,0.7499999999999999,0.8125746260251483,LLY,LLY,baseline_temporal,0.5,0.4,0.55,0.2,0.55,1,-0.004182074308857198,-0.004182074308857198,0,0.0,0.0,1203399.2302315454,-0.046840904533652195
2026-04-21T04:00:00+00:00,2026-04-22T04:00:00+00:00,2026-04-23T04:00:00+00:00,3,LLY,LLY,0.02547411697095625,0.8364346020461876,0.3602149057548896,0.9418602979896342,LLY,LLY,XOM,False,0.9790920406415182,0.8125746260251483,LLY,LLY,baseline_temporal,0.5,0.4,0.55,0.2,0.55,1,0.02547411697095625,0.02547411697095625,0,0.0,0.0,1234054.7629852225,-0.022560018243811597
2026-04-22T04:00:00+00:00,2026-04-23T04:00:00+00:00,2026-04-24T04:00:00+00:00,3,LLY,LLY,-0.03171712164157381,0.7211450598964311,0.3775025370965193,0.8332151500446714,LLY,LLY,XOM,False,0.7710572114087784,0.8751492520502967,LLY,LLY,baseline_temporal,0.5,0.4,0.55,0.2,0.55,1,-0.03171712164157381,-0.03171712164157381,0,0.0,0.0,1194914.0979552565,-0.05356160104251051
2026-04-23T04:00:00+00:00,2026-04-24T04:00:00+00:00,2026-04-27T04:00:00+00:00,3,LLY,LLY,-0.024308260801816473,0.685640609474989,0.4009339075371171,0.9493645766044441,LLY,LLY,XOM,False,0.6454126179494785,0.7483171384645805,LLY,LLY,baseline_temporal,0.5,0.4,0.55,0.2,0.55,1,-0.024308260801816473,-0.024308260801816473,0,0.0,0.0,1165867.814426393,-0.07656787247722263
2026-04-24T04:00:00+00:00,2026-04-27T04:00:00+00:00,2026-04-28T04:00:00+00:00,3,LLY,LLY,-0.007095434737970918,0.8445104618387196,0.3371590422805837,0.9581558640313865,LLY,LLY,XOM,False,1.0,0.5841747641010432,LLY,LLY,baseline_temporal,0.5,0.4,0.55,0.2,0.55,1,-0.007095434737970918,-0.007095434737970918,0,0.0,0.0,1157595.4754360297,-0.08312002487300618
2026-04-27T04:00:00+00:00,2026-04-28T04:00:00+00:00,2026-04-29T04:00:00+00:00,3,LLY,LLY,-0.0067210477941176405,0.8459100828953842,0.3449716557788794,0.9498314612623976,LLY,LLY,AMD,False,1.0,0.897095479484898,LLY,LLY,baseline_temporal,0.5,0.4,0.55,0.2,0.55,1,-0.0067210477941176405,-0.0067210477941176405,0,0.0,0.0,1149815.2209193697,-0.08928241900730416
2026-04-28T04:00:00+00:00,2026-04-29T04:00:00+00:00,2026-04-30T04:00:00+00:00,3,LLY,LLY,0.03781157827771686,0.83149596238125,0.3547777215526977,0.9166591222650496,LLY,LLY,AMD,False,0.9795873820505215,0.9379207153838549,LLY,LLY,baseline_temporal,0.5,0.4,0.55,0.2,0.55,1,0.03781157827771686,0.03781157827771686,0,0.0,0.0,1193291.5491500727,-0.05484674990470595
2026-04-29T04:00:00+00:00,2026-04-30T04:00:00+00:00,2026-05-01T04:00:00+00:00,3,LLY,LLY,0.055815612322232644,0.8402142540903907,0.32313977707216995,0.9664461072061388,LLY,LLY,AMD,False,1.0,0.8545873820505216,LLY,LLY,baseline_temporal,0.5,0.4,0.55,0.2,0.55,1,0.055815612322232644,0.055815612322232644,0,0.0,0.0,1259895.8476448297,-0.0020924425122887946
2026-04-30T04:00:00+00:00,2026-05-01T04:00:00+00:00,2026-05-04T04:00:00+00:00,3,LLY,LLY,0.011643372883502812,0.6288983137764304,0.39987047923253544,0.8500214830130395,LLY,LLY,AMD,False,0.6433990265757217,0.8349562045050745,LLY,LLY,baseline_temporal,0.5,0.4,0.55,0.2,0.55,1,0.011643372883502812,0.011643372883502812,0,0.0,0.0,1274565.2847933352,0.0
2026-05-01T04:00:00+00:00,2026-05-04T04:00:00+00:00,2026-05-05T04:00:00+00:00,3,LLY,LLY,0.012375436948922625,0.6033551015734927,0.4570328949448787,0.8334224739843576,LLY,LLY,COST,False,0.5865790756768156,0.10335523108079615,LLY,LLY,baseline_temporal,0.5,0.4,0.55,0.2,0.55,1,0.012375436948922625,0.012375436948922625,0,0.0,0.0,1290338.587112581,0.0
2026-05-04T04:00:00+00:00,2026-05-05T04:00:00+00:00,2026-05-06T04:00:00+00:00,3,LLY,LLY,0.020036899228002225,0.6162213261526449,0.46619908888044265,0.8998533615025645,LLY,LLY,COST,False,0.5849562045050744,0.14339902657572176,LLY,LLY,baseline_temporal,0.5,0.4,0.55,0.2,0.55,1,0.020036899228002225,0.020036899228002225,0,0.0,0.0,1316192.9713525584,0.0
2026-05-05T04:00:00+00:00,2026-05-06T04:00:00+00:00,2026-05-07T04:00:00+00:00,3,COST,COST,-0.017609190848766998,0.46681483744836705,0.936732142585946,0.9749777414594177,COST,COST,LLY,False,0.08333333333333337,0.4567104621615922,LLY,COST,baseline_temporal,0.5,0.4,0.55,0.2,0.55,1,-0.017609190848766998,-0.017609190848766998,2,0.0,0.0,1293015.8781262054,-0.017609190848766998
2026-05-06T04:00:00+00:00,2026-05-07T04:00:00+00:00,2026-05-08T04:00:00+00:00,3,COST,COST,0.018358335349625055,0.5080479196462636,0.9190658401403975,0.9500140362129361,COST,LLY,COST,False,0.18668856441412945,0.18668856441412945,COST,COST,baseline_temporal,0.5,0.4,0.55,0.2,0.55,1,0.018358335349625055,0.018358335349625055,0,0.0,0.0,1316753.4972292362,0.0
2026-05-07T04:00:00+00:00,2026-05-08T04:00:00+00:00,2026-05-11T04:00:00+00:00,3,LLY,LLY,-0.02574043603455367,0.5560037892809945,0.4899470412365261,0.9832594139478893,LLY,LLY,COST,False,0.41666666666666663,0.125,COST,LLY,baseline_temporal,0.5,0.4,0.55,0.2,0.55,1,-0.02574043603455367,-0.02574043603455367,2,0.0,0.0,1282859.688060532,-0.025740436034553782
2026-05-08T04:00:00+00:00,2026-05-11T04:00:00+00:00,2026-05-12T04:00:00+00:00,3,LLY,LLY,0.026811066426000396,0.6949723173045761,0.49362770753812774,0.9080227230547757,LLY,LLY,COST,False,0.7278445247188252,0.14451119138549184,LLY,LLY,baseline_temporal,0.5,0.4,0.55,0.2,0.55,1,0.026811066426000396,0.026811066426000396,0,0.0,0.0,1317254.524372361,0.0
2026-05-11T04:00:00+00:00,2026-05-12T04:00:00+00:00,2026-05-13T04:00:00+00:00,3,LLY,LLY,0.020837402469237265,0.6688806601962242,0.4899470412365261,0.9329691320505895,LLY,LLY,COST,False,0.6861778580521587,0.20568904943765043,LLY,LLY,baseline_temporal,0.5,0.4,0.55,0.2,0.55,1,0.020837402469237265,0.020837402469237265,0,0.0,0.0,1344702.6870511316,0.0
2026-05-12T04:00:00+00:00,2026-05-13T04:00:00+00:00,2026-05-14T04:00:00+00:00,3,LLY,LLY,0.022859099331346222,0.6108317855484662,0.5051367165803612,0.8914162999711743,LLY,LLY,AMZN,False,0.6002002408231424,0.41666666666666663,LLY,LLY,baseline_temporal,0.5,0.4,0.55,0.2,0.55,1,0.022859099331346222,0.022859099331346222,0,0.0,0.0,1375441.3793455618,0.0
2026-05-13T04:00:00+00:00,2026-05-14T04:00:00+00:00,2026-05-15T04:00:00+00:00,3,LLY,LLY,-0.008624254238289275,0.6198865997949231,0.5215605910204292,0.9164891785193245,LLY,LLY,AMZN,False,0.5638221419478414,0.39186690748980907,LLY,LLY,baseline_temporal,0.5,0.4,0.55,0.2,0.55,1,-0.008624254238289275,-0.008624254238289275,0,0.0,0.0,1363579.2232002222,-0.008624254238289386
2026-05-14T04:00:00+00:00,2026-05-15T04:00:00+00:00,2026-05-18T04:00:00+00:00,3,LLY,LLY,-0.006325845597727864,0.6167323354363747,0.46538203329122807,0.9830989511097583,LLY,LLY,NVDA,False,0.5833333333333333,0.5889194146698021,LLY,LLY,baseline_temporal,0.5,0.4,0.55,0.2,0.55,1,-0.006325845597727864,-0.006325845597727864,0,0.0,0.0,1354953.431573988,-0.014895544135310357
2026-05-15T04:00:00+00:00,2026-05-18T04:00:00+00:00,2026-05-19T04:00:00+00:00,3,LLY,LLY,-0.01109323312779209,0.5092908893430631,0.494752360527238,0.9499890004762367,LLY,LLY,AMZN,False,0.3527701463325496,0.4749771056643152,LLY,LLY,baseline_temporal,0.5,0.4,0.55,0.2,0.55,1,-0.01109323312779209,-0.01109323312779209,0,0.0,0.0,1339922.6172802357,-0.025823537519444106
2026-05-18T04:00:00+00:00,2026-05-19T04:00:00+00:00,2026-05-20T04:00:00+00:00,3,LLY,LLY,0.03585613081222028,0.5453462059538644,0.4767857374512954,0.9166035716957641,LLY,LLY,AMZN,False,0.455540292665099,0.39164377233098185,LLY,LLY,baseline_temporal,0.5,0.4,0.55,0.2,0.55,1,0.03585613081222028,0.03585613081222028,0,0.0,0.0,1387967.0579236883,0.0
2026-05-19T04:00:00+00:00,2026-05-20T04:00:00+00:00,2026-05-21T04:00:00+00:00,3,AVGO,AVGO,0.0017954192546583148,0.7939950809958487,0.30264651926628783,0.900092382073191,LLY,LLY,AVGO,True,0.37500000000000006,0.9416895610023516,LLY,AVGO,baseline_temporal,0.5,0.4,0.55,0.2,0.55,1,0.0017954192546583148,0.0017954192546583148,2,0.0,0.0,1390459.0407043162,0.0
2026-05-20T04:00:00+00:00,2026-05-21T04:00:00+00:00,2026-05-22T04:00:00+00:00,3,LLY,LLY,0.02490481304305381,0.5100464444670649,0.5149266920537197,0.7751368823957674,LLY,LLY,AMZN,False,0.3888507316627474,0.5194368129992162,AVGO,LLY,baseline_temporal,0.5,0.4,0.55,0.2,0.55,1,0.02490481304305381,0.02490481304305381,2,0.0,0.0,1425088.1631570812,0.0
2026-05-21T04:00:00+00:00,2026-05-22T04:00:00+00:00,2026-05-26T04:00:00+00:00,3,NVDA,NVDA,-0.019759800589168375,0.7052540839667026,0.41523753457979584,0.8833529761308676,LLY,LLY,NVDA,True,0.33095214999007644,0.7476188166567431,LLY,NVDA,baseline_temporal,0.5,0.4,0.55,0.2,0.55,1,-0.019759800589168375,-0.019759800589168375,2,0.0,0.0,1396928.7052311131,-0.019759800589168375
2026-05-22T04:00:00+00:00,2026-05-26T04:00:00+00:00,2026-05-27T04:00:00+00:00,3,NVDA,NVDA,-0.011188681862314476,0.675376372812561,0.32295394039700825,0.8833428788753672,LLY,LLY,NVDA,True,0.4095231166368959,0.7059521499900765,NVDA,NVDA,baseline_temporal,0.5,0.4,0.55,0.2,0.55,1,-0.011188681862314476,-0.011188681862314476,0,0.0,0.0,1381298.9143639472,-0.03072739632902788
2026-05-26T04:00:00+00:00,2026-05-27T04:00:00+00:00,2026-05-28T04:00:00+00:00,3,NVDA,NVDA,-0.013279094777201128,0.7394304733891719,0.37583469494655103,0.8084334937847231,LLY,LLY,NVDA,True,0.3678564499702292,0.8482137083085244,NVDA,NVDA,baseline_temporal,0.5,0.4,0.55,0.2,0.55,1,-0.013279094777201128,-0.013279094777201128,0,0.0,0.0,1362956.5151644633,-0.04359845909811921
2026-05-27T04:00:00+00:00,2026-05-28T04:00:00+00:00,2026-05-29T04:00:00+00:00,3,NVDA,NVDA,0.015637587072928172,0.7428135704085373,0.37020025756229685,0.7834525196092981,LLY,LLY,NVDA,True,0.267261558318448,0.8678564499702293,NVDA,NVDA,baseline_temporal,0.5,0.4,0.55,0.2,0.55,1,0.015637587072928172,0.015637587072928172,0,0.0,0.0,1384269.8663469623,-0.028642646725583476
2026-05-28T04:00:00+00:00,2026-05-29T04:00:00+00:00,2026-06-01T04:00:00+00:00,3,NVDA,NVDA,0.005365557784724473,0.71460563194081,0.3749332105695038,0.7917688546681998,NVDA,NVDA,LLY,False,0.8065470416418576,0.6398803749751911,NVDA,NVDA,baseline_temporal,0.5,0.4,0.55,0.2,0.55,1,0.005365557784724473,0.005365557784724473,0,0.0,0.0,1391697.2463044997,-0.02343077271697258
2026-05-29T04:00:00+00:00,2026-06-01T04:00:00+00:00,2026-06-02T04:00:00+00:00,3,NVDA,NVDA,0.053090774085762016,0.6879037552524504,0.32662835622532965,0.8916764294133268,NVDA,NVDA,LLY,False,0.7486167614200541,0.6048582859566395,NVDA,NVDA,baseline_temporal,0.5,0.4,0.55,0.2,0.55,1,0.053090774085762016,0.053090774085762016,0,0.0,0.0,1465583.530403829,0.0
2026-06-01T04:00:00+00:00,2026-06-02T04:00:00+00:00,2026-06-03T04:00:00+00:00,3,NVDA,NVDA,-0.024061343204653585,0.6826260331894222,0.3783354730526601,0.866696546318686,NVDA,NVDA,CRM,False,0.7270918087967478,0.7729081912032522,NVDA,NVDA,baseline_temporal,0.5,0.4,0.55,0.2,0.55,1,-0.024061343204653585,-0.024061343204653585,0,0.0,0.0,1430319.6220836944,-0.024061343204653696
2026-06-02T04:00:00+00:00,2026-06-03T04:00:00+00:00,2026-06-04T04:00:00+00:00,3,NVDA,NVDA,-0.034114512778831374,0.6968945681554319,0.33870085039586734,0.9000258078666932,NVDA,NVDA,GOOGL,False,0.7486167614200541,0.7243253316368561,NVDA,NVDA,baseline_temporal,0.5,0.4,0.55,0.2,0.55,1,-0.034114512778831374,-0.034114512778831374,0,0.0,0.0,1381524.965058307,-0.05735501498325413
2026-06-03T04:00:00+00:00,2026-06-04T04:00:00+00:00,2026-06-05T04:00:00+00:00,3,NVDA,NVDA,0.002921857834085273,0.6868590247825802,0.34874125665708394,0.725085912125109,NVDA,NVDA,GOOGL,False,0.8076586649701896,0.7041836175934957,NVDA,NVDA,baseline_temporal,0.5,0.4,0.55,0.2,0.55,1,0.002921857834085273,0.002921857834085273,0,0.0,0.0,1385561.5846004467,-0.05460074034902185
2026-06-04T04:00:00+00:00,2026-06-05T04:00:00+00:00,2026-06-08T04:00:00+00:00,3,NVDA,NVDA,-0.02027688435183883,0.6992088964479255,0.34874125665708394,0.8916497333025704,NVDA,NVDA,GOOGL,False,0.7270918087967478,0.6396087597235769,NVDA,NVDA,baseline_temporal,0.5,0.4,0.55,0.2,0.55,1,-0.02027688435183883,-0.02027688435183883,0,0.0,0.0,1357466.712587153,-0.07377049180327866
2026-06-05T04:00:00+00:00,2026-06-08T04:00:00+00:00,2026-06-09T04:00:00+00:00,3,AVGO,AVGO,-0.0024876859545250873,0.7264770755849741,0.13503116121824504,0.9249786035853129,AVGO,AVGO,GOOGL,False,0.9173721720998541,0.662433634067542,NVDA,AVGO,baseline_temporal,0.5,0.4,0.55,0.2,0.55,1,-0.0024876859545250873,-0.0024876859545250873,2,0.0,0.0,1354089.7617125148,-0.07607465994148621
2026-06-08T04:00:00+00:00,2026-06-09T04:00:00+00:00,2026-06-10T04:00:00+00:00,3,AVGO,AVGO,-0.05010224948875264,0.7709004623511618,0.14536462941730133,0.933306952148883,AVGO,AVGO,NVDA,False,0.9795194193832604,0.7281084085168855,AVGO,AVGO,baseline_temporal,0.5,0.4,0.55,0.2,0.55,1,-0.05010224948875264,-0.05010224948875264,0,0.0,0.0,1286246.8186410288,-0.12236539783807843
2026-06-09T04:00:00+00:00,2026-06-10T04:00:00+00:00,2026-06-11T04:00:00+00:00,3,AVGO,AVGO,-0.02273622305652545,0.725787890308067,0.13188471694911902,0.9749796317705326,AVGO,AVGO,GOOGL,False,0.8750000000000001,0.5805113116005836,AVGO,AVGO,baseline_temporal,0.5,0.4,0.55,0.2,0.55,1,-0.02273622305652545,-0.02273622305652545,0,0.0,0.0,1257002.4240666602,-0.1423194939149569
2026-06-10T04:00:00+00:00,2026-06-11T04:00:00+00:00,2026-06-12T04:00:00+00:00,3,CRM,CRM,-0.020978189813989467,0.6024241170710772,0.15663550544842159,0.9499885182075732,CRM,CRM,GOOGL,False,0.625,0.5812168170337709,AVGO,CRM,baseline_temporal,0.5,0.4,0.55,0.2,0.55,1,-0.020978189813989467,-0.020978189813989467,2,0.0,0.0,1230632.7886179448,-0.16031207837136752
2026-06-11T04:00:00+00:00,2026-06-12T04:00:00+00:00,2026-06-15T04:00:00+00:00,3,CRM,CRM,0.007830520820687026,0.5963257327819043,0.12593743684388561,0.8666659177645124,CRM,CRM,GOOGL,False,0.6461860860499271,0.6228834837004377,CRM,CRM,baseline_temporal,0.5,0.4,0.55,0.2,0.55,1,0.007830520820687026,0.007830520820687026,0,0.0,0.0,1240269.2842918378,-0.15373688461817503
2026-06-12T04:00:00+00:00,2026-06-15T04:00:00+00:00,2026-06-16T04:00:00+00:00,3,CRM,CRM,-0.011895440583027161,0.6080594689375016,0.13664751709082235,0.908286275248471,CRM,CRM,NVDA,False,0.625,0.6746032650186498,CRM,CRM,baseline_temporal,0.5,0.4,0.55,0.2,0.55,1,-0.011895440583027161,-0.011895440583027161,0,0.0,0.0,1225515.7347135907,-0.163803557224807
2026-06-15T04:00:00+00:00,2026-06-16T04:00:00+00:00,2026-06-17T04:00:00+00:00,3,CRM,CRM,-0.023193441223979816,0.6910953890998945,0.12840860881687746,0.9083291774360991,CRM,CRM,NVDA,False,0.8111772336080028,0.6081349658426582,CRM,CRM,baseline_temporal,0.5,0.4,0.55,0.2,0.55,1,-0.023193441223979816,-0.023193441223979816,0,0.0,0.0,1197091.8075514485,-0.18319783027201453
2026-06-16T04:00:00+00:00,2026-06-17T04:00:00+00:00,2026-06-18T04:00:00+00:00,3,CRM,CRM,-0.046926677067082756,0.701692471703696,0.14650844139183292,0.8583791742234157,CRM,CRM,NVDA,False,0.830687800549339,0.6276455327839944,CRM,CRM,baseline_temporal,0.5,0.4,0.55,0.2,0.55,1,-0.046926677067082756,-0.046926677067082756,0,0.0,0.0,1140916.2668788314,-0.22152764191853214
2026-06-17T04:00:00+00:00,2026-06-18T04:00:00+00:00,2026-06-22T04:00:00+00:00,3,CRM,CRM,-0.016827080468801103,0.7384800527541289,0.11513905690734773,0.9499904710107516,CRM,CRM,NVDA,False,0.8750000000000001,0.5,CRM,CRM,baseline_temporal,0.5,0.4,0.55,0.2,0.55,1,-0.016827080468801103,-0.016827080468801103,0,0.0,0.0,1121717.9770478972,-0.23462705893070634
2026-06-18T04:00:00+00:00,2026-06-22T04:00:00+00:00,2026-06-23T04:00:00+00:00,3,CRM,CRM,0.009922749067661218,0.753212567607743,0.11173044809047027,0.9332912105438689,CRM,CRM,NFLX,False,0.936177233608003,0.8829365983519832,CRM,CRM,baseline_temporal,0.5,0.4,0.55,0.2,0.55,1,0.009922749067661218,0.009922749067661218,0,0.0,0.0,1132848.503058828,-0.22703245529329785
2026-06-22T04:00:00+00:00,2026-06-23T04:00:00+00:00,2026-06-24T04:00:00+00:00,3,CRM,CRM,0.0010550609957138413,0.6612265399394848,0.1152576174473285,0.834293456270616,CRM,CRM,NVDA,False,0.7889777460725177,0.4798388968152039,CRM,CRM,baseline_temporal,0.5,0.4,0.55,0.2,0.55,1,0.0010550609957138413,0.0010550609957138413,0,0.0,0.0,1134043.727328458,-0.22621692738592514
2026-06-23T04:00:00+00:00,2026-06-24T04:00:00+00:00,2026-06-25T04:00:00+00:00,3,CRM,CRM,-0.01185692642118441,0.7158087390786374,0.1290723515688473,0.8999852223369266,CRM,CRM,AVGO,False,0.8763444602970745,0.8306444127391844,CRM,CRM,baseline_temporal,0.5,0.4,0.55,0.2,0.55,1,-0.01185692642118441,-0.01185692642118441,0,0.0,0.0,1120597.454295119,-0.23539161634386818
2026-06-24T04:00:00+00:00,2026-06-25T04:00:00+00:00,2026-06-26T04:00:00+00:00,3,AVGO,AVGO,-0.04171247494017982,0.6654900640826485,0.22639308999758376,0.7672903217745439,AVGO,AVGO,CRM,False,0.8091388492573138,0.6922056110397606,CRM,AVGO,baseline_temporal,0.5,0.4,0.55,0.2,0.55,1,-0.04171247494017982,-0.04171247494017982,2,0.0,0.0,1073854.5610648044,-0.267285324386176
2026-06-25T04:00:00+00:00,2026-06-26T04:00:00+00:00,2026-06-29T04:00:00+00:00,3,AVGO,AVGO,0.008543663112430933,0.7629903392722301,0.23613547255025524,0.907724725263241,AVGO,CRM,AVGO,False,0.9368277698514628,0.9368277698514628,AVGO,AVGO,baseline_temporal,0.5,0.4,0.55,0.2,0.55,1,0.008543663112430933,0.008543663112430933,0,0.0,0.0,1083029.2126662896,-0.2610252570401973
2026-06-26T04:00:00+00:00,2026-06-29T04:00:00+00:00,2026-06-30T04:00:00+00:00,3,AVGO,AVGO,0.0031449486771142343,0.6365179380458801,0.17211423334838072,0.6922870265204168,AVGO,AVGO,NVDA,False,0.8077943889602395,0.5201611031847962,AVGO,AVGO,baseline_temporal,0.5,0.4,0.55,0.2,0.55,1,0.0031449486771142343,0.0031449486771142343,0,0.0,0.0,1086435.2839559405,-0.2587012193999051
2026-06-29T04:00:00+00:00,2026-06-30T04:00:00+00:00,2026-07-01T04:00:00+00:00,3,AVGO,AVGO,-0.007791029643266945,0.7543002430048367,0.22609418694826278,0.8331327474705073,AVGO,AVGO,NVDA,False,0.9359801521229851,0.7063068694973137,AVGO,AVGO,baseline_temporal,0.5,0.4,0.55,0.2,0.55,1,-0.007791029643266945,-0.007791029643266945,0,0.0,0.0,1077970.8344531485,-0.2644767001740781
2026-06-30T04:00:00+00:00,2026-07-01T04:00:00+00:00,2026-07-02T04:00:00+00:00,3,AVGO,AVGO,-0.01652459192728639,0.7362754625809371,0.24581304221157788,0.9081229981534984,AVGO,AVGO,NVDA,False,0.8536600507076618,0.48068651454368144,AVGO,AVGO,baseline_temporal,0.5,0.4,0.55,0.2,0.55,1,-0.01652459192728639,-0.01652459192728639,0,0.0,0.0,1060157.806304294,-0.2766309225567126
2026-07-01T04:00:00+00:00,2026-07-02T04:00:00+00:00,2026-07-06T04:00:00+00:00,3,AVGO,AVGO,0.021559915236858185,0.6012534640419533,0.19415146296109098,0.7427541268707494,AVGO,AVGO,NVDA,False,0.7256203549536321,0.5813068694973136,AVGO,AVGO,baseline_temporal,0.5,0.4,0.55,0.2,0.55,1,0.021559915236858185,0.021559915236858185,0,0.0,0.0,1083014.718745908,-0.26103514656207105
2026-07-02T04:00:00+00:00,2026-07-06T04:00:00+00:00,2026-07-07T04:00:00+00:00,3,AVGO,AVGO,-0.018883327534059635,0.5677985461267778,0.2003474893044379,0.874802432641021,AVGO,AVGO,ADI,False,0.602646818789652,0.9369933840409951,AVGO,AVGO,baseline_temporal,0.5,0.4,0.55,0.2,0.55,1,-0.018883327534059635,-0.018883327534059635,0,0.0,0.0,1062563.7970876216,-0.2749892619256977
2026-07-06T04:00:00+00:00,2026-07-07T04:00:00+00:00,2026-07-08T04:00:00+00:00,3,AVGO,AVGO,0.02991365552236358,0.682298982371506,0.20800380104769042,0.957707466360743,AVGO,AVGO,NVDA,False,0.7703267173743283,0.539640202830647,AVGO,AVGO,baseline_temporal,0.5,0.4,0.55,0.2,0.55,1,0.02991365552236358,0.02991365552236358,0,0.0,0.0,1094348.9644842353,-0.25330154045692854
2026-07-07T04:00:00+00:00,2026-07-08T04:00:00+00:00,2026-07-09T04:00:00+00:00,3,NVDA,NVDA,0.047545855108105384,0.6207263760438156,0.4935848776434978,0.8594169659761529,NVDA,NVDA,AVGO,False,0.5819704774720678,0.7295073806319831,AVGO,NVDA,baseline_temporal,0.5,0.4,0.55,0.2,0.55,1,0.047545855108105384,0.047545855108105384,2,0.0,0.0,1146380.7217873079,-0.21779912369004817
2026-07-08T04:00:00+00:00,2026-07-09T04:00:00+00:00,2026-07-10T04:00:00+00:00,3,NVDA,NVDA,-0.012031693240731722,0.5681127257851949,0.4559883153866191,0.9412612747259941,NVDA,AVGO,NVDA,False,0.47882595270135025,0.47882595270135025,NVDA,NVDA,baseline_temporal,0.5,0.4,0.55,0.2,0.55,1,-0.012031693240731722,-0.012031693240731722,0,0.0,0.0,1132587.8206056743,-0.2272103246864411
2026-07-09T04:00:00+00:00,2026-07-10T04:00:00+00:00,2026-07-13T04:00:00+00:00,3,NVDA,NVDA,0.032376237623762405,0.6242220028581579,0.4599983521425191,0.9084684965957628,NVDA,NVDA,COST,False,0.5621592860346836,0.29166666666666663,NVDA,NVDA,baseline_temporal,0.5,0.4,0.55,0.2,0.55,1,0.032376237623762405,0.032376237623762405,0,0.0,0.0,1169256.753015383,-0.20219030252529913
2026-07-10T04:00:00+00:00,2026-07-13T04:00:00+00:00,2026-07-14T04:00:00+00:00,3,ORCL,ORCL,-0.050564626339638985,0.7542207285417655,0.04751545949245962,0.9498667859820147,COST,COST,ORCL,True,0.27117404729864975,0.9378407139653164,NVDA,ORCL,baseline_temporal,0.5,0.4,0.55,0.2,0.55,1,-0.050564626339638985,-0.050564626339638985,2,0.0,0.0,1110133.7222040605,-0.24253125176824775
2026-07-13T04:00:00+00:00,2026-07-14T04:00:00+00:00,2026-07-15T04:00:00+00:00,3,COST,COST,-0.003945995303939465,0.5457957821570988,0.8504721795172439,0.8915236616599008,COST,AVGO,NVDA,False,0.3135221418959493,0.5416666666666667,ORCL,COST,baseline_temporal,0.5,0.4,0.55,0.2,0.55,1,-0.003945995303939465,-0.003945995303939465,2,0.0,0.0,1105753.1397494986,-0.24552021989165107
2026-07-14T04:00:00+00:00,2026-07-15T04:00:00+00:00,2026-07-16T04:00:00+00:00,3,AVGO,AVGO,-0.029172662778661262,0.7036046244981073,0.24580745417300434,0.9661330914041698,AVGO,AVGO,ORCL,False,0.7916666666666666,1.0,COST,AVGO,baseline_temporal,0.5,0.4,0.55,0.2,0.55,1,-0.029172662778661262,-0.029172662778661262,2,0.0,0.0,1073495.3762871404,-0.26753040409007056
2026-07-15T04:00:00+00:00,2026-07-16T04:00:00+00:00,2026-07-17T04:00:00+00:00,3,AVGO,AVGO,-0.048084049566359366,0.709735931366598,0.24362130020706532,0.9497321094227194,AVGO,NVDA,ORCL,False,0.8127587728358375,0.9789078938308292,AVGO,AVGO,baseline_temporal,0.5,0.4,0.55,0.2,0.55,1,-0.048084049566359366,-0.048084049566359366,0,0.0,0.0,1021877.3714044921,-0.30275050844565476
2026-07-16T04:00:00+00:00,2026-07-17T04:00:00+00:00,2026-07-20T04:00:00+00:00,3,AVGO,AVGO,0.03473616631834875,0.7093496696584197,0.21389919624754009,0.9000018849853488,AVGO,AVGO,ORCL,False,0.8328157876616584,0.9161491209949918,AVGO,AVGO,baseline_temporal,0.5,0.4,0.55,0.2,0.55,1,0.03473616631834875,0.03473616631834875,0,0.0,0.0,1057373.4737345555,-0.27853073414163887
2026-07-17T04:00:00+00:00,2026-07-20T04:00:00+00:00,2026-07-21T04:00:00+00:00,3,AVGO,AVGO,0.03023022494455585,0.6466702273939285,0.21389919624754009,0.8669374747898884,AVGO,AVGO,ORCL,False,0.7283903481591544,0.9372412271641625,AVGO,AVGO,baseline_temporal,0.5,0.4,0.55,0.2,0.55,1,0.03023022494455585,0.03023022494455585,0,0.0,0.0,1089338.1116959576,-0.256720555944157
2026-07-20T04:00:00+00:00,2026-07-21T04:00:00+00:00,2026-07-22T04:00:00+00:00,3,NVDA,NVDA,-0.008359834248819475,0.6082480057931363,0.4261761819327713,0.9497356687820915,NVDA,NVDA,AVGO,False,0.5622412271641626,0.8533903481591543,AVGO,NVDA,baseline_temporal,0.5,0.4,0.55,0.2,0.55,1,-0.008359834248819475,-0.008359834248819475,2,0.0,0.0,1080231.4256412573,-0.26293424889701866
2026-07-21T04:00:00+00:00,2026-07-22T04:00:00+00:00,2026-07-23T04:00:00+00:00,3,NVDA,NVDA,0.017735234809650002,0.5591978728630667,0.4499175979781868,0.9168944230446081,NVDA,AVGO,ADI,False,0.45947557653692817,0.5844755765369283,NVDA,NVDA,baseline_temporal,0.5,0.4,0.55,0.2,0.55,1,0.017735234809650002,0.017735234809650002,0,0.0,0.0,1099389.583623768,-0.2498622147310562
2026-07-22T04:00:00+00:00,2026-07-23T04:00:00+00:00,2026-07-24T04:00:00+00:00,3,COST,COST,0.006495908774373227,0.54874657032652,0.9166666666666665,0.9252275250904317,COST,COST,NVDA,False,0.25114224320359485,0.47973778826846414,NVDA,COST,baseline_temporal,0.5,0.4,0.55,0.2,0.55,1,0.006495908774373227,0.006495908774373227,2,0.0,0.0,1106531.1180664843,-0.2449893881097387
2026-07-23T04:00:00+00:00,2026-07-24T04:00:00+00:00,2026-07-27T04:00:00+00:00,3,COST,COST,0.014162009059361491,0.5264214630526671,0.9259040411146406,0.9168943214503462,COST,AVGO,NVDA,False,0.20947557653692817,0.45947557653692817,COST,COST,baseline_temporal,0.5,0.4,0.55,0.2,0.55,1,0.014162009059361491,0.014162009059361491,0,0.0,0.0,1122201.8217850071,-0.23429692098423482
2026-07-24T04:00:00+00:00,2026-07-27T04:00:00+00:00,2026-07-28T04:00:00+00:00,3,AVGO,AVGO,-0.039647012044174756,0.7799082853065646,0.2822430087509979,0.9330452677249836,AVGO,AVGO,NVDA,False,0.9369288783982026,0.41666666666666663,COST,AVGO,baseline_temporal,0.5,0.4,0.55,0.2,0.55,1,-0.039647012044174756,-0.039647012044174756,2,0.0,0.0,1077709.8726407022,-0.2646547601802345
2026-07-27T04:00:00+00:00,2026-07-28T04:00:00+00:00,2026-07-29T04:00:00+00:00,3,AVGO,AVGO,0.01676194037824552,0.7093553414902141,0.3148572333987749,0.9084518540040365,AVGO,AVGO,ORCL,False,0.7905244234630718,0.9797377882684641,AVGO,AVGO,baseline_temporal,0.5,0.4,0.55,0.2,0.55,1,0.01676194037824552,0.01676194037824552,0,0.0,0.0,1095774.3812709523,-0.25232894711294884
2026-07-28T04:00:00+00:00,2026-07-29T04:00:00+00:00,2026-07-30T04:00:00+00:00,3,AVGO,AVGO,-0.0007487488013450116,0.7604563600569936,0.27356875333563935,0.9415906918241627,AVGO,AVGO,ADI,False,0.875,0.7061777757486977,AVGO,AVGO,baseline_temporal,0.5,0.4,0.55,0.2,0.55,1,-0.0007487488013450116,-0.0007487488013450116,0,0.0,0.0,1094953.921516431,-0.2528887649175985
2026-07-29T04:00:00+00:00,2026-07-30T04:00:00+00:00,2026-07-31T04:00:00+00:00,3,ADEA,ADEA,0.10559265442403998,0.7947355353655613,0.051344296579994446,0.9665910620447424,ADEA,ADEA,AVGO,False,1.0,0.6461925929307727,AVGO,ADEA,baseline_temporal,0.5,0.4,0.55,0.2,0.55,1,0.10559265442403998,0.10559265442403998,2,0.0,0.0,1210573.012561363,-0.17399930645522477
2026-07-30T04:00:00+00:00,2026-07-31T04:00:00+00:00,2026-08-03T04:00:00+00:00,3,ADEA,ADEA,-0.02634956587391457,0.7963664250707045,0.046572344228425884,0.9916665823660554,ADEA,AVGO,ADI,False,1.0,0.75,ADEA,ADEA,baseline_temporal,0.5,0.4,0.55,0.2,0.55,1,-0.02634956587391457,-0.02634956587391457,0,0.0,0.0,1178674.9392216941,-0.19576406614168185
2026-07-31T04:00:00+00:00,2026-08-03T04:00:00+00:00,2026-08-04T04:00:00+00:00,3,AVGO,AVGO,0.04829541759342382,0.7630280000093962,0.2919492478880931,0.81662989616311,AVGO,AVGO,NVDA,False,0.9364222212076821,0.5416666666666667,ADEA,AVGO,baseline_temporal,0.5,0.4,0.55,0.2,0.55,1,0.04829541759342382,0.04829541759342382,2,0.0,0.0,1235599.5376183093,-0.15692315587235728
2026-08-03T04:00:00+00:00,2026-08-04T04:00:00+00:00,2026-08-05T04:00:00+00:00,3,AVGO,AVGO,0.046479886840211426,0.6845446229841725,0.30589723015368037,0.8917061753068215,AVGO,AMZN,AVGO,False,0.729525926264106,0.729525926264106,AVGO,AVGO,baseline_temporal,0.5,0.4,0.55,0.2,0.55,1,0.046479886840211426,0.046479886840211426,0,0.0,0.0,1293030.0643066259,-0.11773703955970183
2026-08-04T04:00:00+00:00,2026-08-05T04:00:00+00:00,2026-08-06T04:00:00+00:00,3,AMZN,AMZN,-0.031339891331368275,0.5502137387530446,0.46216839277981564,0.7916931465337249,AMZN,AMZN,NVDA,False,0.47844213510461514,0.4382245315620516,AVGO,AMZN,baseline_temporal,0.5,0.4,0.55,0.2,0.55,1,-0.031339891331368275,-0.031339891331368275,2,0.0,0.0,1252506.642603064,-0.14538706486559216
2026-08-05T04:00:00+00:00,2026-08-06T04:00:00+00:00,2026-08-07T04:00:00+00:00,3,ADI,ADI,0.030592938041305917,0.7797944238966619,0.36084809962224784,0.9749508903293589,AMZN,AMZN,ADI,True,0.47989119822871823,0.8750000000000001,AMZN,ADI,baseline_temporal,0.5,0.4,0.55,0.2,0.55,1,0.030592938041305917,0.030592938041305917,2,0.0,0.0,1290824.5007165435,-0.11924194429172663
2026-08-06T04:00:00+00:00,2026-08-07T04:00:00+00:00,2026-08-10T04:00:00+00:00,3,AMZN,AMZN,0.00417781361087699,0.5886545381001167,0.5233535328346597,0.8083578549503223,AMZN,AMZN,NVDA,False,0.5215578648953849,0.3127415105206839,ADI,AMZN,baseline_temporal,0.5,0.4,0.55,0.2,0.55,1,0.00417781361087699,0.00417781361087699,2,0.0,0.0,1296217.3248848908,-0.11556230129869893
2026-08-07T04:00:00+00:00,2026-08-10T04:00:00+00:00,2026-08-11T04:00:00+00:00,3,AMZN,AMZN,0.01707966862523258,0.6002143931051039,0.5795165205834061,0.8000245764123863,AMZN,AMZN,MSFT,False,0.5215578648953849,0.7298911982287183,AMZN,AMZN,baseline_temporal,0.5,0.4,0.55,0.2,0.55,1,0.01707966862523258,0.01707966862523258,0,0.0,0.0,1318356.2872602101,-0.10045639848521737
