timestamp,strategy_equity,drawdown,selected_asset,gate_reason
2020-07-24T04:00:00+00:00,9457.104124975793,0.0,AMZN,baseline_temporal
2020-07-27T04:00:00+00:00,9883.157962688012,0.0,AMZN,baseline_temporal
2020-07-28T04:00:00+00:00,9857.982054095928,-0.0025473546701499927,AMZN,baseline_temporal
2020-07-29T04:00:00+00:00,9783.099864437418,-0.010124101894186555,AMZN,baseline_temporal
2020-07-30T04:00:00+00:00,9728.229294429022,-0.015676028739386116,AMZN,baseline_temporal
2020-07-31T04:00:00+00:00,10470.595829836677,0.0,AMZN,baseline_temporal
2020-08-03T04:00:00+00:00,10265.960880511264,-0.0195437731196052,AMZN,baseline_temporal
2020-08-04T04:00:00+00:00,10009.683041766186,-0.04401972872996285,AMZN,baseline_temporal
2020-08-05T04:00:00+00:00,10147.182234846037,-0.030887792848335316,AMZN,baseline_temporal
2020-08-06T04:00:00+00:00,10310.502872635723,-0.01528976572133156,AMZN,baseline_temporal
2020-08-07T04:00:00+00:00,10406.042218062099,-0.006165228113440113,AMZN,baseline_temporal
2020-08-10T04:00:00+00:00,10233.038538506229,-0.022688039457459674,AMZN,baseline_temporal
2020-08-11T04:00:00+00:00,10048.415208830931,-0.04032059186189896,AMZN,baseline_temporal
2020-08-12T04:00:00+00:00,10031.631269769541,-0.04192355117139335,AMZN,baseline_temporal
2020-08-13T04:00:00+00:00,10273.70731392421,-0.018803945745992867,AMZN,baseline_temporal
2020-08-14T04:00:00+00:00,10258.214447098311,-0.020283600493218423,AMZN,baseline_temporal
2020-08-17T04:00:00+00:00,10242.076044154664,-0.021824907521578618,AMZN,baseline_temporal
2020-08-18T04:00:00+00:00,10367.310050997346,-0.00986436498150467,AMZN,baseline_temporal
2020-08-19T04:00:00+00:00,10661.028984571682,0.0,AMZN,baseline_temporal
2020-08-20T04:00:00+00:00,10496.417274546504,-0.015440508628519756,AMZN,baseline_temporal
2020-08-21T04:00:00+00:00,10635.207539861849,-0.0024220405691796065,AMZN,baseline_temporal
2020-08-24T04:00:00+00:00,10684.268284810527,0.0,AMZN,baseline_temporal
2020-08-25T04:00:00+00:00,10635.207539861849,-0.004591867560872265,AMZN,baseline_temporal
2020-08-26T04:00:00+00:00,10816.603188948415,0.0,AMZN,baseline_temporal
2020-08-27T04:00:00+00:00,11135.498031114834,0.0,AMZN,baseline_temporal
2020-08-28T04:00:00+00:00,11048.350655219152,-0.00782608695652176,AMZN,baseline_temporal
2020-08-31T04:00:00+00:00,11003.163126976948,-0.011884057971014439,AMZN,baseline_temporal
2020-09-01T04:00:00+00:00,11263.3141824285,0.0,AMZN,baseline_temporal
2020-09-02T04:00:00+00:00,11448.583048221539,0.0,AMZN,baseline_temporal
2020-09-03T04:00:00+00:00,11248.466851720344,-0.017479560191711374,AMZN,baseline_temporal
2020-09-04T04:00:00+00:00,10709.444193402613,-0.06456160135325628,AMZN,baseline_temporal
2020-09-08T04:00:00+00:00,10147.827770963777,-0.11361714124612354,AMZN,baseline_temporal
2020-09-09T04:00:00+00:00,10338.260925698785,-0.09698336622497883,AMZN,baseline_temporal
2020-09-10T04:00:00+00:00,10674.585243044341,-0.06760642796729621,AMZN,baseline_temporal
2020-09-11T04:00:00+00:00,10358.301235843026,-0.09523290417567276,ADEA,baseline_temporal
2020-09-14T04:00:00+00:00,10397.83673674319,-0.0917795946496257,ADEA,baseline_temporal
2020-09-15T04:00:00+00:00,10486.791613768559,-0.08400964821601986,ADEA,baseline_temporal
2020-09-16T04:00:00+00:00,10644.933617369214,-0.07019641011183186,ADEA,baseline_temporal
2020-09-17T04:00:00+00:00,10073.18686836083,-0.12013680418507056,AMZN,baseline_temporal
2020-09-18T04:00:00+00:00,10148.839541238987,-0.11352876609341256,AMZN,baseline_temporal
2020-09-21T04:00:00+00:00,9729.067630667258,-0.15019460577013466,AMZN,baseline_temporal
2020-09-22T04:00:00+00:00,9955.454101880876,-0.13042041447850705,META,baseline_temporal
2020-09-23T04:00:00+00:00,10032.369995778323,-0.12370203775245492,META,baseline_temporal
2020-09-24T04:00:00+00:00,9573.898017378762,-0.16374821433766829,AMZN,baseline_temporal
2020-09-25T04:00:00+00:00,9821.460025350476,-0.1421244022965642,AMZN,baseline_temporal
2020-09-28T04:00:00+00:00,10029.22167973289,-0.12397703388360692,ADEA,baseline_temporal
2020-09-29T04:00:00+00:00,9982.003121918704,-0.1281014357956427,ADEA,baseline_temporal
2020-09-30T04:00:00+00:00,10066.996525984237,-0.12067751235397828,ADEA,baseline_temporal
2020-10-01T04:00:00+00:00,10010.334256607217,-0.12562679464842108,ADEA,baseline_temporal
2020-10-02T04:00:00+00:00,9698.691775033594,-0.15284784726785716,ADEA,baseline_temporal
2020-10-05T04:00:00+00:00,9793.128890661963,-0.14459904344378582,ADEA,baseline_temporal
2020-10-06T04:00:00+00:00,10133.102506924097,-0.11490334967712823,ADEA,baseline_temporal
2020-10-07T04:00:00+00:00,10037.054141929555,-0.1232928913863498,AMZN,baseline_temporal
2020-10-08T04:00:00+00:00,10325.199236913179,-0.0981242662586852,AMZN,baseline_temporal
2020-10-09T04:00:00+00:00,10277.175054415908,-0.10231903711329604,AMZN,baseline_temporal
2020-10-12T04:00:00+00:00,10725.400757723766,-0.06316784247026219,AMZN,baseline_temporal
2020-10-13T04:00:00+00:00,11103.19099336896,-0.03016897841399091,AMZN,baseline_temporal
2020-10-14T04:00:00+00:00,11035.957137872783,-0.036041657610445865,AMZN,baseline_temporal
2020-10-15T04:00:00+00:00,10539.707252067654,-0.07938762310809044,AMZN,baseline_temporal
2020-10-16T04:00:00+00:00,10767.662038321367,-0.05947644411820452,AMZN,baseline_temporal
2020-10-19T04:00:00+00:00,10564.039504532939,-0.07726227254175422,AMZN,baseline_temporal
2020-10-20T04:00:00+00:00,10316.234722847024,-0.09890729015154565,AMZN,baseline_temporal
2020-10-21T04:00:00+00:00,10285.49924604877,-0.10159194349849665,AMZN,baseline_temporal
2020-10-22T04:00:00+00:00,10212.502488652919,-0.107967995197505,AMZN,baseline_temporal
2020-10-23T04:00:00+00:00,10216.344423252702,-0.107632413529136,AMZN,baseline_temporal
2020-10-26T04:00:00+00:00,10201.084760185855,-0.10896530014074313,NVDA,baseline_temporal
2020-10-27T04:00:00+00:00,10109.526781784785,-0.11696261981038492,NVDA,baseline_temporal
2020-10-28T04:00:00+00:00,10025.598634917138,-0.12429349617422325,NVDA,baseline_temporal
2020-10-29T04:00:00+00:00,9750.924699713929,-0.14828545518314862,NVDA,baseline_temporal
2020-10-30T04:00:00+00:00,9758.55453124735,-0.14761901187734527,NVDA,baseline_temporal
2020-11-02T05:00:00+00:00,9613.587732112323,-0.16028143468761147,NVDA,baseline_temporal
2020-11-03T05:00:00+00:00,9651.736889779435,-0.15694921815859408,NVDA,baseline_temporal
2020-11-04T05:00:00+00:00,10170.565434052163,-0.11163107336395717,NVDA,baseline_temporal
2020-11-05T05:00:00+00:00,10758.062462125696,-0.06031493881708894,NVDA,baseline_temporal
2020-11-06T05:00:00+00:00,10708.160606126678,-0.06467371892016638,AMZN,baseline_temporal
2020-11-09T05:00:00+00:00,10469.668619014496,-0.08550529136084761,AMZN,baseline_temporal
2020-11-10T05:00:00+00:00,10028.976903698504,-0.12399841434906322,AMZN,baseline_temporal
2020-11-11T05:00:00+00:00,9921.396279077246,-0.13339526496089238,AMZN,baseline_temporal
2020-11-12T05:00:00+00:00,10239.60162057747,-0.10560096586204837,AMZN,baseline_temporal
2020-11-13T05:00:00+00:00,10354.053203519841,-0.09560395728375537,NVDA,baseline_temporal
2020-11-16T05:00:00+00:00,10010.698454692729,-0.12559498301863437,NVDA,baseline_temporal
2020-11-17T05:00:00+00:00,10293.01235928391,-0.10093569519217827,NVDA,baseline_temporal
2020-11-18T05:00:00+00:00,10231.971515047979,-0.10626743310060127,NVDA,baseline_temporal
2020-11-19T05:00:00+00:00,10041.218876810693,-0.12292911406442297,NVDA,baseline_temporal
2020-11-20T05:00:00+00:00,10224.341409518487,-0.10693390033915418,NVDA,baseline_temporal
2020-11-23T05:00:00+00:00,10003.068349163235,-0.1262614502571875,NVDA,baseline_temporal
2020-11-24T05:00:00+00:00,9987.808138104252,-0.1275943847342933,NVDA,baseline_temporal
2020-11-25T05:00:00+00:00,9903.876977279848,-0.13492552435837468,NVDA,baseline_temporal
2020-11-27T05:00:00+00:00,10163.300565282556,-0.11226563824757707,NVDA,baseline_temporal
2020-11-30T05:00:00+00:00,10079.369404458152,-0.11959677787165857,NVDA,baseline_temporal
2020-12-01T05:00:00+00:00,10247.23172610696,-0.10493449862349569,NVDA,baseline_temporal
2020-12-02T05:00:00+00:00,10140.410248694081,-0.11426503996323578,NVDA,baseline_temporal
2020-12-03T05:00:00+00:00,10323.532781401875,-0.09826982623796687,NVDA,baseline_temporal
2020-12-04T05:00:00+00:00,10216.711303988994,-0.10760036757770719,NVDA,baseline_temporal
2020-12-07T05:00:00+00:00,10338.792992460856,-0.09693689176086129,NVDA,baseline_temporal
2020-12-08T05:00:00+00:00,10323.532781401875,-0.09826982623796687,NVDA,baseline_temporal
2020-12-09T05:00:00+00:00,10352.290960723285,-0.09575788400019991,AMZN,baseline_temporal
2020-12-10T05:00:00+00:00,10094.774536799745,-0.11825118494747688,AMZN,baseline_temporal
2020-12-11T05:00:00+00:00,10173.516927882427,-0.11137326907343215,NVDA,baseline_temporal
2020-12-14T05:00:00+00:00,10268.007797181644,-0.10311977002457862,NVDA,baseline_temporal
2020-12-15T05:00:00+00:00,10543.606165971029,-0.07904706446542242,NVDA,baseline_temporal
2020-12-16T05:00:00+00:00,10527.857687754491,-0.08042264764023144,NVDA,baseline_temporal
2020-12-17T05:00:00+00:00,10480.612253104884,-0.08454939716465804,NVDA,baseline_temporal
2020-12-18T05:00:00+00:00,10496.36073132142,-0.08317381398984924,NVDA,baseline_temporal
2020-12-21T05:00:00+00:00,10252.259318965107,-0.10449535319938763,NVDA,baseline_temporal
2020-12-22T05:00:00+00:00,10449.115296671811,-0.08730056351427595,NVDA,baseline_temporal
2020-12-23T05:00:00+00:00,10393.995622913933,-0.09211510462610728,NVDA,baseline_temporal
2020-12-24T05:00:00+00:00,10220.762362532036,-0.10724651954900544,NVDA,baseline_temporal
2020-12-28T05:00:00+00:00,10244.385079856842,-0.1051831447867918,NVDA,baseline_temporal
2020-12-29T05:00:00+00:00,10134.145732341087,-0.11481222701045446,NVDA,baseline_temporal
2020-12-30T05:00:00+00:00,10302.948504717484,-0.1000678021619471,TSLA,baseline_temporal
2020-12-31T05:00:00+00:00,10732.084708061298,-0.06258401910021028,TSLA,baseline_temporal
2021-01-04T05:00:00+00:00,11030.594242863157,-0.03651009068963462,TSLA,baseline_temporal
2021-01-05T05:00:00+00:00,11094.98767101764,-0.03088551445314691,TSLA,baseline_temporal
2021-01-06T05:00:00+00:00,11628.993171641612,0.0,TSLA,baseline_temporal
2021-01-07T05:00:00+00:00,11922.443222802758,0.0,TSLA,baseline_temporal
2021-01-08T05:00:00+00:00,13123.840610942138,0.0,TSLA,baseline_temporal
2021-01-11T05:00:00+00:00,13022.650938127948,-0.007710370448252846,TSLA,baseline_temporal
2021-01-12T05:00:00+00:00,13354.065707511445,0.0,NVDA,baseline_temporal
2021-01-13T05:00:00+00:00,13100.63088386524,-0.018978102189781132,NVDA,baseline_temporal
2021-01-14T05:00:00+00:00,13178.610829602532,-0.013138686131387134,NVDA,baseline_temporal
2021-01-15T05:00:00+00:00,12837.448567001875,-0.03868613138686161,NVDA,baseline_temporal
2021-01-19T05:00:00+00:00,12632.75120944148,-0.05401459854014634,NVDA,baseline_temporal
2021-01-20T05:00:00+00:00,12730.226141613095,-0.04671532846715365,NVDA,baseline_temporal
2021-01-21T05:00:00+00:00,13022.650938127945,-0.024817518248175574,NVDA,baseline_temporal
2021-01-22T05:00:00+00:00,13334.570721077116,-0.0014598540145989158,NVDA,baseline_temporal
2021-01-25T05:00:00+00:00,13383.308187162926,0.0,NVDA,baseline_temporal
2021-01-26T05:00:00+00:00,13188.358322819691,-0.014566642388929463,NVDA,baseline_temporal
2021-01-27T05:00:00+00:00,12847.196060219032,-0.04005826656955602,NVDA,baseline_temporal
2021-01-28T05:00:00+00:00,12613.256223007154,-0.05753823743627107,NVDA,baseline_temporal
2021-01-29T05:00:00+00:00,12662.683052767024,-0.05384506762588892,NFLX,baseline_temporal
2021-02-01T05:00:00+00:00,12634.4391500471,-0.05595545037467875,NFLX,baseline_temporal
2021-02-02T05:00:00+00:00,12756.82939516678,-0.046810458463256155,NFLX,baseline_temporal
2021-02-03T05:00:00+00:00,12949.829397086276,-0.032389509679858985,NFLX,baseline_temporal
2021-02-04T05:00:00+00:00,12705.048906846912,-0.05067949350270429,NFLX,baseline_temporal
2021-02-05T05:00:00+00:00,12999.256226846146,-0.02869633986947684,NFLX,baseline_temporal
2021-02-08T05:00:00+00:00,13062.80500796598,-0.023947978684699667,NFLX,baseline_temporal
2021-02-09T05:00:00+00:00,12850.975737566532,-0.0397758493006235,NFLX,baseline_temporal
2021-02-10T05:00:00+00:00,13239.32939996552,-0.010758086504763287,NFLX,baseline_temporal
2021-02-11T05:00:00+00:00,13284.048912605404,-0.007416647152512668,NFLX,baseline_temporal
2021-02-12T05:00:00+00:00,13107.524520605864,-0.02060653933244916,NFLX,baseline_temporal
2021-02-16T05:00:00+00:00,13116.93915484584,-0.01990307841618577,NFLX,baseline_temporal
2021-02-17T05:00:00+00:00,12968.658665566229,-0.03098258784733232,NFLX,baseline_temporal
2021-02-18T05:00:00+00:00,12921.58549436635,-0.034499892428648704,NFLX,baseline_temporal
2021-02-19T05:00:00+00:00,12898.04890876641,-0.03625854471930712,NFLX,baseline_temporal
2021-02-22T05:00:00+00:00,12592.073295967208,-0.059121024497863606,NFLX,baseline_temporal
2021-02-23T05:00:00+00:00,12356.70743996782,-0.07670754740444563,NFLX,baseline_temporal
2021-02-24T05:00:00+00:00,12705.048906846912,-0.05067949350270429,NFLX,baseline_temporal
2021-02-25T05:00:00+00:00,12952.183055646268,-0.03221364445079333,NFLX,baseline_temporal
2021-02-26T05:00:00+00:00,12733.342082563975,-0.048565429078468725,AAPL,baseline_temporal
2021-03-01T05:00:00+00:00,12855.039013936568,-0.03947224152941986,AAPL,baseline_temporal
2021-03-02T05:00:00+00:00,13036.46093550422,-0.02591640622842395,NFLX,baseline_temporal
2021-03-03T05:00:00+00:00,12862.107400491152,-0.03894409210210836,NFLX,baseline_temporal
2021-03-04T05:00:00+00:00,12287.211960718327,-0.08190024552344677,NFLX,baseline_temporal
2021-03-05T05:00:00+00:00,11730.184190678443,-0.12352132771403523,TSLA,baseline_temporal
2021-03-08T05:00:00+00:00,11251.848537495858,-0.15926253956488368,TSLA,baseline_temporal
2021-03-09T05:00:00+00:00,11395.180607485938,-0.14855277573178582,TSLA,baseline_temporal
2021-03-10T05:00:00+00:00,13120.786312856719,-0.019615618996057682,TSLA,baseline_temporal
2021-03-11T05:00:00+00:00,13103.923716387299,-0.020875591211716116,TSLA,baseline_temporal
2021-03-12T05:00:00+00:00,12553.078898386202,-0.0620346835898965,TSLA,baseline_temporal
2021-03-15T04:00:00+00:00,12646.155385827895,-0.05508001392675821,NFLX,baseline_temporal
2021-03-16T04:00:00+00:00,12847.004648202073,-0.04007256886419652,NFLX,baseline_temporal
2021-03-17T04:00:00+00:00,12785.770116990434,-0.04464800943205072,NFLX,baseline_temporal
2021-03-18T04:00:00+00:00,12648.604767076358,-0.05489699630404421,NFLX,baseline_temporal
2021-03-19T04:00:00+00:00,12558.395665324415,-0.061637415077219426,LLY,baseline_temporal
2021-03-22T04:00:00+00:00,12514.723004952444,-0.06490063368962962,LLY,baseline_temporal
2021-03-23T04:00:00+00:00,12353.490377281278,-0.07694792613902701,TSLA,baseline_temporal
2021-03-24T04:00:00+00:00,12209.806879152551,-0.08768394866195939,TSLA,baseline_temporal
2021-03-25T04:00:00+00:00,11205.667623146071,-0.16271317476687974,TSLA,baseline_temporal
2021-03-26T04:00:00+00:00,11733.786740313872,-0.12325214541732299,TSLA,baseline_temporal
2021-03-29T04:00:00+00:00,11253.92772938778,-0.15910718246910105,TSLA,baseline_temporal
2021-03-30T04:00:00+00:00,11000.013761320604,-0.17807961921764182,TSLA,baseline_temporal
2021-03-31T04:00:00+00:00,11820.435567429668,-0.11677775015540204,TSLA,baseline_temporal
2021-04-01T04:00:00+00:00,12583.822702525804,-0.05973750835417335,TSLA,baseline_temporal
2021-04-05T04:00:00+00:00,12936.998934567406,-0.03334820108406478,TSLA,baseline_temporal
2021-04-06T04:00:00+00:00,12618.920961610682,-0.057114968501243424,TSLA,baseline_temporal
2021-04-07T04:00:00+00:00,12588.80973317806,-0.05936487771737464,NFLX,baseline_temporal
2021-04-08T04:00:00+00:00,12900.31723412971,-0.03608905558167552,AAPL,baseline_temporal
2021-04-09T04:00:00+00:00,12907.74467219356,-0.035534077846725465,TSLA,baseline_temporal
2021-04-12T04:00:00+00:00,13059.150140418209,-0.024221070172742776,TSLA,baseline_temporal
2021-04-13T04:00:00+00:00,13921.200781709862,0.0,NVDA,baseline_temporal
2021-04-14T04:00:00+00:00,14278.860090330867,0.0,NVDA,baseline_temporal
2021-04-15T04:00:00+00:00,14372.72953559341,0.0,LLY,baseline_temporal
2021-04-16T04:00:00+00:00,14653.514455194516,0.0,LLY,baseline_temporal
2021-04-19T04:00:00+00:00,14557.68765766736,-0.006539509536784616,NFLX,baseline_temporal
2021-04-20T04:00:00+00:00,14757.32681918227,0.0,NFLX,baseline_temporal
2021-04-21T04:00:00+00:00,14604.603581342359,-0.010348977135980597,AVGO,baseline_temporal
2021-04-22T04:00:00+00:00,14601.05187813678,-0.01058965102286391,AVGO,baseline_temporal
2021-04-23T04:00:00+00:00,14711.15467750974,-0.0031287605294824106,AVGO,baseline_temporal
2021-04-26T04:00:00+00:00,14984.63582433935,0.0,AVGO,baseline_temporal
2021-04-27T04:00:00+00:00,15156.125342455309,0.0,NFLX,baseline_temporal
2021-04-28T04:00:00+00:00,14937.328371065983,-0.014436207569254678,NFLX,baseline_temporal
2021-04-29T04:00:00+00:00,15008.289550976033,-0.009754194303550512,NFLX,baseline_temporal
2021-04-30T04:00:00+00:00,15072.87511894371,-0.005492843430002448,LLY,baseline_temporal
2021-05-03T04:00:00+00:00,15168.007915004211,0.0,LLY,baseline_temporal
2021-05-04T04:00:00+00:00,15108.838779388825,-0.0039009167154281377,NFLX,baseline_temporal
2021-05-05T04:00:00+00:00,14940.206742884973,-0.015018529354398402,NFLX,baseline_temporal
2021-05-06T04:00:00+00:00,14726.046782748055,-0.029137717670819963,NVDA,baseline_temporal
2021-05-07T04:00:00+00:00,15042.187676283505,-0.008295106346578596,NVDA,baseline_temporal
2021-05-10T04:00:00+00:00,14875.903986565278,-0.019257896625303306,AAPL,baseline_temporal
2021-05-11T04:00:00+00:00,14196.617424312097,-0.06404206116817845,AAPL,baseline_temporal
2021-05-12T04:00:00+00:00,14490.983889279583,-0.04463499950147798,CRM,baseline_temporal
2021-05-13T04:00:00+00:00,14466.107849986556,-0.0462750328817626,CRM,baseline_temporal
2021-05-14T04:00:00+00:00,14549.027980963314,-0.04080825494748075,CRM,baseline_temporal
2021-05-17T04:00:00+00:00,14712.104238550932,-0.030056925010060076,CRM,baseline_temporal
2021-05-18T04:00:00+00:00,14634.021115214486,-0.03520480756484212,CRM,baseline_temporal
2021-05-19T04:00:00+00:00,14661.661158873405,-0.0333825482534148,CRM,baseline_temporal
2021-05-20T04:00:00+00:00,15146.052923995954,-0.0014474538206522558,CRM,baseline_temporal
2021-05-21T04:00:00+00:00,15297.382163028533,0.0,CRM,baseline_temporal
2021-05-24T04:00:00+00:00,15282.8711401076,-0.0009485951757159938,CRM,baseline_temporal
2021-05-25T04:00:00+00:00,15501.855534853095,0.0,AAPL,baseline_temporal
2021-05-26T04:00:00+00:00,15397.340255542744,-0.006742114134360766,AAPL,baseline_temporal
2021-05-27T04:00:00+00:00,15335.128779762772,-0.010755277309575484,AAPL,baseline_temporal
2021-05-28T04:00:00+00:00,15229.369270936824,-0.017577654707440327,AAPL,baseline_temporal
2021-06-01T04:00:00+00:00,15217.292055020142,-0.018356736662470174,NFLX,baseline_temporal
2021-06-02T04:00:00+00:00,15090.481287894972,-0.026537097190282966,NFLX,baseline_temporal
2021-06-03T04:00:00+00:00,14951.593304853124,-0.03549653967312538,NFLX,baseline_temporal
2021-06-04T04:00:00+00:00,14854.975577519663,-0.04172919531336372,NFLX,baseline_temporal
2021-06-07T04:00:00+00:00,14882.149313332196,-0.03997626091454676,NFLX,baseline_temporal
2021-06-08T04:00:00+00:00,15005.940776478195,-0.031990670875491345,NFLX,baseline_temporal
2021-06-09T04:00:00+00:00,14930.458176998929,-0.03685993309442759,NFLX,baseline_temporal
2021-06-10T04:00:00+00:00,14710.048986519469,-0.05107817877372123,NFLX,baseline_temporal
2021-06-11T04:00:00+00:00,14794.589497936247,-0.04562460508851274,NFLX,baseline_temporal
2021-06-14T04:00:00+00:00,14785.531585998737,-0.046208916554784984,NFLX,baseline_temporal
2021-06-15T04:00:00+00:00,14800.04321066908,-0.045272794770027214,AMD,baseline_temporal
2021-06-16T04:00:00+00:00,14647.671151630448,-0.055102073509985305,AMD,baseline_temporal
2021-06-17T04:00:00+00:00,14508.592253827088,-0.06407383159989044,NFLX,baseline_temporal
2021-06-18T04:00:00+00:00,14689.098908422937,-0.052429634930013624,NFLX,baseline_temporal
2021-06-21T04:00:00+00:00,14842.973433652185,-0.04250343449011851,NFLX,baseline_temporal
2021-06-22T04:00:00+00:00,14751.240543611671,-0.04842097706005599,NFLX,baseline_temporal
2021-06-23T04:00:00+00:00,15047.15309212946,-0.02933213006025759,NFLX,baseline_temporal
2021-06-24T04:00:00+00:00,15328.270013221356,-0.011197725410449388,NFLX,baseline_temporal
2021-06-25T04:00:00+00:00,15659.360645506938,0.0,TSLA,baseline_temporal
2021-06-28T04:00:00+00:00,15638.631537239438,-0.001323751891074032,NFLX,baseline_temporal
2021-06-29T04:00:00+00:00,15801.503102198378,0.0,NFLX,baseline_temporal
2021-06-30T04:00:00+00:00,15816.309608103737,0.0,NFLX,baseline_temporal
2021-07-01T04:00:00+00:00,15567.560308893717,-0.01572739187418093,NFLX,baseline_temporal
2021-07-02T04:00:00+00:00,15857.76782463874,0.0,NFLX,baseline_temporal
2021-07-06T04:00:00+00:00,15645.843738503016,-0.013364055299539102,AVGO,baseline_temporal
2021-07-07T04:00:00+00:00,15974.611937135725,0.0,NFLX,baseline_temporal
2021-07-08T04:00:00+00:00,15584.199701259384,-0.02443954428518924,NFLX,baseline_temporal
2021-07-09T04:00:00+00:00,16199.502534876376,0.0,TSLA,baseline_temporal
2021-07-12T04:00:00+00:00,16422.707915874074,0.0,TSLA,baseline_temporal
2021-07-13T04:00:00+00:00,17020.89833694791,0.0,TSLA,baseline_temporal
2021-07-14T04:00:00+00:00,17186.088093110902,0.0,NFLX,baseline_temporal
2021-07-15T04:00:00+00:00,17599.06248351837,0.0,NFLX,baseline_temporal
2021-07-16T04:00:00+00:00,17500.425616413984,-0.005604665998359848,TSLA,baseline_temporal
2021-07-19T04:00:00+00:00,16837.23302214306,-0.04328807071903784,TSLA,baseline_temporal
2021-07-20T04:00:00+00:00,17428.252299020536,-0.009705641119110653,TSLA,baseline_temporal
2021-07-21T04:00:00+00:00,17428.252299020536,-0.009705641119110653,NFLX,baseline_temporal
2021-07-22T04:00:00+00:00,17344.23016122565,-0.01447988053519178,TSLA,baseline_temporal
2021-07-23T04:00:00+00:00,17412.22008737706,-0.010616610760731615,NFLX,baseline_temporal
2021-07-26T04:00:00+00:00,17487.00900614362,-0.0063670140088251115,NFLX,baseline_temporal
2021-07-27T04:00:00+00:00,17612.790369523736,0.0,NFLX,baseline_temporal
2021-07-28T04:00:00+00:00,17738.57173290385,0.0,NFLX,baseline_temporal
2021-07-29T04:00:00+00:00,17677.380799367576,-0.003449597546952843,NFLX,baseline_temporal
2021-07-30T04:00:00+00:00,18274.788128321274,0.0,TSLA,baseline_temporal
2021-08-02T04:00:00+00:00,18499.346671735402,0.0,NFLX,baseline_temporal
2021-08-03T04:00:00+00:00,18335.383290829846,-0.008863198458574195,NFLX,baseline_temporal
2021-08-04T04:00:00+00:00,18285.48139229337,-0.011560693641618602,NFLX,baseline_temporal
2021-08-05T04:00:00+00:00,18431.622666578758,-0.0036608863198459574,NFLX,baseline_temporal
2021-08-06T04:00:00+00:00,18677.56773793709,0.0,NFLX,baseline_temporal
2021-08-09T04:00:00+00:00,18805.970736406853,0.0,AMD,baseline_temporal
2021-08-10T04:00:00+00:00,18766.27285152862,-0.002110919209364681,NFLX,baseline_temporal
2021-08-11T04:00:00+00:00,18714.9632404141,-0.00483928733423844,AMD,baseline_temporal
2021-08-12T04:00:00+00:00,18530.34754887423,-0.014656153165177432,NFLX,baseline_temporal
2021-08-13T04:00:00+00:00,18555.68695751696,-0.013308740207989667,NFLX,baseline_temporal
2021-08-16T04:00:00+00:00,18649.80476104709,-0.00830406350986379,NFLX,baseline_temporal
2021-08-17T04:00:00+00:00,18660.664507608257,-0.007726600813926288,NFLX,baseline_temporal
2021-08-18T04:00:00+00:00,18823.560706025786,0.0,NFLX,baseline_temporal
2021-08-19T04:00:00+00:00,18921.298425076304,0.0,NFLX,baseline_temporal
2021-08-20T04:00:00+00:00,19732.159501643568,0.0,NFLX,baseline_temporal
2021-08-23T04:00:00+00:00,19764.738741327077,0.0,NFLX,baseline_temporal
2021-08-24T04:00:00+00:00,19963.834094948503,0.0,NFLX,baseline_temporal
2021-08-25T04:00:00+00:00,19946.73445118409,-0.0008565310492507638,XOM,baseline_temporal
2021-08-26T04:00:00+00:00,19933.909718360785,-0.0014989293361884481,XOM,baseline_temporal
2021-08-27T04:00:00+00:00,20112.73827497003,0.0,NFLX,baseline_temporal
2021-08-30T04:00:00+00:00,20339.011142516418,0.0,NFLX,baseline_temporal
2021-08-31T04:00:00+00:00,20858.926261127584,0.0,TSLA,baseline_temporal
2021-09-01T04:00:00+00:00,20889.660159764695,0.0,TSLA,baseline_temporal
2021-09-02T04:00:00+00:00,20901.61223145691,0.0,TSLA,baseline_temporal
2021-09-03T04:00:00+00:00,20837.583275962923,-0.003063350079647198,TSLA,baseline_temporal
2021-09-07T04:00:00+00:00,21058.69660226882,0.0,TSLA,baseline_temporal
2021-09-08T04:00:00+00:00,21672.520855604507,0.0,TSLA,baseline_temporal
2021-09-09T04:00:00+00:00,21208.912479479863,-0.021391529818496235,XOM,baseline_temporal
2021-09-10T04:00:00+00:00,20918.666851153925,-0.03478386337580275,NFLX,baseline_temporal
2021-09-13T04:00:00+00:00,20932.65459227806,-0.034138449710390595,NFLX,baseline_temporal
2021-09-14T04:00:00+00:00,20453.574458776206,-0.05624386775076429,NFLX,baseline_temporal
2021-09-15T04:00:00+00:00,20520.5080209595,-0.05315546088618006,TSLA,baseline_temporal
2021-09-16T04:00:00+00:00,20736.182832438997,-0.04320392765585335,TSLA,baseline_temporal
2021-09-17T04:00:00+00:00,20855.175831875957,-0.03771342656325949,TSLA,baseline_temporal
2021-09-20T04:00:00+00:00,20816.154410860374,-0.0395139287418278,NFLX,baseline_temporal
2021-09-21T04:00:00+00:00,20514.625248467197,-0.0534269001216755,NFLX,baseline_temporal
2021-09-22T04:00:00+00:00,20564.288875214308,-0.05113535189440643,NFLX,baseline_temporal
2021-09-23T04:00:00+00:00,20958.050487280685,-0.03296664809248806,NFLX,baseline_temporal
2021-09-24T04:00:00+00:00,21000.61931020678,-0.031002463897686017,NFLX,baseline_temporal
2021-09-27T04:00:00+00:00,20858.723233786463,-0.03754974454702609,NFLX,baseline_temporal
2021-09-28T04:00:00+00:00,20894.197252891543,-0.03591292438469107,NFLX,baseline_temporal
2021-09-29T04:00:00+00:00,20672.67321268578,-0.04613434909488934,AMZN,baseline_temporal
2021-09-30T04:00:00+00:00,20504.28057032082,-0.053904217837288604,NVDA,baseline_temporal
2021-10-01T04:00:00+00:00,20484.469671219063,-0.054818320042276714,NVDA,baseline_temporal
2021-10-04T04:00:00+00:00,20816.723565257373,-0.039487667173051744,NFLX,baseline_temporal
2021-10-05T04:00:00+00:00,20576.009009372472,-0.05059456874157198,NFLX,baseline_temporal
2021-10-06T04:00:00+00:00,20751.960796675965,-0.042475910627188807,NVDA,baseline_temporal
2021-10-07T04:00:00+00:00,21214.43684117368,-0.02113662815151318,NFLX,baseline_temporal
2021-10-08T04:00:00+00:00,20950.16481574641,-0.033330503851899396,NFLX,baseline_temporal
2021-10-11T04:00:00+00:00,20917.130812568004,-0.03485473831444763,NFLX,baseline_temporal
2021-10-12T04:00:00+00:00,20910.524011932317,-0.0351595852069575,NFLX,baseline_temporal
2021-10-13T04:00:00+00:00,20884.096809389594,-0.03637897277699598,NFLX,baseline_temporal
2021-10-14T04:00:00+00:00,20884.096809389594,-0.03637897277699598,NFLX,baseline_temporal
2021-10-15T04:00:00+00:00,21075.69402782436,-0.027538412894216102,NFLX,baseline_temporal
2021-10-18T04:00:00+00:00,21017.527438971123,-0.030222299519162887,NVDA,baseline_temporal
2021-10-19T04:00:00+00:00,21180.45400826547,-0.022704642926288265,NFLX,baseline_temporal
2021-10-20T04:00:00+00:00,20801.400357254126,-0.040194701121956,NFLX,baseline_temporal
2021-10-21T04:00:00+00:00,20911.12641412583,-0.03513178953899965,NFLX,baseline_temporal
2021-10-22T04:00:00+00:00,21672.558748174935,0.0,NFLX,baseline_temporal
2021-10-25T04:00:00+00:00,22068.237559318357,0.0,NFLX,baseline_temporal
2021-10-26T04:00:00+00:00,22404.0657939863,0.0,NFLX,baseline_temporal
2021-10-27T04:00:00+00:00,22731.37662754993,0.0,TSLA,baseline_temporal
2021-10-28T04:00:00+00:00,23357.793152706767,0.0,TSLA,baseline_temporal
2021-10-29T04:00:00+00:00,23654.275110163195,0.0,TSLA,baseline_temporal
2021-11-01T04:00:00+00:00,25035.015199645022,0.0,TSLA,baseline_temporal
2021-11-02T04:00:00+00:00,26194.02427502415,0.0,AMD,baseline_temporal
2021-11-03T04:00:00+00:00,26774.576741353296,0.0,AMD,baseline_temporal
2021-11-04T04:00:00+00:00,28072.915838764253,0.0,TSLA,baseline_temporal
2021-11-05T04:00:00+00:00,27926.912387978155,-0.005200865190657877,TSLA,baseline_temporal
2021-11-08T05:00:00+00:00,26148.262873027896,-0.06855906870488726,TSLA,baseline_temporal
2021-11-09T05:00:00+00:00,26689.976610991267,-0.04926240066104448,TSLA,baseline_temporal
2021-11-10T05:00:00+00:00,22978.487020914774,-0.18147131018057194,TSLA,baseline_temporal
2021-11-11T05:00:00+00:00,25079.162838533437,-0.10664203951685403,TSLA,baseline_temporal
2021-11-12T05:00:00+00:00,23822.441547187686,-0.15140836512989986,TSLA,baseline_temporal
2021-11-15T05:00:00+00:00,23142.91146782809,-0.17561426106398992,TSLA,baseline_temporal
2021-11-16T05:00:00+00:00,22817.47386958057,-0.18720684375531615,TSLA,baseline_temporal
2021-11-17T05:00:00+00:00,24186.085655921284,-0.13845480836999025,TSLA,baseline_temporal
2021-11-18T05:00:00+00:00,25165.127487127127,-0.10357984786254126,TSLA,baseline_temporal
2021-11-19T05:00:00+00:00,24990.469153476468,-0.10980144360463673,TSLA,baseline_temporal
2021-11-22T05:00:00+00:00,26433.447183441873,-0.05840036940724669,TSLA,baseline_temporal
2021-11-23T05:00:00+00:00,26551.478010479233,-0.05419593165965875,TSLA,baseline_temporal
2021-11-24T05:00:00+00:00,24570.19753812957,-0.12477215835905375,TSLA,baseline_temporal
2021-11-26T05:00:00+00:00,25004.114335792932,-0.10931538143728525,TSLA,baseline_temporal
2021-11-29T05:00:00+00:00,25038.9095506999,-0.10807592291053969,TSLA,baseline_temporal
2021-11-30T05:00:00+00:00,26025.456232179786,-0.07293362821104776,TSLA,baseline_temporal
2021-12-01T05:00:00+00:00,26396.60519118743,-0.059712737259095205,TSLA,baseline_temporal
2021-12-02T05:00:00+00:00,24994.562708171405,-0.10965562495443137,TSLA,baseline_temporal
2021-12-03T05:00:00+00:00,24670.489628155538,-0.12119960142902231,TSLA,baseline_temporal
2021-12-06T05:00:00+00:00,22776.5383226312,-0.1886650302573698,TSLA,baseline_temporal
2021-12-07T05:00:00+00:00,23747.39304444717,-0.15408170705033142,TSLA,baseline_temporal
2021-12-08T05:00:00+00:00,23940.472374225043,-0.14720392738231203,TSLA,baseline_temporal
2021-12-09T05:00:00+00:00,24121.271039918105,-0.1407636036649087,TSLA,baseline_temporal
2021-12-10T05:00:00+00:00,22940.962769544516,-0.18280798114078778,TSLA,baseline_temporal
2021-12-13T05:00:00+00:00,22766.98669500968,-0.1890052737745156,TSLA,baseline_temporal
2021-12-14T05:00:00+00:00,22272.21394493839,-0.20662983236732435,NFLX,baseline_temporal
2021-12-15T05:00:00+00:00,22253.613465612405,-0.20729240975803132,NFLX,baseline_temporal
2021-12-16T05:00:00+00:00,22212.692411095235,-0.20875008001758677,NFLX,baseline_temporal
2021-12-17T05:00:00+00:00,21955.373680511024,-0.21791616493951338,V,baseline_temporal
2021-12-20T05:00:00+00:00,21573.132578647343,-0.23153217490652467,V,baseline_temporal
2021-12-21T05:00:00+00:00,22413.232524766605,-0.2016065358690856,NVDA,baseline_temporal
2021-12-22T05:00:00+00:00,23606.42437470428,-0.15910322567534851,TSLA,baseline_temporal
2021-12-23T05:00:00+00:00,24611.87368402484,-0.12328759059506966,TSLA,baseline_temporal
2021-12-27T05:00:00+00:00,24537.191666777293,-0.12594787774430916,NVDA,baseline_temporal
2021-12-28T05:00:00+00:00,25898.063981065923,-0.07747153413594476,NVDA,baseline_temporal
2021-12-29T05:00:00+00:00,26107.74983421593,-0.07000220482386588,V,baseline_temporal
2021-12-30T05:00:00+00:00,26133.805472773038,-0.06907406331171384,V,baseline_temporal
2021-12-31T05:00:00+00:00,26001.949743848854,-0.07377096511135195,NVDA,baseline_temporal
2022-01-03T05:00:00+00:00,26086.343452148303,-0.0707647327418981,V,baseline_temporal
2022-01-04T05:00:00+00:00,26623.73280058449,-0.05162210603640505,V,baseline_temporal
2022-01-05T05:00:00+00:00,26700.680005210455,-0.048881129464255935,V,baseline_temporal
2022-01-06T05:00:00+00:00,25488.69487676882,-0.09205388484893451,NVDA,baseline_temporal
2022-01-07T05:00:00+00:00,25951.284620448834,-0.07557573393875183,NVDA,baseline_temporal
2022-01-10T05:00:00+00:00,24517.25641504079,-0.12665800176031805,NVDA,baseline_temporal
2022-01-11T05:00:00+00:00,25201.889235687213,-0.10227033841324762,NVDA,baseline_temporal
2022-01-12T05:00:00+00:00,25886.522056333633,-0.0778826750661773,NVDA,baseline_temporal
2022-01-13T05:00:00+00:00,26173.327697415247,-0.06766622150186397,NVDA,baseline_temporal
2022-01-14T05:00:00+00:00,24258.206158579982,-0.13588576627002036,NVDA,baseline_temporal
2022-01-18T05:00:00+00:00,24221.19897908558,-0.1372040183428349,NVDA,baseline_temporal
2022-01-19T05:00:00+00:00,24054.666671360777,-0.14313615267050062,NVDA,baseline_temporal
2022-01-20T05:00:00+00:00,24223.56571730906,-0.13711971152422475,CRM,baseline_temporal
2022-01-21T05:00:00+00:00,23588.849557376016,-0.15972926742424287,CRM,baseline_temporal
2022-01-24T05:00:00+00:00,22460.345740817094,-0.19992829138885126,CRM,baseline_temporal
2022-01-25T05:00:00+00:00,22672.235794975742,-0.19238044508119911,NVDA,baseline_temporal
2022-01-26T05:00:00+00:00,23378.53597550459,-0.16722095738902432,NVDA,baseline_temporal
2022-01-27T05:00:00+00:00,23701.416058032057,-0.1557194773011732,NVDA,baseline_temporal
2022-01-28T05:00:00+00:00,22137.465658289628,-0.2114297714767024,NVDA,baseline_temporal
2022-01-31T05:00:00+00:00,23232.399292890987,-0.17242656850020832,TSLA,baseline_temporal
2022-02-01T05:00:00+00:00,24896.762308579702,-0.1131394240778788,TSLA,baseline_temporal
2022-02-02T05:00:00+00:00,27698.847591104215,-0.013324880458035926,AMD,baseline_temporal
2022-02-03T05:00:00+00:00,25658.059451548692,-0.08602086085696259,AMD,baseline_temporal
2022-02-04T05:00:00+00:00,25295.380219704166,-0.09894004723316807,CRM,baseline_temporal
2022-02-07T05:00:00+00:00,25768.179878379375,-0.0820982036074216,CRM,baseline_temporal
2022-02-08T05:00:00+00:00,25014.356966286363,-0.10895052334586863,NFLX,baseline_temporal
2022-02-09T05:00:00+00:00,25667.670156766973,-0.08567851290588124,NFLX,baseline_temporal
2022-02-10T05:00:00+00:00,26133.09517693242,-0.06909936513090131,META,baseline_temporal
2022-02-11T05:00:00+00:00,26155.03829202707,-0.06831771796533137,META,baseline_temporal
2022-02-14T05:00:00+00:00,25107.543271456205,-0.10563108529016207,META,baseline_temporal
2022-02-15T05:00:00+00:00,25240.356862818553,-0.10090006297223975,META,baseline_temporal
2022-02-16T05:00:00+00:00,24317.59112804884,-0.13377038325067414,META,baseline_temporal
2022-02-17T05:00:00+00:00,24502.375255161674,-0.12718809133008646,META,baseline_temporal
2022-02-18T05:00:00+00:00,23972.27579050673,-0.14607104127727222,META,baseline_temporal
2022-02-22T05:00:00+00:00,23165.000135182545,-0.1748274291053391,META,baseline_temporal
2022-02-23T05:00:00+00:00,23372.882278184476,-0.16742235069467826,META,baseline_temporal
2022-02-24T05:00:00+00:00,21873.821046981622,-0.22082119390044486,META,baseline_temporal
2022-02-25T05:00:00+00:00,23462.964540151985,-0.1642134833833917,META,baseline_temporal
2022-02-28T05:00:00+00:00,23775.942655449348,-0.15306472644289648,META,baseline_temporal
2022-03-01T05:00:00+00:00,24026.556127846125,-0.14413749302559964,META,baseline_temporal
2022-03-02T05:00:00+00:00,23443.33122664625,-0.16491285189995408,META,baseline_temporal
2022-03-03T05:00:00+00:00,23929.544461111887,-0.1475931962839081,META,baseline_temporal
2022-03-04T05:00:00+00:00,23168.46483756591,-0.1747040111318281,META,baseline_temporal
2022-03-07T05:00:00+00:00,22987.145412836435,-0.18116288507890488,META,baseline_temporal
2022-03-08T05:00:00+00:00,21505.407693550405,-0.23394463841711655,META,baseline_temporal
2022-03-09T05:00:00+00:00,22409.69501560883,-0.20173254733074109,META,baseline_temporal
2022-03-10T05:00:00+00:00,22305.753944107862,-0.20543508653607168,META,baseline_temporal
2022-03-11T05:00:00+00:00,22053.98557091663,-0.2144034592778722,META,baseline_temporal
2022-03-14T04:00:00+00:00,21411.860729199536,-0.2372769237019139,META,baseline_temporal
2022-03-15T04:00:00+00:00,21843.79362632578,-0.2218908163375406,META,baseline_temporal
2022-03-16T04:00:00+00:00,22290.74023377995,-0.20596989775461916,META,baseline_temporal
2022-03-17T04:00:00+00:00,23091.086484337407,-0.1774603458735743,META,baseline_temporal
2022-03-18T04:00:00+00:00,23663.91727838719,-0.15705524091975276,META,baseline_temporal
2022-03-21T04:00:00+00:00,24556.655592501065,-0.125254543078414,META,baseline_temporal
2022-03-22T04:00:00+00:00,24198.636346219948,-0.13800773367455255,META,baseline_temporal
2022-03-23T04:00:00+00:00,24422.687100344257,-0.1300267047208401,META,baseline_temporal
2022-03-24T04:00:00+00:00,24614.40063222382,-0.12319757685323052,META,baseline_temporal
2022-03-25T04:00:00+00:00,25244.976465996362,-0.10073550567422551,META,baseline_temporal
2022-03-28T04:00:00+00:00,25430.915493903653,-0.09411207442913416,META,baseline_temporal
2022-03-29T04:00:00+00:00,25881.326803741187,-0.07806773787270183,META,baseline_temporal
2022-03-30T04:00:00+00:00,26231.438404624267,-0.06559622964413259,NFLX,baseline_temporal
2022-03-31T04:00:00+00:00,25827.46348052841,-0.07998643144632767,NFLX,baseline_temporal
2022-04-01T04:00:00+00:00,25369.625233219773,-0.09629532682214881,NFLX,baseline_temporal
2022-04-04T04:00:00+00:00,25154.17194036865,-0.10397010111665272,NFLX,baseline_temporal
2022-04-05T04:00:00+00:00,26211.239658419472,-0.06631573973424243,NFLX,baseline_temporal
2022-04-06T04:00:00+00:00,25194.569432778237,-0.10253108093643326,NFLX,baseline_temporal
2022-04-07T04:00:00+00:00,24575.141215831256,-0.12459605703313237,NFLX,baseline_temporal
2022-04-08T04:00:00+00:00,24373.15375378333,-0.1317911579342299,NFLX,baseline_temporal
2022-04-11T04:00:00+00:00,23565.203905591618,-0.16057156153862007,NFLX,baseline_temporal
2022-04-12T04:00:00+00:00,23962.445914285876,-0.14642119643312823,NFLX,baseline_temporal
2022-04-13T04:00:00+00:00,23118.25365085487,-0.1764926100432994,AMD,baseline_temporal
2022-04-14T04:00:00+00:00,23862.986480950618,-0.14996409286421142,AMD,baseline_temporal
2022-04-18T04:00:00+00:00,23115.143599781222,-0.17660339479724196,NFLX,baseline_temporal
2022-04-19T04:00:00+00:00,22652.8407277856,-0.19307132690129714,NFLX,baseline_temporal
2022-04-20T04:00:00+00:00,23733.5111292664,-0.15457620200270827,AMD,baseline_temporal
2022-04-21T04:00:00+00:00,23083.410865300397,-0.17773376310893008,AMD,baseline_temporal
2022-04-22T04:00:00+00:00,23104.39578426885,-0.17698624834812005,NFLX,baseline_temporal
2022-04-25T04:00:00+00:00,22432.878377278295,-0.20090672069404203,NFLX,baseline_temporal
2022-04-26T04:00:00+00:00,21908.25540306692,-0.2195945897142937,NFLX,baseline_temporal
2022-04-27T04:00:00+00:00,20355.371399401258,-0.2749106820142384,NFLX,baseline_temporal
2022-04-28T04:00:00+00:00,23679.85054068338,-0.1564876738601818,META,baseline_temporal
2022-04-29T04:00:00+00:00,23859.96573495256,-0.15007169643540474,META,baseline_temporal
2022-05-02T04:00:00+00:00,23475.013653083133,-0.1637842756373794,META,baseline_temporal
2022-05-03T04:00:00+00:00,24559.23648917408,-0.12516260760979936,META,baseline_temporal
2022-05-04T04:00:00+00:00,24582.780959013184,-0.12432391775035156,META,baseline_temporal
2022-05-05T04:00:00+00:00,25526.914199561437,-0.09069245438648699,META,baseline_temporal
2022-05-06T04:00:00+00:00,24196.651653651807,-0.13807843144529852,META,baseline_temporal
2022-05-09T04:00:00+00:00,23818.3385182995,-0.15155452126529212,AMD,baseline_temporal
2022-05-10T04:00:00+00:00,22873.196888622726,-0.1852219049850724,AMD,baseline_temporal
2022-05-11T04:00:00+00:00,22508.881925791346,-0.1981993585892441,META,baseline_temporal
2022-05-12T04:00:00+00:00,21446.00747867377,-0.23606056450109714,META,baseline_temporal
2022-05-13T04:00:00+00:00,23663.389002552565,-0.157074058909222,TSLA,baseline_temporal
2022-05-16T04:00:00+00:00,23469.73523535951,-0.16397230091248594,TSLA,baseline_temporal
2022-05-17T04:00:00+00:00,24074.111256625358,-0.14244350694120556,META,baseline_temporal
2022-05-18T04:00:00+00:00,23821.787271603826,-0.15143167142225722,META,baseline_temporal
2022-05-19T04:00:00+00:00,22711.720055412323,-0.19097395561414987,NFLX,baseline_temporal
2022-05-20T04:00:00+00:00,23719.712125287362,-0.1550677435318566,NFLX,baseline_temporal
2022-05-23T04:00:00+00:00,21760.34430855144,-0.22486340807876293,TSLA,baseline_temporal
2022-05-24T04:00:00+00:00,21710.51298055714,-0.22663847584445218,TSLA,baseline_temporal
2022-05-25T04:00:00+00:00,21507.722474694798,-0.2338621823887621,NFLX,baseline_temporal
2022-05-26T04:00:00+00:00,22247.311378428058,-0.2075168996977491,NFLX,baseline_temporal
2022-05-27T04:00:00+00:00,23278.131697137287,-0.17079751063856818,META,baseline_temporal
2022-05-31T04:00:00+00:00,23707.640163266133,-0.15549776519724268,META,baseline_temporal
2022-06-01T04:00:00+00:00,24009.725282573803,-0.1447370333572484,NFLX,baseline_temporal
2022-06-02T04:00:00+00:00,23200.13716282924,-0.17357579468843332,NFLX,baseline_temporal
2022-06-03T04:00:00+00:00,24126.60267985031,-0.14057368253370772,META,baseline_temporal
2022-06-06T04:00:00+00:00,23881.94623634743,-0.14928871751290462,META,baseline_temporal
2022-06-07T04:00:00+00:00,23628.596416679466,-0.15831342378577884,META,baseline_temporal
2022-06-08T04:00:00+00:00,23966.396176236747,-0.14628048208861344,META,baseline_temporal
2022-06-09T04:00:00+00:00,23917.961651888465,-0.14800579358195676,META,baseline_temporal
2022-06-10T04:00:00+00:00,22534.472930760483,-0.19728776803284742,META,baseline_temporal
2022-06-13T04:00:00+00:00,21000.712993064742,-0.2519226319887269,META,baseline_temporal
2022-06-14T04:00:00+00:00,20439.36927497691,-0.2719185498090164,META,baseline_temporal
2022-06-15T04:00:00+00:00,20583.43093714104,-0.2667868540852254,META,baseline_temporal
2022-06-16T04:00:00+00:00,20154.971683290816,-0.2820492249878799,META,baseline_temporal
2022-06-17T04:00:00+00:00,20108.638415053367,-0.28369968653963185,NFLX,baseline_temporal
2022-06-21T04:00:00+00:00,20571.97109742787,-0.2671950710221118,NFLX,baseline_temporal
2022-06-22T04:00:00+00:00,19635.232915655517,-0.3005631111342425,META,baseline_temporal
2022-06-23T04:00:00+00:00,19373.84669403946,-0.30987408627901614,META,baseline_temporal
2022-06-24T04:00:00+00:00,20050.449305973834,-0.28577247119134885,META,baseline_temporal
2022-06-27T04:00:00+00:00,21222.31002202283,-0.244029008460953,META,baseline_temporal
2022-06-28T04:00:00+00:00,21063.47724620829,-0.24968687374031295,META,baseline_temporal
2022-06-29T04:00:00+00:00,20279.31858136014,-0.2776197991746332,META,baseline_temporal
2022-06-30T04:00:00+00:00,20102.97668065266,-0.28390136613833206,META,baseline_temporal
2022-07-01T04:00:00+00:00,19874.107405266357,-0.2920540381550476,META,baseline_temporal
2022-07-05T04:00:00+00:00,19605.217272981903,-0.30163231402168056,META,baseline_temporal
2022-07-06T04:00:00+00:00,20853.367747493,-0.2571712939523795,META,baseline_temporal
2022-07-07T04:00:00+00:00,21007.19791619527,-0.25169162915425924,META,baseline_temporal
2022-07-08T04:00:00+00:00,21073.482460432835,-0.24933047277783338,META,baseline_temporal
2022-07-11T04:00:00+00:00,20712.044096571404,-0.26220545754740054,META,baseline_temporal
2022-07-12T04:00:00+00:00,20431.898098284346,-0.27218468449682276,META,baseline_temporal
2022-07-13T04:00:00+00:00,19856.59828037342,-0.2926777398393864,META,baseline_temporal
2022-07-14T04:00:00+00:00,19987.91671707047,-0.287999977206845,META,baseline_temporal
2022-07-15T04:00:00+00:00,19902.8723961619,-0.29102938538791956,META,baseline_temporal
2022-07-18T04:00:00+00:00,20673.273891451317,-0.26358651127700816,META,baseline_temporal
2022-07-19T04:00:00+00:00,21122.257879777448,-0.24759301808574674,META,baseline_temporal
2022-07-20T04:00:00+00:00,22003.967383314844,-0.21618518326725256,META,baseline_temporal
2022-07-21T04:00:00+00:00,22394.17073807182,-0.20228554573055724,META,baseline_temporal
2022-07-22T04:00:00+00:00,21456.1819045214,-0.23569813596299782,META,baseline_temporal
2022-07-25T04:00:00+00:00,21604.735482697706,-0.23040643135242167,XOM,baseline_temporal
2022-07-26T04:00:00+00:00,22333.488885072045,-0.2044471257156325,XOM,baseline_temporal
2022-07-27T04:00:00+00:00,22126.0744551655,-0.21183554347379563,XOM,baseline_temporal
2022-07-28T04:00:00+00:00,21918.775501096505,-0.21921984780682646,META,baseline_temporal
2022-07-29T04:00:00+00:00,21460.246688784955,-0.23555334215935808,META,baseline_temporal
2022-08-01T04:00:00+00:00,21399.841695546304,-0.23770505997825453,META,baseline_temporal
2022-08-02T04:00:00+00:00,21543.989974865806,-0.2325702788195244,META,baseline_temporal
2022-08-03T04:00:00+00:00,22139.80286271974,-0.21134651669677385,META,baseline_temporal
2022-08-04T04:00:00+00:00,22903.10232273538,-0.18415662789435572,META,baseline_temporal
2022-08-05T04:00:00+00:00,22726.005865285708,-0.19046507331793827,META,baseline_temporal
2022-08-08T04:00:00+00:00,22863.289940828086,-0.18557480554771932,META,baseline_temporal
2022-08-09T04:00:00+00:00,22992.33697183792,-0.1809779538437135,META,baseline_temporal
2022-08-10T04:00:00+00:00,23950.57981912374,-0.14684388480758448,META,baseline_temporal
2022-08-11T04:00:00+00:00,24457.15805787512,-0.12879879673547645,META,baseline_temporal
2022-08-12T04:00:00+00:00,24606.797700216317,-0.12346840486593758,META,baseline_temporal
2022-08-15T04:00:00+00:00,24354.195001218337,-0.13246649756314055,META,baseline_temporal
2022-08-16T04:00:00+00:00,24420.091357478683,-0.13011916903343534,META,baseline_temporal
2022-08-17T04:00:00+00:00,24218.719527207777,-0.13729234019340597,XOM,baseline_temporal
2022-08-18T04:00:00+00:00,24717.64077832672,-0.11952000567765853,XOM,baseline_temporal
2022-08-19T04:00:00+00:00,24640.385100948948,-0.12227197051884164,GOOGL,baseline_temporal
2022-08-22T04:00:00+00:00,23850.398329809646,-0.15041250197188205,JPM,baseline_temporal
2022-08-23T04:00:00+00:00,23836.89428243974,-0.1508935366975751,JPM,baseline_temporal
2022-08-24T04:00:00+00:00,23752.70216135386,-0.1538925882235882,NFLX,baseline_temporal
2022-08-25T04:00:00+00:00,24226.282842461933,-0.13702292338976518,NFLX,baseline_temporal
2022-08-26T04:00:00+00:00,24584.099357076924,-0.12427695440420994,NFLX,baseline_temporal
2022-08-29T04:00:00+00:00,23352.789586195933,-0.16813808297214972,NFLX,baseline_temporal
2022-08-30T04:00:00+00:00,23857.942312711217,-0.1501437738160717,NFLX,baseline_temporal
2022-08-31T04:00:00+00:00,23889.514358118417,-0.14901912949381702,NFLX,baseline_temporal
2022-09-01T04:00:00+00:00,23226.501404567116,-0.17263666026116908,NFLX,baseline_temporal
2022-09-02T04:00:00+00:00,24310.474963547822,-0.13402387186375186,NFLX,baseline_temporal
2022-09-06T04:00:00+00:00,23742.178146218128,-0.15426746966433968,NFLX,baseline_temporal
2022-09-07T04:00:00+00:00,23173.88132888844,-0.17451106746492717,NFLX,baseline_temporal
2022-09-08T04:00:00+00:00,23594.84193431784,-0.15951580983486235,NFLX,baseline_temporal
2022-09-09T04:00:00+00:00,24774.141793586507,-0.11750735349773189,AMD,baseline_temporal
2022-09-12T04:00:00+00:00,25027.69126332927,-0.10847553538524879,AMD,baseline_temporal
2022-09-13T04:00:00+00:00,24451.90225145432,-0.12898601656155306,AMZN,baseline_temporal
2022-09-14T04:00:00+00:00,23771.40736092076,-0.1532262805384752,AMZN,baseline_temporal
2022-09-15T04:00:00+00:00,24928.614179673496,-0.11200481193866485,NFLX,baseline_temporal
2022-09-16T04:00:00+00:00,25004.319298657323,-0.10930808034802297,NFLX,baseline_temporal
2022-09-19T04:00:00+00:00,25044.796242833316,-0.10786622997492779,TSLA,baseline_temporal
2022-09-20T04:00:00+00:00,25613.977189802976,-0.0875911381305775,TSLA,baseline_temporal
2022-09-21T04:00:00+00:00,25729.148701066628,-0.08348855356383234,TSLA,baseline_temporal
2022-09-22T04:00:00+00:00,24878.129449653174,-0.11380315487925141,META,baseline_temporal
2022-09-23T04:00:00+00:00,24855.08101159406,-0.11462417533154412,META,baseline_temporal
2022-09-26T04:00:00+00:00,23866.461801482263,-0.14984029665609377,TSLA,baseline_temporal
2022-09-27T04:00:00+00:00,24920.930426121933,-0.11227851893781293,TSLA,baseline_temporal
2022-09-28T04:00:00+00:00,24854.203019400356,-0.11465545075012706,TSLA,baseline_temporal
2022-09-29T04:00:00+00:00,24826.1072692018,-0.11565626414478558,TSLA,baseline_temporal
2022-09-30T04:00:00+00:00,24236.67815705571,-0.13665262645825005,META,baseline_temporal
2022-10-03T04:00:00+00:00,24430.75847446966,-0.12973919008674362,META,baseline_temporal
2022-10-04T04:00:00+00:00,25027.375746519978,-0.1084867745743342,META,baseline_temporal
2022-10-05T04:00:00+00:00,28377.071954111998,0.0,ADEA,baseline_temporal
2022-10-06T04:00:00+00:00,28409.453550103754,0.0,ADEA,baseline_temporal
2022-10-07T04:00:00+00:00,29186.611853905986,0.0,ADEA,baseline_temporal
2022-10-10T04:00:00+00:00,31590.045867516583,0.0,ADEA,baseline_temporal
2022-10-11T04:00:00+00:00,32028.996390960438,0.0,ADEA,baseline_temporal
2022-10-12T04:00:00+00:00,30676.165269526922,-0.042237699393394834,ADEA,baseline_temporal
2022-10-13T04:00:00+00:00,31960.63524386672,-0.0021343518310492637,ADEA,baseline_temporal
2022-10-14T04:00:00+00:00,37274.81494162549,0.0,ADEA,baseline_temporal
2022-10-17T04:00:00+00:00,35205.990753263075,-0.05550193050193042,ADEA,baseline_temporal
2022-10-18T04:00:00+00:00,35781.663570894365,-0.04005791505791467,ADEA,baseline_temporal
2022-10-19T04:00:00+00:00,35141.22756127956,-0.057239382239382075,ADEA,baseline_temporal
2022-10-20T04:00:00+00:00,35205.99075326308,-0.0555019305019302,ADEA,baseline_temporal
2022-10-21T04:00:00+00:00,35979.55110195511,-0.03474903474903457,ADEA,baseline_temporal
2022-10-24T04:00:00+00:00,36246.790000803594,-0.027579612197453973,META,baseline_temporal
2022-10-25T04:00:00+00:00,36790.491850815655,-0.012993306380415626,ADEA,baseline_temporal
2022-10-26T04:00:00+00:00,36464.27074080842,-0.021745089870638723,ADEA,baseline_temporal
2022-10-27T04:00:00+00:00,36681.75148081324,-0.015910567543823362,ADEA,baseline_temporal
2022-10-28T04:00:00+00:00,36355.53037080601,-0.024662351034046237,ADEA,baseline_temporal
2022-10-31T04:00:00+00:00,35637.8439287901,-0.043916274712536674,ADEA,baseline_temporal
2022-11-01T04:00:00+00:00,38457.844190852615,0.0,ADEA,baseline_temporal
2022-11-02T04:00:00+00:00,38602.831350855835,0.0,ADEA,baseline_temporal
2022-11-03T04:00:00+00:00,38856.558880861456,0.0,ADEA,baseline_temporal
2022-11-04T04:00:00+00:00,38443.28785957133,-0.010635811126694539,GOOGL,baseline_temporal
2022-11-07T05:00:00+00:00,39287.99566132919,0.0,GOOGL,baseline_temporal
2022-11-08T05:00:00+00:00,40019.16746822711,0.0,GOOGL,baseline_temporal
2022-11-09T05:00:00+00:00,39814.80267747924,-0.005106672719019656,GOOGL,baseline_temporal
2022-11-10T05:00:00+00:00,41526.92547996694,0.0,GOOGL,baseline_temporal
2022-11-11T05:00:00+00:00,42625.953910211036,0.0,GOOGL,baseline_temporal
2022-11-14T05:00:00+00:00,41342.913136911215,-0.03009998969178418,ADEA,baseline_temporal
2022-11-15T05:00:00+00:00,43452.02125740408,0.0,ADEA,baseline_temporal
2022-11-16T05:00:00+00:00,41962.463647306,-0.03428051370209295,ADEA,baseline_temporal
2022-11-17T05:00:00+00:00,40890.33368605545,-0.05895439377085654,ADEA,baseline_temporal
2022-11-18T05:00:00+00:00,41342.91313691122,-0.04853878046314064,ADEA,baseline_temporal
2022-11-21T05:00:00+00:00,40806.84815628595,-0.06087572049752221,ADEA,baseline_temporal
2022-11-22T05:00:00+00:00,40103.81211612167,-0.07705531398523568,ADEA,baseline_temporal
2022-11-23T05:00:00+00:00,41426.39866668073,-0.046617453736474634,ADEA,baseline_temporal
2022-11-25T05:00:00+00:00,42212.920236614525,-0.028516533522095155,ADEA,baseline_temporal
2022-11-28T05:00:00+00:00,41799.88656301801,-0.0380220446961268,ADEA,baseline_temporal
2022-11-29T05:00:00+00:00,42582.01415770078,-0.020022246941045374,ADEA,baseline_temporal
2022-11-30T05:00:00+00:00,43829.903128992395,0.0,ADEA,baseline_temporal
2022-12-01T05:00:00+00:00,45433.70409561718,0.0,ADEA,baseline_temporal
2022-12-02T05:00:00+00:00,43038.98758380757,-0.052707930367504874,ADEA,baseline_temporal
2022-12-05T05:00:00+00:00,45433.70409561718,0.0,ADEA,baseline_temporal
2022-12-06T05:00:00+00:00,45082.18607553503,-0.007736943907156735,ADEA,baseline_temporal
2022-12-07T05:00:00+00:00,45170.065580555565,-0.005802707930367523,ADEA,baseline_temporal
2022-12-08T05:00:00+00:00,44730.66805545289,-0.015473887814313358,ADEA,baseline_temporal
2022-12-09T05:00:00+00:00,42955.50205403806,-0.054545454545454564,ADEA,baseline_temporal
2022-12-12T05:00:00+00:00,42085.49495433475,-0.07369439071566741,ADEA,baseline_temporal
2022-12-13T05:00:00+00:00,44335.21028286047,-0.024177949709864754,ADEA,baseline_temporal
2022-12-14T05:00:00+00:00,43913.3886587619,-0.033462282398452725,ADEA,baseline_temporal
2022-12-15T05:00:00+00:00,41505.49022119921,-0.08646034816247594,ADEA,baseline_temporal
2022-12-16T05:00:00+00:00,40424.572309446616,-0.11025145067698261,ADEA,baseline_temporal
2022-12-19T05:00:00+00:00,40174.115720138085,-0.11576402321083179,ADEA,baseline_temporal
2022-12-20T05:00:00+00:00,38680.164134788974,-0.1486460348162476,ADEA,baseline_temporal
2022-12-21T05:00:00+00:00,39220.62309066527,-0.13675048355899422,ADEA,baseline_temporal
2022-12-22T05:00:00+00:00,38390.16176822121,-0.15502901353965182,ADEA,baseline_temporal
2022-12-23T05:00:00+00:00,39014.10625386701,-0.14129593810444885,ADEA,baseline_temporal
2022-12-27T05:00:00+00:00,39304.108620434774,-0.13491295938104464,ADEA,baseline_temporal
2022-12-28T05:00:00+00:00,39387.59415020429,-0.13307543520309473,ADEA,baseline_temporal
2022-12-29T05:00:00+00:00,38891.07494683826,-0.14400386847195368,ADEA,baseline_temporal
2022-12-30T05:00:00+00:00,39137.13756089576,-0.13858800773694402,ADEA,baseline_temporal
2023-01-03T05:00:00+00:00,39884.11335357031,-0.12214700193423611,ADEA,baseline_temporal
2023-01-04T05:00:00+00:00,41835.038365026216,-0.0792069632495166,ADEA,baseline_temporal
2023-01-05T05:00:00+00:00,42085.49495433475,-0.07369439071566741,ADEA,baseline_temporal
2023-01-06T05:00:00+00:00,43328.98995037534,-0.04632495164410044,ADEA,baseline_temporal
2023-01-09T05:00:00+00:00,44554.90904541182,-0.01934235976789156,ADEA,baseline_temporal
2023-01-10T05:00:00+00:00,43983.69226277833,-0.03191489361702138,ADEA,baseline_temporal
2023-01-11T05:00:00+00:00,44598.84879792207,-0.018375241779497342,ADEA,baseline_temporal
2023-01-12T05:00:00+00:00,45301.884838086364,-0.0029013539651839837,ADEA,baseline_temporal
2023-01-13T05:00:00+00:00,44675.60735684583,-0.01668577884770084,AAPL,baseline_temporal
2023-01-17T05:00:00+00:00,45270.95137492706,-0.0035822023304019623,GOOGL,baseline_temporal
2023-01-18T05:00:00+00:00,45310.640976132476,-0.0027086305625820817,GOOGL,baseline_temporal
2023-01-19T05:00:00+00:00,44611.11175488703,-0.018105332970408172,GOOGL,baseline_temporal
2023-01-20T05:00:00+00:00,44303.14550016888,-0.024883698521894426,ADEA,baseline_temporal
2023-01-23T05:00:00+00:00,43550.82793507167,-0.04144227722623961,ADEA,baseline_temporal
2023-01-24T05:00:00+00:00,44787.09247186884,-0.014231981226701551,ADEA,baseline_temporal
2023-01-25T05:00:00+00:00,44479.12621715068,-0.021010346778187916,ADEA,baseline_temporal
2023-01-26T05:00:00+00:00,45710.991236023314,0.0,ADEA,baseline_temporal
2023-01-27T05:00:00+00:00,46597.453162050006,0.0,XOM,baseline_temporal
2023-01-30T05:00:00+00:00,45858.7348903611,-0.015853189853958227,XOM,baseline_temporal
2023-01-31T05:00:00+00:00,42386.812698156275,-0.09036203007169863,TSLA,baseline_temporal
2023-02-01T05:00:00+00:00,44787.281157455145,-0.03884701591521966,TSLA,baseline_temporal
2023-02-02T05:00:00+00:00,48247.613104953045,0.0,TSLA,baseline_temporal
2023-02-03T05:00:00+00:00,47378.34475193441,-0.01801681569464819,TSLA,baseline_temporal
2023-02-06T05:00:00+00:00,49711.84735292667,0.0,TSLA,baseline_temporal
2023-02-07T05:00:00+00:00,50592.70595065223,0.0,TSLA,baseline_temporal
2023-02-08T05:00:00+00:00,50507.710822801506,-0.001679987781907255,TSLA,baseline_temporal
2023-02-09T05:00:00+00:00,53514.73542176228,0.0,TSLA,baseline_temporal
2023-02-10T05:00:00+00:00,52085.2719079094,-0.0267115870533029,TSLA,baseline_temporal
2023-02-13T05:00:00+00:00,50073.7205487759,-0.0643003248706534,TSLA,baseline_temporal
2023-02-14T05:00:00+00:00,49436.25708989556,-0.07621224882685607,TSLA,baseline_temporal
2023-02-15T05:00:00+00:00,54539.82817584054,0.0,TSLA,baseline_temporal
2023-02-16T05:00:00+00:00,54288.70620719071,-0.004604377700644591,TSLA,baseline_temporal
2023-02-17T05:00:00+00:00,51508.33528249851,-0.05558310311444814,TSLA,baseline_temporal
2023-02-21T05:00:00+00:00,52797.42805490097,-0.031947297584472456,TSLA,baseline_temporal
2023-02-22T05:00:00+00:00,50979.04744088273,-0.06528771457580662,TSLA,baseline_temporal
2023-02-23T05:00:00+00:00,52519.26218193501,-0.03704753134518646,TSLA,baseline_temporal
2023-02-24T05:00:00+00:00,50565.66204633608,-0.0728672286368679,TSLA,baseline_temporal
2023-02-27T05:00:00+00:00,52035.047514179445,-0.04592571603976259,TSLA,baseline_temporal
2023-02-28T05:00:00+00:00,54239.7696184282,-0.005501641047436556,TSLA,baseline_temporal
2023-03-01T05:00:00+00:00,53111.65246695513,-0.02618592241033224,TSLA,baseline_temporal
2023-03-02T05:00:00+00:00,48096.93992376316,-0.11813180326320472,TSLA,baseline_temporal
2023-03-03T05:00:00+00:00,50171.59372630097,-0.08009255979787933,TSLA,baseline_temporal
2023-03-06T05:00:00+00:00,51136.1596469098,-0.06240702698873668,TSLA,baseline_temporal
2023-03-07T05:00:00+00:00,49292.02293354285,-0.09621968784680379,TSLA,baseline_temporal
2023-03-08T05:00:00+00:00,47659.08623483524,-0.12615994899766225,TSLA,baseline_temporal
2023-03-09T05:00:00+00:00,46425.36907603249,-0.14878043021416243,TSLA,baseline_temporal
2023-03-10T05:00:00+00:00,45106.65678937903,-0.17295931619088079,TSLA,baseline_temporal
2023-03-13T04:00:00+00:00,43129.87616436627,-0.2092040329626217,TSLA,baseline_temporal
2023-03-14T04:00:00+00:00,45668.139755180695,-0.16266439989610626,TSLA,baseline_temporal
2023-03-15T04:00:00+00:00,46252.1749424517,-0.15195598355515205,COST,baseline_temporal
2023-03-16T04:00:00+00:00,46580.31842395962,-0.1459393991161625,COST,baseline_temporal
2023-03-17T04:00:00+00:00,47652.080248368075,-0.12628840533317864,TSLA,baseline_temporal
2023-03-20T04:00:00+00:00,45990.20378088171,-0.1567592836448658,TSLA,baseline_temporal
2023-03-21T04:00:00+00:00,48085.11289546692,-0.1183486544835296,XOM,baseline_temporal
2023-03-22T04:00:00+00:00,49299.85135011584,-0.09607615207056797,XOM,baseline_temporal
2023-03-23T04:00:00+00:00,48635.862957532314,-0.10825052838951743,XOM,baseline_temporal
2023-03-24T04:00:00+00:00,46839.49125976761,-0.1411874069578376,XOM,baseline_temporal
2023-03-27T04:00:00+00:00,48347.61993439529,-0.11353552896208441,XOM,baseline_temporal
2023-03-28T04:00:00+00:00,47731.066935844035,-0.12484016667680997,AMD,baseline_temporal
2023-03-29T04:00:00+00:00,47385.797256655336,-0.13117076379705617,AMD,baseline_temporal
2023-03-30T04:00:00+00:00,48337.75508641848,-0.11371640316551979,AMD,baseline_temporal
2023-03-31T04:00:00+00:00,48819.699162594545,-0.10487985027755986,TSLA,baseline_temporal
2023-04-03T04:00:00+00:00,49407.91808633765,-0.09409472418866494,TSLA,baseline_temporal
2023-04-04T04:00:00+00:00,48767.79749285251,-0.10583147905010937,TSLA,baseline_temporal
2023-04-05T04:00:00+00:00,47085.93624240217,-0.13666878284629835,TSLA,baseline_temporal
2023-04-06T04:00:00+00:00,45248.369982725715,-0.17036097296013586,TSLA,baseline_temporal
2023-04-10T04:00:00+00:00,44472.316444678094,-0.18459008889254336,TSLA,baseline_temporal
2023-04-11T04:00:00+00:00,46780.66926933616,-0.14226592136462668,AMD,baseline_temporal
2023-04-12T04:00:00+00:00,46249.845518518174,-0.15199869406619393,AMD,baseline_temporal
2023-04-13T04:00:00+00:00,44362.170949148014,-0.18660963129328145,TSLA,baseline_temporal
2023-04-14T04:00:00+00:00,44603.43442975472,-0.18218601118525957,TSLA,baseline_temporal
2023-04-17T04:00:00+00:00,45178.102217732536,-0.17164934821439282,TSLA,baseline_temporal
2023-04-18T04:00:00+00:00,45869.067318701964,-0.15898034788784787,AMD,baseline_temporal
2023-04-19T04:00:00+00:00,44316.899338263414,-0.1874396964474775,AMD,baseline_temporal
2023-04-20T04:00:00+00:00,44474.6196330499,-0.1845478594164185,AMD,baseline_temporal
2023-04-21T04:00:00+00:00,44962.80149786525,-0.17559693527266407,AMD,baseline_temporal
2023-04-24T04:00:00+00:00,44116.619598851976,-0.19111187045517186,AMD,baseline_temporal
2023-04-25T04:00:00+00:00,43510.773387132416,-0.2022201968284465,AMD,baseline_temporal
2023-04-26T04:00:00+00:00,43315.50064120627,-0.20580056648594836,AMD,baseline_temporal
2023-04-27T04:00:00+00:00,43265.430706353414,-0.20671860998787195,AMD,baseline_temporal
2023-04-28T04:00:00+00:00,43570.857308955834,-0.20111854462613843,AMD,baseline_temporal
2023-05-01T04:00:00+00:00,45578.66169655539,-0.16430500019900451,AMD,baseline_temporal
2023-05-02T04:00:00+00:00,45218.32294808107,-0.1709118920893229,TSLA,baseline_temporal
2023-05-03T04:00:00+00:00,44695.97142897486,-0.18048932451947486,TSLA,baseline_temporal
2023-05-04T04:00:00+00:00,44390.275440079786,-0.18609432913939206,NVDA,baseline_temporal
2023-05-05T04:00:00+00:00,44679.88216640143,-0.1807843247626284,NVDA,baseline_temporal
2023-05-08T04:00:00+00:00,45790.04128396776,-0.16042930798503452,NVDA,baseline_temporal
2023-05-09T04:00:00+00:00,46401.43326175791,-0.1492192987452,NVDA,baseline_temporal
2023-05-10T04:00:00+00:00,47003.180955354204,-0.1381861196222991,XOM,baseline_temporal
2023-05-11T04:00:00+00:00,45608.65455432155,-0.16375507441505344,XOM,baseline_temporal
2023-05-12T04:00:00+00:00,45023.52271711285,-0.17448359807893787,NVDA,baseline_temporal
2023-05-15T04:00:00+00:00,44991.89396915562,-0.17506351827698574,NVDA,baseline_temporal
2023-05-16T04:00:00+00:00,45513.76831044988,-0.1654948350091966,NVDA,baseline_temporal
2023-05-17T04:00:00+00:00,46684.03198486728,-0.1440377876814276,NVDA,baseline_temporal
2023-05-18T04:00:00+00:00,47996.62502509222,-0.11997109946244322,NVDA,baseline_temporal
2023-05-19T04:00:00+00:00,49767.834910696925,-0.08749556837176586,NVDA,baseline_temporal
2023-05-22T04:00:00+00:00,49767.834910696925,-0.08749556837176586,ADEA,baseline_temporal
2023-05-23T04:00:00+00:00,50088.88137854547,-0.08160910927230802,ADEA,baseline_temporal
2023-05-24T04:00:00+00:00,49020.92832230044,-0.10119026843551382,TSLA,baseline_temporal
2023-05-25T04:00:00+00:00,50180.34335313572,-0.0799321334245775,TSLA,baseline_temporal
2023-05-26T04:00:00+00:00,49663.85220250842,-0.08940211468234938,TSLA,baseline_temporal
2023-05-30T04:00:00+00:00,53828.0621044412,-0.013050390791561672,TSLA,baseline_temporal
2023-05-31T04:00:00+00:00,53741.9802460033,-0.014628721001190503,TSLA,baseline_temporal
2023-06-01T04:00:00+00:00,54497.886565411005,-0.0007690088478884416,TSLA,baseline_temporal
2023-06-02T04:00:00+00:00,56531.57047100609,0.0,TSLA,baseline_temporal
2023-06-05T04:00:00+00:00,58589.46489928683,0.0,TSLA,baseline_temporal
2023-06-06T04:00:00+00:00,58142.915258640285,-0.007621671258035034,TSLA,baseline_temporal
2023-06-07T04:00:00+00:00,61333.32413699447,0.0,TSLA,baseline_temporal
2023-06-08T04:00:00+00:00,60316.48218419694,-0.016578947368420915,TSLA,baseline_temporal
2023-06-09T04:00:00+00:00,67001.27650351409,0.0,TSLA,baseline_temporal
2023-06-12T04:00:00+00:00,66697.2999409053,-0.004536877183121235,TSLA,baseline_temporal
2023-06-13T04:00:00+00:00,68195.66228933977,0.0,TSLA,baseline_temporal
2023-06-14T04:00:00+00:00,69987.24096807832,0.0,TSLA,baseline_temporal
2023-06-15T04:00:00+00:00,66821.04261240979,-0.045239650997424774,TSLA,baseline_temporal
2023-06-16T04:00:00+00:00,69650.98370855532,-0.004804550870584734,TSLA,baseline_temporal
2023-06-20T04:00:00+00:00,70345.01869221078,0.0,TSLA,baseline_temporal
2023-06-21T04:00:00+00:00,74011.56785004953,0.0,TSLA,baseline_temporal
2023-06-22T04:00:00+00:00,67458.58637646538,-0.08853996292661659,TSLA,baseline_temporal
2023-06-23T04:00:00+00:00,69750.51585737414,-0.05757278377494257,TSLA,baseline_temporal
2023-06-26T04:00:00+00:00,67268.93728209441,-0.09110238796205428,TSLA,baseline_temporal
2023-06-27T04:00:00+00:00,65432.97264509886,-0.11590884309235627,TSLA,baseline_temporal
2023-06-28T04:00:00+00:00,67170.7501623137,-0.0924290335477772,TSLA,baseline_temporal
2023-06-29T04:00:00+00:00,69411.56853977495,-0.06215243702976769,TSLA,baseline_temporal
2023-06-30T04:00:00+00:00,71926.43522336116,-0.0281730638501394,ORCL,baseline_temporal
2023-07-03T04:00:00+00:00,70828.13116303568,-0.04301269084670145,ORCL,baseline_temporal
2023-07-05T04:00:00+00:00,71425.00463263628,-0.034948093825734494,TSLA,baseline_temporal
2023-07-06T04:00:00+00:00,71238.00135675282,-0.037474770145608405,TSLA,baseline_temporal
2023-07-07T04:00:00+00:00,71426.85843637306,-0.034923046339366715,AMZN,baseline_temporal
2023-07-10T04:00:00+00:00,71693.48019583694,-0.031320612730554975,AMZN,baseline_temporal
2023-07-11T04:00:00+00:00,70960.2703573113,-0.04122730515478723,AMZN,baseline_temporal
2023-07-12T04:00:00+00:00,72382.25307445193,-0.022014325907791288,AMZN,baseline_temporal
2023-07-13T04:00:00+00:00,71927.77660983898,-0.0281549398390315,TSLA,baseline_temporal
2023-07-14T04:00:00+00:00,72561.6861454951,-0.019589933664044934,TSLA,baseline_temporal
2023-07-17T04:00:00+00:00,75080.29779232711,0.0,TSLA,baseline_temporal
2023-07-18T04:00:00+00:00,76003.65775645428,0.0,TSLA,baseline_temporal
2023-07-19T04:00:00+00:00,77546.52022133631,0.0,TSLA,baseline_temporal
2023-07-20T04:00:00+00:00,73229.64867273605,-0.05566815295230376,TSLA,baseline_temporal
2023-07-21T04:00:00+00:00,70201.55188257713,-0.09471693014457494,TSLA,baseline_temporal
2023-07-24T04:00:00+00:00,69648.34184604243,-0.1018508419559071,AMZN,baseline_temporal
2023-07-25T04:00:00+00:00,69116.51190753805,-0.1087090470305695,AMZN,baseline_temporal
2023-07-26T04:00:00+00:00,66799.77149445405,-0.13858453862544018,TSLA,baseline_temporal
2023-07-27T04:00:00+00:00,68083.74810893435,-0.12202703725960806,TSLA,baseline_temporal
2023-07-28T04:00:00+00:00,69052.10985411017,-0.10953954275422106,AMD,baseline_temporal
2023-07-31T04:00:00+00:00,69527.15523853604,-0.10341360205346528,AMD,baseline_temporal
2023-08-01T04:00:00+00:00,69588.05849294963,-0.1026282250405477,AMD,baseline_temporal
2023-08-02T04:00:00+00:00,72773.29869877954,-0.061553007264966264,AMD,baseline_temporal
2023-08-03T04:00:00+00:00,71728.61332977626,-0.07502473192806525,ORCL,baseline_temporal
2023-08-04T04:00:00+00:00,71786.65140583197,-0.07427630278011566,ORCL,baseline_temporal
2023-08-07T04:00:00+00:00,72965.53771473278,-0.0590739918893628,AMD,baseline_temporal
2023-08-08T04:00:00+00:00,72075.10231120132,-0.07055658841322932,AMD,baseline_temporal
2023-08-09T04:00:00+00:00,70789.61458075097,-0.08713357635261398,AMD,baseline_temporal
2023-08-10T04:00:00+00:00,69835.74805298304,-0.09943414799716199,ORCL,baseline_temporal
2023-08-11T04:00:00+00:00,68983.62728817701,-0.11042265866629153,ORCL,baseline_temporal
2023-08-14T04:00:00+00:00,69466.9196622461,-0.1041903690330539,ORCL,baseline_temporal
2023-08-15T04:00:00+00:00,70859.56479278729,-0.08623153443201381,ORCL,baseline_temporal
2023-08-16T04:00:00+00:00,71908.81797333203,-0.0727009056230109,ORCL,baseline_temporal
2023-08-17T04:00:00+00:00,71037.61987797063,-0.0839354277250316,ORCL,baseline_temporal
2023-08-18T04:00:00+00:00,70007.8565716331,-0.09721472515060703,CAT,baseline_temporal
2023-08-21T04:00:00+00:00,70454.53312269381,-0.09145461431925339,CAT,baseline_temporal
2023-08-22T04:00:00+00:00,70245.9057515397,-0.0941449654859936,CAT,baseline_temporal
2023-08-23T04:00:00+00:00,69998.16847151311,-0.09733965790184262,ORCL,baseline_temporal
2023-08-24T04:00:00+00:00,71540.33303967865,-0.07745269761318196,ORCL,baseline_temporal
2023-08-25T04:00:00+00:00,71518.3535986741,-0.07773613316827599,CAT,baseline_temporal
2023-08-28T04:00:00+00:00,72040.36532253212,-0.07100453873479184,CAT,baseline_temporal
2023-08-29T04:00:00+00:00,72435.99526061397,-0.06590269874309873,CAT,baseline_temporal
2023-08-30T04:00:00+00:00,73760.256581138,-0.04882570654868079,CAT,baseline_temporal
2023-08-31T04:00:00+00:00,73831.32182500926,-0.047909285751610575,AMZN,baseline_temporal
2023-09-01T04:00:00+00:00,74480.11720252161,-0.03954275459507983,AAPL,baseline_temporal
2023-09-05T04:00:00+00:00,73558.82931629055,-0.051423208851460234,AMZN,baseline_temporal
2023-09-06T04:00:00+00:00,72805.77660928431,-0.061134188852327354,AMZN,baseline_temporal
2023-09-07T04:00:00+00:00,71513.30316889063,-0.07780126091055317,AMZN,baseline_temporal
2023-09-08T04:00:00+00:00,73094.1797736697,-0.057415090128590696,AMZN,baseline_temporal
2023-09-11T04:00:00+00:00,73799.7220494773,-0.04831678018774721,AAPL,baseline_temporal
2023-09-12T04:00:00+00:00,73563.1578746477,-0.05136738999144175,AAPL,baseline_temporal
2023-09-13T04:00:00+00:00,72338.83451368743,-0.06715563371231748,AAPL,baseline_temporal
2023-09-14T04:00:00+00:00,71313.72308942577,-0.08037494286166091,AAPL,baseline_temporal
2023-09-15T04:00:00+00:00,72330.53401632498,-0.06726267265279806,AAPL,baseline_temporal
2023-09-18T04:00:00+00:00,72330.53401632498,-0.06726267265279806,AAPL,baseline_temporal
2023-09-19T04:00:00+00:00,72753.85938180955,-0.06180368668829184,AAPL,baseline_temporal
2023-09-20T04:00:00+00:00,73467.70215497962,-0.05259833780696754,AAPL,baseline_temporal
2023-09-21T04:00:00+00:00,71537.8365182117,-0.07748489146868731,AAPL,baseline_temporal
2023-09-22T04:00:00+00:00,71587.63950238637,-0.07684265782580402,AAPL,baseline_temporal
2023-09-25T04:00:00+00:00,71622.1478848893,-0.076397655491664,NVDA,baseline_temporal
2023-09-26T04:00:00+00:00,71880.29072693459,-0.07306877830531844,AAPL,baseline_temporal
2023-09-27T04:00:00+00:00,70972.62718554954,-0.08477354002504955,AAPL,baseline_temporal
2023-09-28T04:00:00+00:00,69623.62265615155,-0.1021696079020814,AAPL,baseline_temporal
2023-09-29T04:00:00+00:00,70726.97512618385,-0.08794134250883012,AAPL,baseline_temporal
2023-10-02T04:00:00+00:00,70398.05118228743,-0.09218297634304473,AAPL,baseline_temporal
2023-10-03T04:00:00+00:00,70822.73779339419,-0.08670643645583109,AAPL,baseline_temporal
2023-10-04T04:00:00+00:00,70343.92445734244,-0.09288096672082691,AAPL,baseline_temporal
2023-10-05T04:00:00+00:00,71455.60411582782,-0.07854531819253208,AAPL,baseline_temporal
2023-10-06T04:00:00+00:00,71459.76771005435,-0.07849162662501052,AAPL,baseline_temporal
2023-10-09T04:00:00+00:00,72696.35519533585,-0.06254523107106447,AAPL,baseline_temporal
2023-10-10T04:00:00+00:00,73225.13166210605,-0.05572640199580814,AAPL,baseline_temporal
2023-10-11T04:00:00+00:00,73266.76760437142,-0.055189486320591286,AAPL,baseline_temporal
2023-10-12T04:00:00+00:00,74037.03253628075,-0.045256546329076275,AAPL,baseline_temporal
2023-10-13T04:00:00+00:00,74590.79056841017,-0.038115567848689746,AAPL,baseline_temporal
2023-10-16T04:00:00+00:00,76294.12233314094,-0.016150278369947757,XOM,baseline_temporal
2023-10-17T04:00:00+00:00,75335.97988578989,-0.028505990071985288,JPM,baseline_temporal
2023-10-18T04:00:00+00:00,76766.21931207886,-0.010062358788380021,XOM,baseline_temporal
2023-10-19T04:00:00+00:00,77383.48053816147,-0.002102475813350213,XOM,baseline_temporal
2023-10-20T04:00:00+00:00,77518.97690486253,-0.00035518442858761823,XOM,baseline_temporal
2023-10-23T04:00:00+00:00,75953.2411118725,-0.02054610709695559,XOM,baseline_temporal
2023-10-24T04:00:00+00:00,79367.90687267359,0.0,NVDA,baseline_temporal
2023-10-25T04:00:00+00:00,79958.55176102837,0.0,NVDA,baseline_temporal
2023-10-26T04:00:00+00:00,77116.073235821,-0.03554939981532779,NVDA,baseline_temporal
2023-10-27T04:00:00+00:00,75768.66458426164,-0.05240073868882744,NVDA,baseline_temporal
2023-10-30T04:00:00+00:00,75694.8339732173,-0.05332409972299168,NVDA,baseline_temporal
2023-10-31T04:00:00+00:00,74513.54419650773,-0.0680978762696215,NVDA,baseline_temporal
2023-11-01T04:00:00+00:00,75325.68091799557,-0.057940904893813316,NVDA,baseline_temporal
2023-11-02T04:00:00+00:00,79829.34819170077,-0.001615881809787445,NVDA,baseline_temporal
2023-11-03T04:00:00+00:00,81102.92623221577,0.0,NVDA,baseline_temporal
2023-11-06T05:00:00+00:00,83428.59048011272,0.0,NVDA,baseline_temporal
2023-11-07T05:00:00+00:00,84222.26954883945,0.0,NVDA,baseline_temporal
2023-11-08T05:00:00+00:00,84923.66035376074,0.0,NVDA,baseline_temporal
2023-11-09T05:00:00+00:00,87452.35878202965,0.0,NVDA,baseline_temporal
2023-11-10T05:00:00+00:00,87507.7317403129,0.0,NVDA,baseline_temporal
2023-11-13T05:00:00+00:00,89021.25926672202,0.0,NVDA,baseline_temporal
2023-11-14T05:00:00+00:00,90043.7373763187,0.0,XOM,baseline_temporal
2023-11-15T05:00:00+00:00,89752.94084973617,-0.0032295030732366614,XOM,baseline_temporal
2023-11-16T05:00:00+00:00,88833.6486044107,-0.013438899885404587,XOM,baseline_temporal
2023-11-17T05:00:00+00:00,90369.36099024533,0.0,NVDA,baseline_temporal
2023-11-20T05:00:00+00:00,89985.43289378667,-0.0042484321262391544,NVDA,baseline_temporal
2023-11-21T05:00:00+00:00,88983.4299293028,-0.015336293692417846,XOM,baseline_temporal
2023-11-22T05:00:00+00:00,87591.75914529743,-0.030736101423221585,XOM,baseline_temporal
2023-11-24T05:00:00+00:00,88825.70724044886,-0.01708160523524227,XOM,baseline_temporal
2023-11-27T05:00:00+00:00,88890.6518770358,-0.016362947541137873,XOM,baseline_temporal
2023-11-28T05:00:00+00:00,89710.43571325243,-0.007291467702909005,NVDA,baseline_temporal
2023-11-29T05:00:00+00:00,89971.2760247759,-0.0044050877543817535,NVDA,baseline_temporal
2023-11-30T05:00:00+00:00,89300.54379514411,-0.011827207622023495,NVDA,baseline_temporal
2023-12-01T05:00:00+00:00,86524.4576225014,-0.042546537074207635,NVDA,baseline_temporal
2023-12-04T05:00:00+00:00,85686.04233546168,-0.05182418690875967,NVDA,baseline_temporal
2023-12-05T05:00:00+00:00,84568.15528607536,-0.06419438668816269,NVDA,baseline_temporal
2023-12-06T05:00:00+00:00,87810.02772929569,-0.028320807327894104,NVDA,baseline_temporal
2023-12-07T05:00:00+00:00,84996.67865500676,-0.05945247677272514,NVDA,baseline_temporal
2023-12-08T05:00:00+00:00,86654.87777826314,-0.04110334709994401,NVDA,baseline_temporal
2023-12-11T05:00:00+00:00,88331.70835234263,-0.02254804743083949,NVDA,baseline_temporal
2023-12-12T05:00:00+00:00,85630.14798299235,-0.05244269689773007,NVDA,baseline_temporal
2023-12-13T05:00:00+00:00,88573.917213043,-0.01986783747863552,NVDA,baseline_temporal
2023-12-14T05:00:00+00:00,89989.907475599,-0.0041989177580583625,NVDA,baseline_temporal
2023-12-15T05:00:00+00:00,89635.90990996,-0.00811614768820268,NVDA,baseline_temporal
2023-12-18T05:00:00+00:00,91871.68400873266,0.0,NVDA,baseline_temporal
2023-12-19T05:00:00+00:00,91927.57836120197,0.0,NVDA,baseline_temporal
2023-12-20T05:00:00+00:00,92212.84110707277,0.0,AMD,baseline_temporal
2023-12-21T05:00:00+00:00,91584.19656474453,-0.006817321045322622,JPM,baseline_temporal
2023-12-22T05:00:00+00:00,93135.5721254909,0.0,AMD,baseline_temporal
2023-12-26T05:00:00+00:00,92863.74991185585,-0.0029185649202734254,AMD,baseline_temporal
2023-12-27T05:00:00+00:00,95946.6116030826,0.0,AMD,baseline_temporal
2023-12-28T05:00:00+00:00,97325.61210152382,0.0,AMD,baseline_temporal
2023-12-29T05:00:00+00:00,99115.66082546192,0.0,AMD,baseline_temporal
2024-01-02T05:00:00+00:00,95654.89995918158,-0.03491638795986618,AMD,baseline_temporal
2024-01-03T05:00:00+00:00,94177.84792074628,-0.04981869528581262,AMZN,baseline_temporal
2024-01-04T05:00:00+00:00,91899.14798110892,-0.07280900701515713,AMZN,baseline_temporal
2024-01-05T05:00:00+00:00,93596.16873310557,-0.05568738629585401,AMD,baseline_temporal
2024-01-08T05:00:00+00:00,96045.9003025201,-0.030971498322021285,AMD,baseline_temporal
2024-01-09T05:00:00+00:00,99871.03982012544,0.0,AMD,baseline_temporal
2024-01-10T05:00:00+00:00,102690.283972636,0.0,AMD,baseline_temporal
2024-01-11T05:00:00+00:00,101629.64600263811,-0.010328513360431613,AMD,baseline_temporal
2024-01-12T05:00:00+00:00,101301.1903732194,-0.013527020723662075,AMD,baseline_temporal
2024-01-16T05:00:00+00:00,102888.72591540981,0.0,AMD,baseline_temporal
2024-01-17T05:00:00+00:00,108424.57183623758,0.0,AMD,baseline_temporal
2024-01-18T05:00:00+00:00,113727.76168622711,0.0,AMD,baseline_temporal
2024-01-19T05:00:00+00:00,113454.04866171152,-0.002406738868832692,AMD,baseline_temporal
2024-01-22T05:00:00+00:00,119332.03586318377,0.0,AMD,baseline_temporal
2024-01-23T05:00:00+00:00,118792.32628799931,-0.004522755111655452,TSLA,baseline_temporal
2024-01-24T05:00:00+00:00,119118.40082300658,-0.0017902572316970122,TSLA,baseline_temporal
2024-01-25T05:00:00+00:00,126615.50793942415,0.0,AMD,baseline_temporal
2024-01-26T05:00:00+00:00,121009.93613598852,-0.044272395180197543,AMD,baseline_temporal
2024-01-29T05:00:00+00:00,121094.74094298408,-0.043602613031267334,TSLA,baseline_temporal
2024-01-30T05:00:00+00:00,127422.48423419213,0.0,TSLA,baseline_temporal
2024-01-31T05:00:00+00:00,121985.19141643759,-0.0426713766446527,TSLA,baseline_temporal
2024-02-01T05:00:00+00:00,122966.97014357863,-0.03496646700455652,TSLA,baseline_temporal
2024-02-02T05:00:00+00:00,126250.54493562077,-0.00919727240929813,AMD,baseline_temporal
2024-02-05T05:00:00+00:00,130100.75431567023,0.0,AMD,baseline_temporal
2024-02-06T05:00:00+00:00,125122.94948594335,-0.038261152718984115,TSLA,baseline_temporal
2024-02-07T05:00:00+00:00,127655.61080042852,-0.018794230118827193,AAPL,baseline_temporal
2024-02-08T05:00:00+00:00,126815.90491006446,-0.02524850392208766,AAPL,baseline_temporal
2024-02-09T05:00:00+00:00,127314.74044279353,-0.021414279167950467,AMD,baseline_temporal
2024-02-12T05:00:00+00:00,128565.55192784553,-0.011800103665039141,AMD,baseline_temporal
2024-02-13T05:00:00+00:00,129244.8253174257,-0.006578970296880482,ADM,baseline_temporal
2024-02-14T05:00:00+00:00,126945.74615269284,-0.024250498619879157,ADM,baseline_temporal
2024-02-15T05:00:00+00:00,125734.95993203003,-0.033557025911219895,AAPL,baseline_temporal
2024-02-16T05:00:00+00:00,124548.78106474674,-0.04267441245922721,AMD,baseline_temporal
2024-02-20T05:00:00+00:00,120119.91203956469,-0.0767162521739767,AMD,baseline_temporal
2024-02-21T05:00:00+00:00,119634.3828882326,-0.08044819941660386,ADM,baseline_temporal
2024-02-22T05:00:00+00:00,122734.53772820428,-0.056619322664286154,CAT,baseline_temporal
2024-02-23T05:00:00+00:00,123496.74140223554,-0.050760758061486944,CAT,baseline_temporal
2024-02-26T05:00:00+00:00,121649.38063659638,-0.06496022043475502,AAPL,baseline_temporal
2024-02-27T05:00:00+00:00,120887.51287558462,-0.0708162030923436,AAPL,baseline_temporal
2024-02-28T05:00:00+00:00,121114.28003820937,-0.06907319119500654,AMD,baseline_temporal
2024-02-29T05:00:00+00:00,122801.24665897919,-0.056106574439836576,ADM,baseline_temporal
2024-03-01T05:00:00+00:00,125331.69659013393,-0.03665664930708157,ADM,baseline_temporal
2024-03-04T05:00:00+00:00,124438.59661443223,-0.04352132876570114,ADM,baseline_temporal
2024-03-05T05:00:00+00:00,121486.40502808506,-0.06621290808724845,ADM,baseline_temporal
2024-03-06T05:00:00+00:00,121701.98483116343,-0.0645558861567277,AAPL,baseline_temporal
2024-03-07T05:00:00+00:00,120343.83207176981,-0.07499512431900812,AAPL,baseline_temporal
2024-03-08T05:00:00+00:00,120236.04217023063,-0.0758236352842685,AAPL,baseline_temporal
2024-03-11T04:00:00+00:00,123038.57961024917,-0.054282350187499606,AAPL,baseline_temporal
2024-03-12T04:00:00+00:00,123189.485472404,-0.05312243483613521,AAPL,baseline_temporal
2024-03-13T04:00:00+00:00,122916.41772183811,-0.055221329281461284,AAPL,baseline_temporal
2024-03-14T04:00:00+00:00,123017.02162994133,-0.054448052380551726,AAPL,baseline_temporal
2024-03-15T04:00:00+00:00,121781.0307589588,-0.06394831144887025,AAPL,baseline_temporal
2024-03-18T04:00:00+00:00,124914.12389703079,-0.03986625939196975,AAPL,baseline_temporal
2024-03-19T04:00:00+00:00,125321.2755394592,-0.036736749155307225,NFLX,baseline_temporal
2024-03-20T04:00:00+00:00,126217.00915280166,-0.029851826634649914,NFLX,baseline_temporal
2024-03-21T04:00:00+00:00,128395.27043979357,-0.013108946868505833,NFLX,baseline_temporal
2024-03-22T04:00:00+00:00,127072.0276019013,-0.023279855137658734,NFLX,baseline_temporal
2024-03-25T04:00:00+00:00,126190.25757796573,-0.03005744861568027,AAPL,baseline_temporal
2024-03-26T04:00:00+00:00,125771.79044796241,-0.03327393365609721,AAPL,baseline_temporal
2024-03-27T04:00:00+00:00,126078.1681681434,-0.030919007108649255,AAPL,baseline_temporal
2024-03-28T04:00:00+00:00,123271.9768257682,-0.05248837737968082,NFLX,baseline_temporal
2024-04-01T04:00:00+00:00,121868.8811545806,-0.0632730625151966,NFLX,baseline_temporal
2024-04-02T04:00:00+00:00,122470.20787080386,-0.05865105459997544,NFLX,baseline_temporal
2024-04-03T04:00:00+00:00,122258.04323351274,-0.060281826369187,AAPL,baseline_temporal
2024-04-04T04:00:00+00:00,123348.13050787055,-0.0519030334859969,AAPL,baseline_temporal
2024-04-05T04:00:00+00:00,122843.32499155721,-0.055783145626534525,AAPL,baseline_temporal
2024-04-08T04:00:00+00:00,122916.40251980917,-0.05522144612958424,AMD,baseline_temporal
2024-04-09T04:00:00+00:00,122674.02180375578,-0.057084469271366234,AAPL,baseline_temporal
2024-04-10T04:00:00+00:00,117741.20227653407,-0.09499984918725024,NVDA,baseline_temporal
2024-04-11T04:00:00+00:00,122645.91456998243,-0.05730051132216907,NVDA,baseline_temporal
2024-04-12T04:00:00+00:00,120438.88104210337,-0.07426454461688792,AMD,baseline_temporal
2024-04-15T04:00:00+00:00,121199.78280026653,-0.06841598699579254,AAPL,baseline_temporal
2024-04-16T04:00:00+00:00,118700.67427345537,-0.08762501110911514,AAPL,baseline_temporal
2024-04-17T04:00:00+00:00,118087.07007489385,-0.09234138805703573,ADM,baseline_temporal
2024-04-18T04:00:00+00:00,118383.2927914408,-0.09006451642700497,ADM,baseline_temporal
2024-04-19T04:00:00+00:00,115857.07539044452,-0.1094819088493948,NVDA,baseline_temporal
2024-04-22T04:00:00+00:00,115371.28672965571,-0.11321585077266849,AAPL,baseline_temporal
2024-04-23T04:00:00+00:00,115258.64008367568,-0.11408169237806531,AAPL,baseline_temporal
2024-04-24T04:00:00+00:00,130947.58216162527,0.0,TSLA,baseline_temporal
2024-04-25T04:00:00+00:00,127827.48501849639,-0.023827069516089483,TSLA,baseline_temporal
2024-04-26T04:00:00+00:00,128094.04614669272,-0.021791437213483644,AAPL,baseline_temporal
2024-04-29T04:00:00+00:00,130729.19329971942,-0.0016677578791511882,AAPL,baseline_temporal
2024-04-30T04:00:00+00:00,128196.72726720537,-0.021007298103638106,META,baseline_temporal
2024-05-01T04:00:00+00:00,127468.45597028121,-0.02656884635754375,META,baseline_temporal
2024-05-02T04:00:00+00:00,130513.4092117419,-0.003315624028456421,META,baseline_temporal
2024-05-03T04:00:00+00:00,132623.29807196662,0.0,META,baseline_temporal
2024-05-06T04:00:00+00:00,135491.4282413346,0.0,META,baseline_temporal
2024-05-07T04:00:00+00:00,138677.24054022506,0.0,META,baseline_temporal
2024-05-08T04:00:00+00:00,136222.10135757976,-0.017703980646580297,NVDA,baseline_temporal
2024-05-09T04:00:00+00:00,137808.02977369848,-0.006267868924565545,NVDA,baseline_temporal
2024-05-10T04:00:00+00:00,138766.36099604686,0.0,ADM,baseline_temporal
2024-05-13T04:00:00+00:00,139796.5670600714,0.0,ADM,baseline_temporal
2024-05-14T04:00:00+00:00,138434.5101622319,-0.009743135518157753,NVDA,baseline_temporal
2024-05-15T04:00:00+00:00,142876.67299950388,0.0,NVDA,baseline_temporal
2024-05-16T04:00:00+00:00,146653.28530714975,0.0,NVDA,baseline_temporal
2024-05-17T04:00:00+00:00,150602.74956279085,0.0,ADM,baseline_temporal
2024-05-20T04:00:00+00:00,149948.86475225425,-0.004341785342132698,ADM,baseline_temporal
2024-05-21T04:00:00+00:00,149708.5364082769,-0.005937561944319714,NVDA,baseline_temporal
2024-05-22T04:00:00+00:00,152672.5859839973,0.0,NVDA,baseline_temporal
2024-05-23T04:00:00+00:00,163182.94556060576,0.0,NVDA,baseline_temporal
2024-05-24T04:00:00+00:00,167060.24284343998,0.0,NVDA,baseline_temporal
2024-05-28T04:00:00+00:00,166810.50574758564,-0.0014948924507931505,ORCL,baseline_temporal
2024-05-29T04:00:00+00:00,166477.52295311322,-0.0034880823851839438,ORCL,baseline_temporal
2024-05-30T04:00:00+00:00,162662.09509978324,-0.02632671705007905,ORCL,baseline_temporal
2024-05-31T04:00:00+00:00,159768.8880842675,-0.04364506261376355,MSFT,baseline_temporal
2024-06-03T04:00:00+00:00,159301.61373452068,-0.04644210362001133,MSFT,baseline_temporal
2024-06-04T04:00:00+00:00,158113.95809558086,-0.053551249510891075,MSFT,baseline_temporal
2024-06-05T04:00:00+00:00,160177.753140296,-0.04119765173329648,MSFT,baseline_temporal
2024-06-06T04:00:00+00:00,162553.06441817567,-0.026979359951536774,MSFT,baseline_temporal
2024-06-07T04:00:00+00:00,162495.89787538748,-0.027321551138471345,ADM,baseline_temporal
2024-06-10T04:00:00+00:00,163239.06293163376,-0.022873065708321927,ADM,baseline_temporal
2024-06-11T04:00:00+00:00,163535.76895088147,-0.021097023639918056,MSFT,baseline_temporal
2024-06-12T04:00:00+00:00,167318.77069628963,0.0,MSFT,baseline_temporal
2024-06-13T04:00:00+00:00,169446.46517642116,0.0,MSFT,baseline_temporal
2024-06-14T04:00:00+00:00,169506.63792683894,0.0,ADM,baseline_temporal
2024-06-17T04:00:00+00:00,165475.0636488488,-0.023784167554135704,ADM,baseline_temporal
2024-06-18T04:00:00+00:00,168137.1561723225,-0.008079221977770223,MSFT,baseline_temporal
2024-06-20T04:00:00+00:00,166861.1745918843,-0.015606842111377639,MSFT,baseline_temporal
2024-06-21T04:00:00+00:00,164710.80857754228,-0.02829287046190254,TSLA,baseline_temporal
2024-06-24T04:00:00+00:00,164566.35075560093,-0.029145095623749562,ADM,baseline_temporal
2024-06-25T04:00:00+00:00,166733.2180847214,-0.016361718196042485,ADM,baseline_temporal
2024-06-26T04:00:00+00:00,168668.19143993448,-0.00494639323367585,TSLA,baseline_temporal
2024-06-27T04:00:00+00:00,176471.378381752,0.0,TSLA,baseline_temporal
2024-06-28T04:00:00+00:00,180431.7444078425,0.0,TSLA,baseline_temporal
2024-07-01T04:00:00+00:00,181760.90834810573,0.0,TSLA,baseline_temporal
2024-07-02T04:00:00+00:00,197918.8400572921,0.0,TSLA,baseline_temporal
2024-07-03T04:00:00+00:00,212087.5468218669,0.0,TSLA,baseline_temporal
2024-07-05T04:00:00+00:00,209387.98610859172,-0.012728520621451467,HD,baseline_temporal
2024-07-08T04:00:00+00:00,211386.19036204542,-0.0033069195732201573,HD,baseline_temporal
2024-07-09T04:00:00+00:00,213318.2289117423,0.0,HD,baseline_temporal
2024-07-10T04:00:00+00:00,223346.7352908601,0.0,TSLA,baseline_temporal
2024-07-11T04:00:00+00:00,223771.67200183964,0.0,TSLA,baseline_temporal
2024-07-12T04:00:00+00:00,200400.1528979635,-0.10444360045575385,TSLA,baseline_temporal
2024-07-15T04:00:00+00:00,199686.35641554656,-0.10763344337032565,COST,baseline_temporal
2024-07-16T04:00:00+00:00,199908.37338164944,-0.10664128487181357,COST,baseline_temporal
2024-07-17T04:00:00+00:00,197888.22688004488,-0.11566899818124421,TSLA,baseline_temporal
2024-07-18T04:00:00+00:00,196604.102747242,-0.12140754462599856,TSLA,baseline_temporal
2024-07-19T04:00:00+00:00,197801.81278530014,-0.1160551690221362,NFLX,baseline_temporal
2024-07-22T04:00:00+00:00,191483.8923345435,-0.14428895033251,NFLX,baseline_temporal
2024-07-23T04:00:00+00:00,193879.31241065974,-0.13358419912478536,NFLX,baseline_temporal
2024-07-24T04:00:00+00:00,190346.06779838828,-0.14937370715617915,NFLX,baseline_temporal
2024-07-25T04:00:00+00:00,191933.0335988153,-0.14228180948106162,NFLX,baseline_temporal
2024-07-26T04:00:00+00:00,194777.06049931637,-0.1295723057487138,AVGO,baseline_temporal
2024-07-29T04:00:00+00:00,192889.66082898388,-0.13800679458927168,AVGO,baseline_temporal
2024-07-30T04:00:00+00:00,193165.97262513902,-0.13677200113358856,LLY,baseline_temporal
2024-07-31T04:00:00+00:00,189609.95994418615,-0.15266325604150932,LLY,baseline_temporal
2024-08-01T04:00:00+00:00,197160.17829939962,-0.11892253145528298,AVGO,baseline_temporal
2024-08-02T04:00:00+00:00,177672.4525447271,-0.2060100773467589,AVGO,baseline_temporal
2024-08-05T04:00:00+00:00,162253.1721537591,-0.27491638819937314,AVGO,baseline_temporal
2024-08-06T04:00:00+00:00,177417.3776002942,-0.20714996669088825,AVGO,baseline_temporal
2024-08-07T04:00:00+00:00,174980.44470226762,-0.218040232095021,LLY,baseline_temporal
2024-08-08T04:00:00+00:00,196721.35120224845,-0.12088357993485799,LLY,baseline_temporal
2024-08-09T04:00:00+00:00,200908.72392788975,-0.1021708774368989,AVGO,baseline_temporal
2024-08-12T04:00:00+00:00,206316.82226168414,-0.07800294641411099,AVGO,baseline_temporal
2024-08-13T04:00:00+00:00,211142.94675903348,-0.056435763874090106,AVGO,baseline_temporal
2024-08-14T04:00:00+00:00,220156.44398202415,-0.016155878836110138,AVGO,baseline_temporal
2024-08-15T04:00:00+00:00,224585.12293253295,0.0,AVGO,baseline_temporal
2024-08-16T04:00:00+00:00,229141.55223738338,0.0,AVGO,baseline_temporal
2024-08-19T04:00:00+00:00,229695.13710619693,0.0,AVGO,baseline_temporal
2024-08-20T04:00:00+00:00,234738.13967135307,0.0,NFLX,baseline_temporal
2024-08-21T04:00:00+00:00,237498.1613455263,0.0,NFLX,baseline_temporal
2024-08-22T04:00:00+00:00,235453.70084613867,-0.008608321377331585,NFLX,baseline_temporal
2024-08-23T04:00:00+00:00,227436.2839946183,-0.04236612735822154,AVGO,baseline_temporal
2024-08-26T04:00:00+00:00,227337.9969228834,-0.04277997086411667,AVGO,baseline_temporal
2024-08-27T04:00:00+00:00,227734.92053165316,-0.041108700625555605,NFLX,baseline_temporal
2024-08-28T04:00:00+00:00,231312.3712840736,-0.02604563347525568,AVGO,baseline_temporal
2024-08-29T04:00:00+00:00,229015.73623313702,-0.035715750658164236,AVGO,baseline_temporal
2024-08-30T04:00:00+00:00,232828.739298474,-0.01966087661730964,AVGO,baseline_temporal
2024-09-03T04:00:00+00:00,231754.03187079213,-0.024185995555465745,AVGO,baseline_temporal
2024-09-04T04:00:00+00:00,217193.95452863653,-0.08549205897787993,AVGO,baseline_temporal
2024-09-05T04:00:00+00:00,217576.72703712597,-0.08388037278072846,AVGO,baseline_temporal
2024-09-06T04:00:00+00:00,207006.31699499482,-0.12838770699437185,AVGO,baseline_temporal
2024-09-09T04:00:00+00:00,201014.4550351795,-0.15361679477285795,AVGO,baseline_temporal
2024-09-10T04:00:00+00:00,204061.9130835377,-0.14078529312630594,AVGO,baseline_temporal
2024-09-11T04:00:00+00:00,214426.21485186685,-0.09714578994189782,AVGO,baseline_temporal
2024-09-12T04:00:00+00:00,228456.29948996016,-0.038071292023231784,AVGO,baseline_temporal
2024-09-13T04:00:00+00:00,240940.57207453845,0.0,AVGO,baseline_temporal
2024-09-16T04:00:00+00:00,238702.825101831,-0.009287547354271064,AVGO,baseline_temporal
2024-09-17T04:00:00+00:00,238975.62833051878,-0.008155304551247466,NFLX,baseline_temporal
2024-09-18T04:00:00+00:00,236489.36379051278,-0.018474299474347644,AVGO,baseline_temporal
2024-09-19T04:00:00+00:00,242933.0553202325,0.0,AVGO,baseline_temporal
2024-09-20T04:00:00+00:00,242197.47409537865,-0.003027917398413349,AVGO,baseline_temporal
2024-09-23T04:00:00+00:00,249185.49573149026,0.0,AVGO,baseline_temporal
2024-09-24T04:00:00+00:00,250362.42569125645,0.0,AVGO,baseline_temporal
2024-09-25T04:00:00+00:00,253025.2297252274,0.0,AVGO,baseline_temporal
2024-09-26T04:00:00+00:00,258600.93540961956,0.0,AVGO,baseline_temporal
2024-09-27T04:00:00+00:00,258130.16342571308,-0.0018204573899193166,AVGO,baseline_temporal
2024-09-30T04:00:00+00:00,248994.24461302828,-0.03714870861303898,AVGO,baseline_temporal
2024-10-01T04:00:00+00:00,249420.88172344348,-0.03549891910342484,AVGO,baseline_temporal
2024-10-02T04:00:00+00:00,242741.80420177054,-0.06132665832290363,AVGO,baseline_temporal
2024-10-03T04:00:00+00:00,245742.97559917427,-0.04972124246216858,AVGO,baseline_temporal
2024-10-04T04:00:00+00:00,255408.51289375385,-0.012344976675389696,AVGO,baseline_temporal
2024-10-07T04:00:00+00:00,253275.32734167768,-0.02059392422346118,AVGO,baseline_temporal
2024-10-08T04:00:00+00:00,254143.3131870052,-0.017237455910797728,AVGO,baseline_temporal
2024-10-09T04:00:00+00:00,259674.88399790614,0.0,AVGO,baseline_temporal
2024-10-10T04:00:00+00:00,253274.39418261728,-0.024648089629417003,AMD,baseline_temporal
2024-10-11T04:00:00+00:00,244956.74133407767,-0.05667911519678259,AMD,baseline_temporal
2024-10-14T04:00:00+00:00,248891.34951331047,-0.0415270599858345,META,baseline_temporal
2024-10-15T04:00:00+00:00,251518.8883323443,-0.031408488722488914,MSFT,baseline_temporal
2024-10-16T04:00:00+00:00,247338.98749838702,-0.04750515841038594,MSFT,baseline_temporal
2024-10-17T04:00:00+00:00,247690.62097506938,-0.04615102869530274,NFLX,baseline_temporal
2024-10-18T04:00:00+00:00,259364.8524009245,-0.0011939221545359535,NFLX,baseline_temporal
2024-10-21T04:00:00+00:00,258728.1499219489,-0.0036458438389631587,MSFT,baseline_temporal
2024-10-22T04:00:00+00:00,257037.46846011744,-0.01015660620381742,CAT,baseline_temporal
2024-10-23T04:00:00+00:00,264628.530434458,0.0,MSFT,baseline_temporal
2024-10-24T04:00:00+00:00,264628.530434458,0.0,CAT,baseline_temporal
2024-10-25T04:00:00+00:00,265517.98508979194,0.0,MSFT,baseline_temporal
2024-10-28T04:00:00+00:00,269424.04883178516,0.0,NVDA,baseline_temporal
2024-10-29T04:00:00+00:00,268554.2247718093,-0.003228457384362615,AVGO,baseline_temporal
2024-10-30T04:00:00+00:00,267116.26040699985,-0.008565636344609162,NVDA,baseline_temporal
2024-10-31T04:00:00+00:00,262561.66604862676,-0.02547056512925805,AVGO,baseline_temporal
2024-11-01T04:00:00+00:00,257019.56814091143,-0.046040732980812904,NVDA,baseline_temporal
2024-11-04T05:00:00+00:00,261816.3494334513,-0.028236898047225623,NVDA,baseline_temporal
2024-11-05T05:00:00+00:00,262275.00581202086,-0.02653453932847627,NVDA,baseline_temporal
2024-11-06T05:00:00+00:00,272785.8811542397,0.0,NVDA,baseline_temporal
2024-11-07T05:00:00+00:00,279321.73454885575,0.0,NVDA,baseline_temporal
2024-11-08T05:00:00+00:00,286033.35729352577,0.0,LLY,baseline_temporal
2024-11-11T05:00:00+00:00,295931.378806342,0.0,LLY,baseline_temporal
2024-11-12T05:00:00+00:00,292143.77611363714,-0.012798922196025408,NVDA,baseline_temporal
2024-11-13T05:00:00+00:00,296708.8340958973,0.0,NVDA,baseline_temporal
2024-11-14T05:00:00+00:00,292683.8633044218,-0.013565389125470673,LLY,baseline_temporal
2024-11-15T05:00:00+00:00,280850.66892111197,-0.05344689255076218,LLY,baseline_temporal
2024-11-18T05:00:00+00:00,265633.42266216665,-0.10473369129173615,LLY,baseline_temporal
2024-11-19T05:00:00+00:00,259517.22500815016,-0.12534715793371598,LLY,baseline_temporal
2024-11-20T05:00:00+00:00,270699.82407299464,-0.08765836077026434,NVDA,baseline_temporal
2024-11-21T05:00:00+00:00,274267.95601144835,-0.07563265904376815,NVDA,baseline_temporal
2024-11-22T05:00:00+00:00,278284.85991813143,-0.06209445780037404,LLY,baseline_temporal
2024-11-25T05:00:00+00:00,275694.86729744857,-0.07082352927738234,LLY,baseline_temporal
2024-11-26T05:00:00+00:00,267371.70984500396,-0.09887512901422912,NVDA,baseline_temporal
2024-11-27T05:00:00+00:00,262140.56649288334,-0.1165056905310794,NVDA,baseline_temporal
2024-11-29T05:00:00+00:00,263206.4245758222,-0.11291342107207714,LLY,baseline_temporal
2024-12-02T05:00:00+00:00,265462.54689018166,-0.10530959518251737,LLY,baseline_temporal
2024-12-03T05:00:00+00:00,267066.3775070959,-0.09990419287354568,LLY,baseline_temporal
2024-12-04T05:00:00+00:00,275438.57506708876,-0.07168731289589425,LLY,baseline_temporal
2024-12-05T05:00:00+00:00,275330.98056029365,-0.07204993946588822,LLY,baseline_temporal
2024-12-06T05:00:00+00:00,275297.35727692023,-0.07216326026901121,LLY,baseline_temporal
2024-12-09T05:00:00+00:00,273975.96224034304,-0.07661676783174898,LLY,baseline_temporal
2024-12-10T05:00:00+00:00,274054.9406093948,-0.07635058644455694,NVDA,baseline_temporal
2024-12-11T05:00:00+00:00,270816.8274782751,-0.08726402331941974,NVDA,baseline_temporal
2024-12-12T05:00:00+00:00,271322.87272658513,-0.08555849523882852,LLY,baseline_temporal
2024-12-13T05:00:00+00:00,264647.8949274473,-0.1080552227780579,LLY,baseline_temporal
2024-12-16T05:00:00+00:00,255586.570766088,-0.13859467128814396,NVDA,baseline_temporal
2024-12-17T05:00:00+00:00,245895.72303141325,-0.17125580779998317,NVDA,baseline_temporal
2024-12-18T05:00:00+00:00,254976.12366469117,-0.1406520657140865,NVDA,baseline_temporal
2024-12-19T05:00:00+00:00,250970.06456177443,-0.15415371663433508,NVDA,baseline_temporal
2024-12-20T05:00:00+00:00,247269.22900955612,-0.16662667034161227,NVDA,baseline_temporal
2024-12-23T05:00:00+00:00,259592.62986900477,-0.12509302036789527,NVDA,baseline_temporal
2024-12-24T05:00:00+00:00,266670.0009508243,-0.10124010374212311,NVDA,baseline_temporal
2024-12-26T05:00:00+00:00,267596.54167074035,-0.09811737663243214,LLY,baseline_temporal
2024-12-27T05:00:00+00:00,266210.1369905719,-0.10278998668259443,LLY,baseline_temporal
2024-12-30T05:00:00+00:00,262136.08294270592,-0.11652080147373489,LLY,baseline_temporal
2024-12-31T05:00:00+00:00,268347.2847891535,-0.09558714149231329,NVDA,baseline_temporal
2025-01-02T05:00:00+00:00,264414.17264814285,-0.10884293872192807,NVDA,baseline_temporal
2025-01-03T05:00:00+00:00,272202.51352143125,-0.08259383529694819,NVDA,baseline_temporal
2025-01-06T05:00:00+00:00,288805.41241439484,-0.026636961132569636,AMD,baseline_temporal
2025-01-07T05:00:00+00:00,292027.5383451047,-0.01577740603867428,AMD,baseline_temporal
2025-01-08T05:00:00+00:00,295435.3689232792,-0.004291969184195277,LLY,baseline_temporal
2025-01-10T05:00:00+00:00,302347.5145240838,0.0,LLY,baseline_temporal
2025-01-13T05:00:00+00:00,303289.2027019712,0.0,LLY,baseline_temporal
2025-01-14T05:00:00+00:00,299406.66865707486,-0.012801425208373018,LLY,baseline_temporal
2025-01-15T05:00:00+00:00,285956.7370999537,-0.057148310746325426,LLY,baseline_temporal
2025-01-16T05:00:00+00:00,292500.5365282725,-0.03557220658560756,AMD,baseline_temporal
2025-01-17T05:00:00+00:00,293814.16169232165,-0.031240944040333285,AMD,baseline_temporal
2025-01-21T05:00:00+00:00,297730.7107925422,-0.01832736497016385,AMD,baseline_temporal
2025-01-22T05:00:00+00:00,299409.2318354939,-0.012792973940091157,AMD,baseline_temporal
2025-01-23T05:00:00+00:00,295383.21397160256,-0.026067491555700206,AMD,baseline_temporal
2025-01-24T05:00:00+00:00,302985.21144873864,-0.0010023147890672046,AMD,baseline_temporal
2025-01-27T05:00:00+00:00,286564.89689812454,-0.055143096604994946,AMD,baseline_temporal
2025-01-28T05:00:00+00:00,297062.8151805036,-0.020529539020833654,LLY,baseline_temporal
2025-01-29T05:00:00+00:00,296973.5345147427,-0.020823913713257425,LLY,baseline_temporal
2025-01-30T05:00:00+00:00,297494.33839834767,-0.019106728007452056,LLY,baseline_temporal
2025-01-31T05:00:00+00:00,302862.3384272183,-0.0014074496254730118,LLY,baseline_temporal
2025-02-03T05:00:00+00:00,295972.8470526733,-0.024123363390840535,LLY,baseline_temporal
2025-02-04T05:00:00+00:00,298465.26563849684,-0.015905403227343573,LLY,baseline_temporal
2025-02-05T05:00:00+00:00,318308.7479100438,0.0,AVGO,baseline_temporal
2025-02-06T05:00:00+00:00,319080.43888727063,0.0,AVGO,baseline_temporal
2025-02-07T05:00:00+00:00,322414.8807727486,0.0,ADEA,baseline_temporal
2025-02-10T05:00:00+00:00,322853.6416530529,0.0,LLY,baseline_temporal
2025-02-11T05:00:00+00:00,330013.15154053655,0.0,AVGO,baseline_temporal
2025-02-12T05:00:00+00:00,331648.37912203674,0.0,AMD,baseline_temporal
2025-02-13T05:00:00+00:00,339158.31320003764,0.0,AMD,baseline_temporal
2025-02-14T05:00:00+00:00,341126.6426962879,0.0,AMD,baseline_temporal
2025-02-18T05:00:00+00:00,345366.1216112883,0.0,AMD,baseline_temporal
2025-02-19T05:00:00+00:00,345671.33758848585,0.0,LLY,baseline_temporal
2025-02-20T05:00:00+00:00,349569.9630038891,0.0,LLY,baseline_temporal
2025-02-21T05:00:00+00:00,349068.4497103003,-0.001434657855838628,AMD,baseline_temporal
2025-02-24T05:00:00+00:00,338164.4668999072,-0.032627220044803895,AVGO,baseline_temporal
2025-02-25T05:00:00+00:00,327230.0072786482,-0.06390696595689005,AMD,baseline_temporal
2025-02-26T05:00:00+00:00,318312.583898204,-0.08941666165218365,AMD,baseline_temporal
2025-02-27T05:00:00+00:00,318722.0574207754,-0.08824529807433845,AMD,baseline_temporal
2025-02-28T05:00:00+00:00,301979.1400534107,-0.1361410532573386,AMD,baseline_temporal
2025-03-03T05:00:00+00:00,307908.92328768567,-0.11917797329669289,AMD,baseline_temporal
2025-03-04T05:00:00+00:00,291181.1716063422,-0.16703034464347644,AMD,baseline_temporal
2025-03-05T05:00:00+00:00,304405.6498167969,-0.12919963946270097,AMD,baseline_temporal
2025-03-06T05:00:00+00:00,287244.26710964215,-0.17829248073454618,AVGO,baseline_temporal
2025-03-07T05:00:00+00:00,297865.6846840141,-0.14790824095861954,AVGO,baseline_temporal
2025-03-10T04:00:00+00:00,300822.32739760634,-0.13945029826759003,AVGO,baseline_temporal
2025-03-11T04:00:00+00:00,298363.81470641284,-0.14648326148350033,AVGO,baseline_temporal
2025-03-12T04:00:00+00:00,327385.1102803727,-0.06346326936353375,TSLA,baseline_temporal
2025-03-13T04:00:00+00:00,328583.57126574503,-0.06003488273936897,TSLA,baseline_temporal
2025-03-14T04:00:00+00:00,327504.29424576886,-0.06312232483737379,TSLA,baseline_temporal
2025-03-17T04:00:00+00:00,324518.0737794545,-0.07166487935393884,TSLA,baseline_temporal
2025-03-18T04:00:00+00:00,302137.9736106239,-0.13568668482176616,TSLA,baseline_temporal
2025-03-19T04:00:00+00:00,306713.3136155535,-0.12259820328973403,TSLA,baseline_temporal
2025-03-20T04:00:00+00:00,309010.9156151346,-0.1160255504798714,TSLA,baseline_temporal
2025-03-21T04:00:00+00:00,311182.7123179087,-0.10981278355873303,TSLA,baseline_temporal
2025-03-24T04:00:00+00:00,341760.0207734293,-0.02234157123612157,TSLA,baseline_temporal
2025-03-25T04:00:00+00:00,375561.91762605665,0.0,TSLA,baseline_temporal
2025-03-26T04:00:00+00:00,375317.21565100044,-0.0006515622686212863,CAT,baseline_temporal
2025-03-27T04:00:00+00:00,372825.7046322462,-0.007285650821856837,CAT,baseline_temporal
2025-03-28T04:00:00+00:00,371549.9691093803,-0.010682522184453647,LLY,baseline_temporal
2025-03-31T04:00:00+00:00,366556.76770805556,-0.023977803646661022,LLY,baseline_temporal
2025-04-01T04:00:00+00:00,370741.8735206944,-0.012834219549814785,AVGO,baseline_temporal
2025-04-02T04:00:00+00:00,370089.3570230249,-0.014571660081043492,AVGO,baseline_temporal
2025-04-03T04:00:00+00:00,377290.6540416619,0.0,LLY,baseline_temporal
2025-04-04T04:00:00+00:00,354761.3516924231,-0.05971338570912754,LLY,baseline_temporal
2025-04-07T04:00:00+00:00,345937.64515969844,-0.08310041223152409,AVGO,baseline_temporal
2025-04-08T04:00:00+00:00,401321.5127390743,0.0,AVGO,baseline_temporal
2025-04-09T04:00:00+00:00,384278.4631347706,-0.042467321245707956,AVGO,baseline_temporal
2025-04-10T04:00:00+00:00,421077.22756905324,0.0,CAT,baseline_temporal
2025-04-11T04:00:00+00:00,410101.14398582914,-0.02606667581286881,CAT,baseline_temporal
2025-04-14T04:00:00+00:00,420718.4385331116,-0.000852074186041829,TSLA,baseline_temporal
2025-04-15T04:00:00+00:00,406958.29452628084,-0.03353050727602458,TSLA,baseline_temporal
2025-04-16T04:00:00+00:00,403212.9298853683,-0.042425228708800944,TSLA,baseline_temporal
2025-04-17T04:00:00+00:00,396471.2735317258,-0.058435727287798445,TSLA,baseline_temporal
2025-04-21T04:00:00+00:00,374959.85313761525,-0.10952236647344016,TSLA,baseline_temporal
2025-04-22T04:00:00+00:00,376099.74672397994,-0.10681527734172558,TSLA,baseline_temporal
2025-04-23T04:00:00+00:00,415018.97060128825,-0.014387519844614505,TSLA,baseline_temporal
2025-04-24T04:00:00+00:00,407919.0619776454,-0.031248817865007994,TSLA,baseline_temporal
2025-04-25T04:00:00+00:00,426141.0751653893,0.0,TSLA,baseline_temporal
2025-04-28T04:00:00+00:00,470580.64083952084,0.0,TSLA,baseline_temporal
2025-04-29T04:00:00+00:00,464913.74129587924,-0.012042355872378785,TSLA,baseline_temporal
2025-04-30T04:00:00+00:00,455794.59260496177,-0.03142085957505736,TSLA,baseline_temporal
2025-05-01T04:00:00+00:00,455973.718739962,-0.031040210395183232,TSLA,baseline_temporal
2025-05-02T04:00:00+00:00,463936.6896504237,-0.014118624126237433,TSLA,baseline_temporal
2025-05-05T04:00:00+00:00,463399.3112454233,-0.01526057166585948,TSLA,baseline_temporal
2025-05-06T04:00:00+00:00,444729.482720179,-0.05493459755000352,TSLA,baseline_temporal
2025-05-07T04:00:00+00:00,450876.76598950283,-0.04187140978614434,TSLA,baseline_temporal
2025-05-08T04:00:00+00:00,455354.9193645069,-0.032355180289293406,TSLA,baseline_temporal
2025-05-09T04:00:00+00:00,472583.5967127044,0.0,TSLA,baseline_temporal
2025-05-12T04:00:00+00:00,524334.7655336609,0.0,TSLA,baseline_temporal
2025-05-13T04:00:00+00:00,521094.21090956696,-0.006180316158887034,TSLA,baseline_temporal
2025-05-14T04:00:00+00:00,516744.2772661204,-0.014476416149547089,LLY,baseline_temporal
2025-05-15T04:00:00+00:00,500506.8449618635,-0.045444098194682314,LLY,baseline_temporal
2025-05-16T04:00:00+00:00,509183.4342116578,-0.028896293585610855,TSLA,baseline_temporal
2025-05-19T04:00:00+00:00,494565.58723827556,-0.05677513728292771,TSLA,baseline_temporal
2025-05-20T04:00:00+00:00,511580.52581795695,-0.02432461197327407,TSLA,baseline_temporal
2025-05-21T04:00:00+00:00,506521.6331028227,-0.03397282347415631,TSLA,baseline_temporal
2025-05-22T04:00:00+00:00,488094.9105096154,-0.06911587292359123,TSLA,baseline_temporal
2025-05-23T04:00:00+00:00,496947.9727611005,-0.052231502797047025,TSLA,baseline_temporal
2025-05-27T04:00:00+00:00,510815.8094772971,-0.025783062548988767,TSLA,baseline_temporal
2025-05-28T04:00:00+00:00,536536.7494737211,0.0,TSLA,baseline_temporal
2025-05-29T04:00:00+00:00,537198.5232300614,0.0,TSLA,baseline_temporal
2025-05-30T04:00:00+00:00,522830.679675741,-0.026745873141887255,TSLA,baseline_temporal
2025-06-02T04:00:00+00:00,505153.96733971935,-0.05965123600427058,TSLA,baseline_temporal
2025-06-03T04:00:00+00:00,509705.50017499283,-0.051178515699854876,TSLA,baseline_temporal
2025-06-04T04:00:00+00:00,507499.5876538587,-0.05528484218018559,TSLA,baseline_temporal
2025-06-05T04:00:00+00:00,474256.4859603671,-0.11716718223876921,TSLA,baseline_temporal
2025-06-06T04:00:00+00:00,473629.5977000575,-0.11833414051062052,LLY,baseline_temporal
2025-06-09T04:00:00+00:00,475770.94868824375,-0.1143479959186533,LLY,baseline_temporal
2025-06-10T04:00:00+00:00,523996.09232178313,-0.024576446764772997,TSLA,baseline_temporal
2025-06-11T04:00:00+00:00,531575.0358521867,-0.010468173560980398,AAPL,baseline_temporal
2025-06-12T04:00:00+00:00,532024.649047345,-0.00963121445607662,LLY,baseline_temporal
2025-06-13T04:00:00+00:00,532024.649047345,-0.00963121445607662,LLY,baseline_temporal
2025-06-16T04:00:00+00:00,543898.8688847583,0.0,AMD,baseline_temporal
2025-06-17T04:00:00+00:00,586513.105714394,0.0,AMD,baseline_temporal
2025-06-18T04:00:00+00:00,582780.5867135642,-0.006363914061704445,AAPL,baseline_temporal
2025-06-20T04:00:00+00:00,589588.7013710777,0.0,AAPL,baseline_temporal
2025-06-23T04:00:00+00:00,599681.4327493217,0.0,AAPL,baseline_temporal
2025-06-24T04:00:00+00:00,602548.0073419589,0.0,AAPL,baseline_temporal
2025-06-25T04:00:00+00:00,607313.6842561507,0.0,LLY,baseline_temporal
2025-06-26T04:00:00+00:00,618964.8614236313,0.0,LLY,baseline_temporal
2025-06-27T04:00:00+00:00,620384.0102859891,0.0,AAPL,baseline_temporal
2025-06-30T04:00:00+00:00,620754.2230326913,0.0,AAPL,baseline_temporal
2025-07-01T04:00:00+00:00,635069.1159051713,0.0,AAPL,baseline_temporal
2025-07-02T04:00:00+00:00,641948.9027813848,0.0,AAPL,baseline_temporal
2025-07-03T04:00:00+00:00,651913.7958801152,0.0,AAPL,baseline_temporal
2025-07-07T04:00:00+00:00,652098.8600560859,0.0,LLY,baseline_temporal
2025-07-08T04:00:00+00:00,647228.3074248618,-0.007469040247678249,LLY,baseline_temporal
2025-07-09T04:00:00+00:00,654698.1705276715,0.0,LLY,baseline_temporal
2025-07-10T04:00:00+00:00,659602.37119089,0.0,LLY,baseline_temporal
2025-07-11T04:00:00+00:00,657757.3295931532,-0.002797202797202858,AMD,baseline_temporal
2025-07-14T04:00:00+00:00,669242.7135390645,0.0,AMD,baseline_temporal
2025-07-15T04:00:00+00:00,692786.7654050165,0.0,NVDA,baseline_temporal
2025-07-16T04:00:00+00:00,692259.9621791003,-0.0007604117922319631,NVDA,baseline_temporal
2025-07-17T04:00:00+00:00,696150.2013858667,0.0,NVDA,baseline_temporal
2025-07-18T04:00:00+00:00,702714.9800472854,0.0,NVDA,baseline_temporal
2025-07-21T04:00:00+00:00,699108.4041160123,-0.005132345308805686,NVDA,baseline_temporal
2025-07-22T04:00:00+00:00,693394.615281074,-0.013263364281183132,NVDA,baseline_temporal
2025-07-23T04:00:00+00:00,686059.893443316,-0.02370105530246236,NVDA,baseline_temporal
2025-07-24T04:00:00+00:00,704847.4397170504,0.0,LLY,baseline_temporal
2025-07-25T04:00:00+00:00,711570.564479787,0.0,LLY,baseline_temporal
2025-07-28T04:00:00+00:00,713253.2495151815,0.0,NVDA,baseline_temporal
2025-07-29T04:00:00+00:00,729382.4011959151,0.0,NVDA,baseline_temporal
2025-07-30T04:00:00+00:00,723472.483022822,-0.008102633355840605,NVDA,baseline_temporal
2025-07-31T04:00:00+00:00,698517.6902611182,-0.04231622655576861,LLY,baseline_temporal
2025-08-01T04:00:00+00:00,698065.8494265043,-0.0429357107027305,LLY,baseline_temporal
2025-08-04T04:00:00+00:00,710359.6854682942,-0.026080579537469895,LLY,baseline_temporal
2025-08-05T04:00:00+00:00,715593.5084692402,-0.018904888168492007,LLY,baseline_temporal
2025-08-06T04:00:00+00:00,702468.842158259,-0.03689910668742191,NVDA,baseline_temporal
2025-08-07T04:00:00+00:00,723372.5660091834,-0.008239621873077474,NVDA,baseline_temporal
2025-08-08T04:00:00+00:00,723292.7808036455,-0.008349009219697168,NVDA,baseline_temporal
2025-08-11T04:00:00+00:00,725287.4109420925,-0.0056143255542062676,NVDA,baseline_temporal
2025-08-12T04:00:00+00:00,728917.637794066,-0.0006372012830129226,NVDA,baseline_temporal
2025-08-13T04:00:00+00:00,741337.739589206,0.0,LLY,baseline_temporal
2025-08-14T04:00:00+00:00,754561.359984771,0.0,LLY,baseline_temporal
2025-08-15T04:00:00+00:00,793003.9855965301,0.0,LLY,baseline_temporal
2025-08-18T04:00:00+00:00,793933.7714055934,0.0,LLY,baseline_temporal
2025-08-19T04:00:00+00:00,807180.3494754562,0.0,LLY,baseline_temporal
2025-08-20T04:00:00+00:00,801360.5790409497,-0.007210000142209183,LLY,baseline_temporal
2025-08-21T04:00:00+00:00,805561.8334374571,-0.0020051479685436746,LLY,baseline_temporal
2025-08-22T04:00:00+00:00,816811.0938434064,0.0,LLY,baseline_temporal
2025-08-25T04:00:00+00:00,812196.6013095373,-0.005649399926923371,LLY,baseline_temporal
2025-08-26T04:00:00+00:00,818177.0754641287,0.0,LLY,baseline_temporal
2025-08-27T04:00:00+00:00,841846.4376652179,0.0,LLY,baseline_temporal
2025-08-28T04:00:00+00:00,840526.3713930913,-0.0015680606498588157,LLY,baseline_temporal
2025-08-29T04:00:00+00:00,836543.2149024133,-0.006299513219433006,LLY,baseline_temporal
2025-09-02T04:00:00+00:00,831595.8360912255,-0.012176331828903986,LLY,baseline_temporal
2025-09-03T04:00:00+00:00,836198.8497879454,-0.006708572519396272,LLY,baseline_temporal
2025-09-04T04:00:00+00:00,841111.7920876865,-0.0008726598399214636,LLY,baseline_temporal
2025-09-05T04:00:00+00:00,850685.1422698924,0.0,LLY,baseline_temporal
2025-09-08T04:00:00+00:00,833570.1960808409,-0.020119013884953407,LLY,baseline_temporal
2025-09-09T04:00:00+00:00,838666.7997749649,-0.014127838724041664,LLY,baseline_temporal
2025-09-10T04:00:00+00:00,854564.98922623,0.0,LLY,baseline_temporal
2025-09-11T04:00:00+00:00,859581.2410603114,0.0,LLY,baseline_temporal
2025-09-12T04:00:00+00:00,868362.5514792413,0.0,LLY,baseline_temporal
2025-09-15T04:00:00+00:00,860247.0136149493,-0.009345794392523477,LLY,baseline_temporal
2025-09-16T04:00:00+00:00,851488.6608703174,-0.019431849727028827,LLY,baseline_temporal
2025-09-17T04:00:00+00:00,869866.2791457508,0.0,LLY,baseline_temporal
2025-09-18T04:00:00+00:00,869740.0119371128,-0.00014515703351791753,LLY,baseline_temporal
2025-09-19T04:00:00+00:00,873872.3933107266,0.0,LLY,baseline_temporal
2025-09-22T04:00:00+00:00,855093.0157350807,-0.021489839614338813,LLY,baseline_temporal
2025-09-23T04:00:00+00:00,857388.7831648662,-0.018862719857084764,LLY,baseline_temporal
2025-09-24T04:00:00+00:00,852165.9122621041,-0.024839417304837852,LLY,baseline_temporal
2025-09-25T04:00:00+00:00,842661.4351027919,-0.03571569309986988,LLY,baseline_temporal
2025-09-26T04:00:00+00:00,827176.4837888882,-0.05343561586254908,LLY,baseline_temporal
2025-09-29T04:00:00+00:00,828817.9575011849,-0.05155722523611239,LLY,baseline_temporal
2025-09-30T04:00:00+00:00,830424.9947020349,-0.049718241406034425,LLY,baseline_temporal
2025-10-01T04:00:00+00:00,871932.4698325577,-0.002219916194879823,LLY,baseline_temporal
2025-10-02T04:00:00+00:00,930256.4413862601,0.0,LLY,baseline_temporal
2025-10-03T04:00:00+00:00,933059.6248084313,0.0,NFLX,baseline_temporal
2025-10-06T04:00:00+00:00,929375.440882149,-0.003948497854077249,NFLX,baseline_temporal
2025-10-07T04:00:00+00:00,934968.0599992917,0.0,LLY,baseline_temporal
2025-10-08T04:00:00+00:00,940493.9679540031,0.0,LLY,baseline_temporal
2025-10-09T04:00:00+00:00,954007.0380808172,0.0,NFLX,baseline_temporal
2025-10-10T04:00:00+00:00,965555.9991775708,0.0,NFLX,baseline_temporal
2025-10-13T04:00:00+00:00,937070.1521578914,-0.029502014428932855,LLY,baseline_temporal
2025-10-14T04:00:00+00:00,925151.1038217493,-0.041846247540522796,LLY,baseline_temporal
2025-10-15T04:00:00+00:00,914351.586591184,-0.053031012836128655,LLY,baseline_temporal
2025-10-16T04:00:00+00:00,913748.5517442978,-0.05365555957127377,NFLX,baseline_temporal
2025-10-17T04:00:00+00:00,892190.0559681165,-0.07598310535271391,NFLX,baseline_temporal
2025-10-20T04:00:00+00:00,910507.2394422847,-0.05701249827267907,NFLX,baseline_temporal
2025-10-21T04:00:00+00:00,912006.3906909608,-0.05545986823366211,LLY,baseline_temporal
2025-10-22T04:00:00+00:00,902364.122432429,-0.06544610234824966,LLY,baseline_temporal
2025-10-23T04:00:00+00:00,898772.8219617455,-0.06916551424537676,NVDA,baseline_temporal
2025-10-24T04:00:00+00:00,915781.6200242881,-0.051549966232594446,NVDA,baseline_temporal
2025-10-27T04:00:00+00:00,946457.3115447096,-0.019779989611300453,NVDA,baseline_temporal
2025-10-28T04:00:00+00:00,961670.4593719107,-0.004024147547081358,NVDA,baseline_temporal
2025-10-29T04:00:00+00:00,1036090.185792185,0.0,NVDA,baseline_temporal
2025-10-30T04:00:00+00:00,1015675.475159365,-0.019703603907039402,ADI,baseline_temporal
2025-10-31T04:00:00+00:00,1022119.801957682,-0.013483752694579798,NVDA,baseline_temporal
2025-11-03T05:00:00+00:00,1005191.350324876,-0.02982253465096185,AVGO,baseline_temporal
2025-11-04T05:00:00+00:00,1028119.3490685117,-0.007693188134562656,COST,baseline_temporal
2025-11-05T05:00:00+00:00,1006231.584400527,-0.028818535105443965,AVGO,baseline_temporal
2025-11-06T05:00:00+00:00,1006736.6598856093,-0.028331052942203394,AMZN,baseline_temporal
2025-11-07T05:00:00+00:00,981462.6826120869,-0.05272466039076551,AMZN,baseline_temporal
2025-11-10T05:00:00+00:00,970337.7773869523,-0.06346205118713577,COST,baseline_temporal
2025-11-11T05:00:00+00:00,973227.715978254,-0.06067277798396187,AVGO,baseline_temporal
2025-11-12T05:00:00+00:00,970692.203817961,-0.06311997051127483,AVGO,baseline_temporal
2025-11-13T05:00:00+00:00,971629.4121249915,-0.06221540803217562,COST,baseline_temporal
2025-11-14T05:00:00+00:00,983056.9634141235,-0.051185913258615434,COST,baseline_temporal
2025-11-17T05:00:00+00:00,1007810.8399881701,-0.027294289813577177,AVGO,baseline_temporal
2025-11-18T05:00:00+00:00,1017861.5103561865,-0.0175937149931219,AVGO,baseline_temporal
2025-11-19T05:00:00+00:00,1010465.1713316522,-0.02473241693814532,AVGO,baseline_temporal
2025-11-20T05:00:00+00:00,1085472.399745781,0.0,AVGO,baseline_temporal
2025-11-21T05:00:00+00:00,1023647.3562060238,-0.056956808440487894,AVGO,baseline_temporal
2025-11-24T05:00:00+00:00,1031282.2868119949,-0.04992306846906247,AVGO,baseline_temporal
2025-11-25T05:00:00+00:00,1141601.0692787396,0.0,AVGO,baseline_temporal
2025-11-26T05:00:00+00:00,1154701.4094180039,0.0,ADEA,baseline_temporal
2025-11-28T05:00:00+00:00,1147215.5007669958,-0.00648298217179899,ADEA,baseline_temporal
2025-12-01T05:00:00+00:00,1135986.6377904837,-0.01620745542949742,ADEA,baseline_temporal
2025-12-02T05:00:00+00:00,1181480.7743675176,0.0,NVDA,baseline_temporal
2025-12-03T05:00:00+00:00,1177055.0214530134,-0.003745937310637437,NVDA,baseline_temporal
2025-12-04T05:00:00+00:00,1183683.649892411,0.0,ADEA,baseline_temporal
2025-12-05T05:00:00+00:00,1167585.5522538743,-0.013599999999999945,ADEA,baseline_temporal
2025-12-08T05:00:00+00:00,1189365.3314118946,0.0,ADEA,baseline_temporal
2025-12-09T05:00:00+00:00,1197887.8536911197,0.0,ADEA,baseline_temporal
2025-12-10T05:00:00+00:00,1198834.8006110338,0.0,ADEA,baseline_temporal
2025-12-11T05:00:00+00:00,1168464.8381402118,-0.02533290029230284,NVDA,baseline_temporal
2025-12-12T05:00:00+00:00,1173850.9639630283,-0.020840099599437334,NVDA,baseline_temporal
2025-12-15T05:00:00+00:00,1143440.3172282348,-0.04620693639737927,ADEA,baseline_temporal
2025-12-16T05:00:00+00:00,1108685.2923884708,-0.07519760702359879,ADEA,baseline_temporal
2025-12-17T05:00:00+00:00,1143623.0632364452,-0.04605450004158018,AVGO,baseline_temporal
2025-12-18T05:00:00+00:00,1108618.9338493485,-0.0752529595534791,AVGO,baseline_temporal
2025-12-19T05:00:00+00:00,1099826.4274156229,-0.08258716976262903,AVGO,baseline_temporal
2025-12-22T05:00:00+00:00,1143888.4973929352,-0.04583308992205848,AVGO,baseline_temporal
2025-12-23T05:00:00+00:00,1189275.2697631447,-0.007974018474452671,ADEA,baseline_temporal
2025-12-24T05:00:00+00:00,1221897.0124042328,0.0,ADEA,baseline_temporal
2025-12-26T05:00:00+00:00,1223190.9502822794,0.0,AVGO,baseline_temporal
2025-12-29T05:00:00+00:00,1215042.6387799846,-0.006661520427709511,AVGO,baseline_temporal
2025-12-30T05:00:00+00:00,1219414.0505301428,-0.0030877433742172444,AVGO,baseline_temporal
2025-12-31T05:00:00+00:00,1218574.7394741124,-0.003773908568487805,AVGO,baseline_temporal
2026-01-02T05:00:00+00:00,1229171.0415564962,0.0,AVGO,baseline_temporal
2026-01-05T05:00:00+00:00,1236025.4151807441,0.0,AVGO,baseline_temporal
2026-01-06T05:00:00+00:00,1197207.2788393388,-0.03140561339972847,AVGO,baseline_temporal
2026-01-07T05:00:00+00:00,1190597.7042730998,-0.036753055681303604,AVGO,baseline_temporal
2026-01-08T05:00:00+00:00,1194339.6327312354,-0.03372566772295138,AVGO,baseline_temporal
2026-01-09T05:00:00+00:00,1177413.5264346227,-0.047419646899049095,AVGO,baseline_temporal
2026-01-12T05:00:00+00:00,1187974.857223005,-0.03887505658669055,AVGO,baseline_temporal
2026-01-13T05:00:00+00:00,1229520.754496509,-0.005262562245359592,AVGO,baseline_temporal
2026-01-14T05:00:00+00:00,1215916.9211300164,-0.016268673607967243,AVGO,baseline_temporal
2026-01-15T05:00:00+00:00,1216441.4905400353,-0.015844273426889877,AVGO,baseline_temporal
2026-01-16T05:00:00+00:00,1206474.6717496747,-0.02390787686736051,AVGO,baseline_temporal
2026-01-20T05:00:00+00:00,1198955.8435394021,-0.029990946129470397,AVGO,baseline_temporal
2026-01-21T05:00:00+00:00,1168985.4445803172,-0.05423834314169307,AVGO,baseline_temporal
2026-01-22T05:00:00+00:00,1168460.8751702984,-0.054662743322770435,AVGO,baseline_temporal
2026-01-23T05:00:00+00:00,1112541.7760622741,-0.09990380262562237,AVGO,baseline_temporal
2026-01-26T05:00:00+00:00,1114290.3407623374,-0.0984891353553643,AVGO,baseline_temporal
2026-01-27T05:00:00+00:00,1148981.8644115934,-0.07042213671344477,AVGO,baseline_temporal
2026-01-28T05:00:00+00:00,1180665.8567767404,-0.04478836577636913,AVGO,baseline_temporal
2026-01-29T05:00:00+00:00,1158738.8554379465,-0.062528293345405,AVGO,baseline_temporal
2026-01-30T05:00:00+00:00,1158319.1999099315,-0.06286781349026682,AVGO,baseline_temporal
2026-02-02T05:00:00+00:00,1136252.3133951325,-0.08072091444092333,AVGO,baseline_temporal
2026-02-03T05:00:00+00:00,1173286.913742473,-0.05075826165685826,AVGO,baseline_temporal
2026-02-04T05:00:00+00:00,1113276.1732363007,-0.09930964237211404,AVGO,baseline_temporal
2026-02-05T05:00:00+00:00,1095230.9855316477,-0.1139090086011767,AVGO,baseline_temporal
2026-02-06T05:00:00+00:00,1115339.4795823754,-0.09764033499320957,AVGO,baseline_temporal
2026-02-09T05:00:00+00:00,1152513.965105721,-0.06756450882752374,AVGO,baseline_temporal
2026-02-10T05:00:00+00:00,1210671.2270298263,-0.020512675418741577,AVGO,baseline_temporal
2026-02-11T05:00:00+00:00,1208363.1216257426,-0.022380036215482235,AVGO,baseline_temporal
2026-02-12T05:00:00+00:00,1198011.6186013678,-0.030754866455409924,AVGO,baseline_temporal
2026-02-13T05:00:00+00:00,1149296.6060576045,-0.0701674966047986,AVGO,baseline_temporal
2026-02-17T05:00:00+00:00,1113835.713940321,-0.09885694884563145,AVGO,baseline_temporal
2026-02-18T05:00:00+00:00,1148142.5533555627,-0.07110117700316887,AVGO,baseline_temporal
2026-02-19T05:00:00+00:00,1160312.5636680035,-0.061255092802172784,AVGO,baseline_temporal
2026-02-20T05:00:00+00:00,1158039.4295579211,-0.06309416025350834,AVGO,baseline_temporal
2026-02-23T05:00:00+00:00,1157654.7453239071,-0.06340538705296517,AVGO,baseline_temporal
2026-02-24T05:00:00+00:00,1123837.504024683,-0.09076505205975549,AVGO,baseline_temporal
2026-02-25T05:00:00+00:00,1152409.0512237172,-0.06764938886373928,AVGO,baseline_temporal
2026-02-26T05:00:00+00:00,1137616.1938611816,-0.07961747397012231,AVGO,baseline_temporal
2026-02-27T05:00:00+00:00,1100039.5928997456,-0.1100186295611999,ORCL,baseline_temporal
2026-03-02T05:00:00+00:00,1082791.3170485946,-0.12397325835710438,ORCL,baseline_temporal
2026-03-03T05:00:00+00:00,1106661.6988068838,-0.10466104886277239,ORCL,baseline_temporal
2026-03-04T05:00:00+00:00,1116136.7244147542,-0.09699532816520495,AVGO,baseline_temporal
2026-03-05T05:00:00+00:00,1167379.934069304,-0.055537273156638145,AVGO,baseline_temporal
2026-03-06T05:00:00+00:00,1160708.3804577698,-0.06093485926578679,AVGO,baseline_temporal
2026-03-09T04:00:00+00:00,1157053.2207663443,-0.06389204740005416,AVGO,baseline_temporal
2026-03-10T04:00:00+00:00,1232995.3735784888,-0.0024514395618735474,AVGO,baseline_temporal
2026-03-11T04:00:00+00:00,1232739.3035716638,-0.002658611682834877,SPY,baseline_temporal
2026-03-12T04:00:00+00:00,1220457.7175325258,-0.012594965651205436,NVDA,baseline_temporal
2026-03-13T04:00:00+00:00,1226166.9953669359,-0.007975903806449414,NVDA,baseline_temporal
2026-03-16T04:00:00+00:00,1213287.9267637315,-0.01839564796787585,NVDA,baseline_temporal
2026-03-17T04:00:00+00:00,1227096.4126888167,-0.007223963506140185,NVDA,baseline_temporal
2026-03-18T04:00:00+00:00,1210034.966137149,-0.021027439018957872,NVDA,baseline_temporal
2026-03-19T04:00:00+00:00,1195646.791947801,-0.03266811728708563,LLY,baseline_temporal
2026-03-20T04:00:00+00:00,1191139.021527823,-0.036315105742673826,LLY,baseline_temporal
2026-03-23T04:00:00+00:00,1194978.488775072,-0.03320880452904762,LLY,baseline_temporal
2026-03-24T04:00:00+00:00,1186487.1072862763,-0.040078713015155754,LLY,baseline_temporal
2026-03-25T04:00:00+00:00,1193668.0903971712,-0.03426897559171871,LLY,baseline_temporal
2026-03-26T04:00:00+00:00,1193523.946575602,-0.03438559440861266,LLY,baseline_temporal
2026-03-27T04:00:00+00:00,1172098.933096928,-0.05171939128328373,LLY,baseline_temporal
2026-03-30T04:00:00+00:00,1162257.841278895,-0.059681275963942904,LLY,baseline_temporal
2026-03-31T04:00:00+00:00,1168809.8331683977,-0.0543804206505879,LLY,baseline_temporal
2026-04-01T04:00:00+00:00,1212498.515087602,-0.01903431742113637,LLY,baseline_temporal
2026-04-02T04:00:00+00:00,1236203.621743823,0.0,LLY,baseline_temporal
2026-04-06T04:00:00+00:00,1219247.0667337899,-0.013716635926137921,LLY,baseline_temporal
2026-04-07T04:00:00+00:00,1209379.7669481984,-0.021698573215459427,LLY,baseline_temporal
2026-04-08T04:00:00+00:00,1231643.4353887287,-0.0036888634484515403,LLY,baseline_temporal
2026-04-09T04:00:00+00:00,1240737.6001313587,0.0,LLY,baseline_temporal
2026-04-10T04:00:00+00:00,1260642.551491668,0.0,LLY,baseline_temporal
2026-04-13T04:00:00+00:00,1262537.6350658059,0.0,XOM,baseline_temporal
2026-04-14T04:00:00+00:00,1228096.5509793016,-0.027279253409906556,XOM,baseline_temporal
2026-04-15T04:00:00+00:00,1226101.6139237478,-0.028859354469983,LLY,baseline_temporal
2026-04-16T04:00:00+00:00,1210394.8095063542,-0.041300016816317675,LLY,baseline_temporal
2026-04-17T04:00:00+00:00,1218534.152693014,-0.03485320449120588,LLY,baseline_temporal
2026-04-20T04:00:00+00:00,1230623.4712496698,-0.02527779206714309,LLY,baseline_temporal
2026-04-21T04:00:00+00:00,1208453.0707722816,-0.042837981848125484,LLY,baseline_temporal
2026-04-22T04:00:00+00:00,1203399.2302315454,-0.046840904533652195,LLY,baseline_temporal
2026-04-23T04:00:00+00:00,1234054.7629852225,-0.022560018243811597,LLY,baseline_temporal
2026-04-24T04:00:00+00:00,1194914.0979552565,-0.05356160104251051,LLY,baseline_temporal
2026-04-27T04:00:00+00:00,1165867.814426393,-0.07656787247722263,LLY,baseline_temporal
2026-04-28T04:00:00+00:00,1157595.4754360297,-0.08312002487300618,LLY,baseline_temporal
2026-04-29T04:00:00+00:00,1149815.2209193697,-0.08928241900730416,LLY,baseline_temporal
2026-04-30T04:00:00+00:00,1193291.5491500727,-0.05484674990470595,LLY,baseline_temporal
2026-05-01T04:00:00+00:00,1259895.8476448297,-0.0020924425122887946,LLY,baseline_temporal
2026-05-04T04:00:00+00:00,1274565.2847933352,0.0,LLY,baseline_temporal
2026-05-05T04:00:00+00:00,1290338.587112581,0.0,LLY,baseline_temporal
2026-05-06T04:00:00+00:00,1316192.9713525584,0.0,LLY,baseline_temporal
2026-05-07T04:00:00+00:00,1293015.8781262054,-0.017609190848766998,COST,baseline_temporal
2026-05-08T04:00:00+00:00,1316753.4972292362,0.0,COST,baseline_temporal
2026-05-11T04:00:00+00:00,1282859.688060532,-0.025740436034553782,LLY,baseline_temporal
2026-05-12T04:00:00+00:00,1317254.524372361,0.0,LLY,baseline_temporal
2026-05-13T04:00:00+00:00,1344702.6870511316,0.0,LLY,baseline_temporal
2026-05-14T04:00:00+00:00,1375441.3793455618,0.0,LLY,baseline_temporal
2026-05-15T04:00:00+00:00,1363579.2232002222,-0.008624254238289386,LLY,baseline_temporal
2026-05-18T04:00:00+00:00,1354953.431573988,-0.014895544135310357,LLY,baseline_temporal
2026-05-19T04:00:00+00:00,1339922.6172802357,-0.025823537519444106,LLY,baseline_temporal
2026-05-20T04:00:00+00:00,1387967.0579236883,0.0,LLY,baseline_temporal
2026-05-21T04:00:00+00:00,1390459.0407043162,0.0,AVGO,baseline_temporal
2026-05-22T04:00:00+00:00,1425088.1631570812,0.0,LLY,baseline_temporal
2026-05-26T04:00:00+00:00,1396928.7052311131,-0.019759800589168375,NVDA,baseline_temporal
2026-05-27T04:00:00+00:00,1381298.9143639472,-0.03072739632902788,NVDA,baseline_temporal
2026-05-28T04:00:00+00:00,1362956.5151644633,-0.04359845909811921,NVDA,baseline_temporal
2026-05-29T04:00:00+00:00,1384269.8663469623,-0.028642646725583476,NVDA,baseline_temporal
2026-06-01T04:00:00+00:00,1391697.2463044997,-0.02343077271697258,NVDA,baseline_temporal
2026-06-02T04:00:00+00:00,1465583.530403829,0.0,NVDA,baseline_temporal
2026-06-03T04:00:00+00:00,1430319.6220836944,-0.024061343204653696,NVDA,baseline_temporal
2026-06-04T04:00:00+00:00,1381524.965058307,-0.05735501498325413,NVDA,baseline_temporal
2026-06-05T04:00:00+00:00,1385561.5846004467,-0.05460074034902185,NVDA,baseline_temporal
2026-06-08T04:00:00+00:00,1357466.712587153,-0.07377049180327866,NVDA,baseline_temporal
2026-06-09T04:00:00+00:00,1354089.7617125148,-0.07607465994148621,AVGO,baseline_temporal
2026-06-10T04:00:00+00:00,1286246.8186410288,-0.12236539783807843,AVGO,baseline_temporal
2026-06-11T04:00:00+00:00,1257002.4240666602,-0.1423194939149569,AVGO,baseline_temporal
2026-06-12T04:00:00+00:00,1230632.7886179448,-0.16031207837136752,CRM,baseline_temporal
2026-06-15T04:00:00+00:00,1240269.2842918378,-0.15373688461817503,CRM,baseline_temporal
2026-06-16T04:00:00+00:00,1225515.7347135907,-0.163803557224807,CRM,baseline_temporal
2026-06-17T04:00:00+00:00,1197091.8075514485,-0.18319783027201453,CRM,baseline_temporal
2026-06-18T04:00:00+00:00,1140916.2668788314,-0.22152764191853214,CRM,baseline_temporal
2026-06-22T04:00:00+00:00,1121717.9770478972,-0.23462705893070634,CRM,baseline_temporal
2026-06-23T04:00:00+00:00,1132848.503058828,-0.22703245529329785,CRM,baseline_temporal
2026-06-24T04:00:00+00:00,1134043.727328458,-0.22621692738592514,CRM,baseline_temporal
2026-06-25T04:00:00+00:00,1120597.454295119,-0.23539161634386818,CRM,baseline_temporal
2026-06-26T04:00:00+00:00,1073854.5610648044,-0.267285324386176,AVGO,baseline_temporal
2026-06-29T04:00:00+00:00,1083029.2126662896,-0.2610252570401973,AVGO,baseline_temporal
2026-06-30T04:00:00+00:00,1086435.2839559405,-0.2587012193999051,AVGO,baseline_temporal
2026-07-01T04:00:00+00:00,1077970.8344531485,-0.2644767001740781,AVGO,baseline_temporal
2026-07-02T04:00:00+00:00,1060157.806304294,-0.2766309225567126,AVGO,baseline_temporal
2026-07-06T04:00:00+00:00,1083014.718745908,-0.26103514656207105,AVGO,baseline_temporal
2026-07-07T04:00:00+00:00,1062563.7970876216,-0.2749892619256977,AVGO,baseline_temporal
2026-07-08T04:00:00+00:00,1094348.9644842353,-0.25330154045692854,AVGO,baseline_temporal
2026-07-09T04:00:00+00:00,1146380.7217873079,-0.21779912369004817,NVDA,baseline_temporal
2026-07-10T04:00:00+00:00,1132587.8206056743,-0.2272103246864411,NVDA,baseline_temporal
2026-07-13T04:00:00+00:00,1169256.753015383,-0.20219030252529913,NVDA,baseline_temporal
2026-07-14T04:00:00+00:00,1110133.7222040605,-0.24253125176824775,ORCL,baseline_temporal
2026-07-15T04:00:00+00:00,1105753.1397494986,-0.24552021989165107,COST,baseline_temporal
2026-07-16T04:00:00+00:00,1073495.3762871404,-0.26753040409007056,AVGO,baseline_temporal
2026-07-17T04:00:00+00:00,1021877.3714044921,-0.30275050844565476,AVGO,baseline_temporal
2026-07-20T04:00:00+00:00,1057373.4737345555,-0.27853073414163887,AVGO,baseline_temporal
2026-07-21T04:00:00+00:00,1089338.1116959576,-0.256720555944157,AVGO,baseline_temporal
2026-07-22T04:00:00+00:00,1080231.4256412573,-0.26293424889701866,NVDA,baseline_temporal
2026-07-23T04:00:00+00:00,1099389.583623768,-0.2498622147310562,NVDA,baseline_temporal
2026-07-24T04:00:00+00:00,1106531.1180664843,-0.2449893881097387,COST,baseline_temporal
2026-07-27T04:00:00+00:00,1122201.8217850071,-0.23429692098423482,COST,baseline_temporal
2026-07-28T04:00:00+00:00,1077709.8726407022,-0.2646547601802345,AVGO,baseline_temporal
2026-07-29T04:00:00+00:00,1095774.3812709523,-0.25232894711294884,AVGO,baseline_temporal
2026-07-30T04:00:00+00:00,1094953.921516431,-0.2528887649175985,AVGO,baseline_temporal
2026-07-31T04:00:00+00:00,1210573.012561363,-0.17399930645522477,ADEA,baseline_temporal
2026-08-03T04:00:00+00:00,1178674.9392216941,-0.19576406614168185,ADEA,baseline_temporal
2026-08-04T04:00:00+00:00,1235599.5376183093,-0.15692315587235728,AVGO,baseline_temporal
2026-08-05T04:00:00+00:00,1293030.0643066259,-0.11773703955970183,AVGO,baseline_temporal
2026-08-06T04:00:00+00:00,1252506.642603064,-0.14538706486559216,AMZN,baseline_temporal
2026-08-07T04:00:00+00:00,1290824.5007165435,-0.11924194429172663,ADI,baseline_temporal
2026-08-10T04:00:00+00:00,1296217.3248848908,-0.11556230129869893,AMZN,baseline_temporal
2026-08-11T04:00:00+00:00,1318356.2872602101,-0.10045639848521737,AMZN,baseline_temporal
