candidate_id,robust,beats_control_3pct_gate,ending_capital,capital_delta_vs_control,capital_lift_vs_control,cagr,sharpe,maximum_drawdown,worst_fold_return,capital_rotations,market_exposure,cash_days,loss_avoided_by_cash_usd,profit_missed_by_cash_usd,net_cash_edge_usd,cash_intervention_sessions,absolute_entry_threshold,absolute_exit_discount,absolute_exit_threshold,cash_reentry_premium,minimum_risk_safety,minimum_horizon_agreement,reentry_confirmation_sessions,fold_1_return,fold_1_max_drawdown,fold_2_return,fold_2_max_drawdown,fold_3_return,fold_3_max_drawdown,is_control,rank
0,True,False,1318356.2872602101,0.0,0.0,1.24755593953845,1.9658435084150165,-0.30987408627901614,1.1604735482697706,355,1.0,0,0.0,0.0,0.0,0,0.5,0.1,0.4,0.05,0.2,0.55,1,1.1604735482697706,-0.30987408627901614,8.015479993046188,-0.20920403296262158,5.768539805871221,-0.30275050844565476,True,1
873,False,False,914430.4100372333,-403925.8772229769,-0.306385975571452,1.1152036308427902,1.8899780119582745,-0.36650029269855455,0.5384980260278316,357,0.9012508229098091,150,180857.5255900922,218483.46516963185,-37625.93957953964,150,0.562978,0.063149,0.49982899999999997,0.059829,0.008212,0.252612,1,0.5384980260278316,-0.36650029269855455,9.179432388769559,-0.2092040329626217,4.838888135432994,-0.29998826542833223,False,2
791,False,False,911949.3382047609,-406406.9490554492,-0.30826791890987115,1.1142504493613234,1.8785985945685113,-0.30275050844565454,0.6681397361985801,365,0.9664252797893351,51,88681.32254597358,143862.7891203239,-55181.466574350314,51,0.484437,0.133444,0.350993,0.044322,0.010114,0.430446,1,0.6681397361985801,-0.26303587922222105,8.595381448847208,-0.20920403296262147,4.697391204019644,-0.3027505084456552,False,3
781,False,False,881589.1366734668,-436767.1505867434,-0.3312967479333123,1.1024078925377698,1.86335702875665,-0.3854363662401278,0.47805901925254934,363,0.9387755102040817,93,110692.88218034913,145742.40347002103,-35049.5212896719,93,0.522617,0.226988,0.29562900000000003,0.078624,0.005479,0.642002,1,0.47805901925254934,-0.3854363662401278,8.405003048858314,-0.20920403296262147,5.341843395352368,-0.3027505084456549,False,4
83,False,False,842120.2177979059,-476236.06946230424,-0.3612347239242978,1.0864928480639047,1.857792105089372,-0.3952248854611592,0.4854873140815974,358,0.9157340355497038,128,153679.1876016729,191104.5770156306,-37425.38941395772,128,0.550904,0.103421,0.44748299999999996,0.091621,0.002535,0.497676,1,0.4854873140815974,-0.3952248854611592,8.757571733765374,-0.20920403296262158,4.809829588934572,-0.2999882654283328,False,5
519,False,False,833800.1589310147,-484556.12832919543,-0.36754565743088563,1.0830587822808218,1.8374483012787344,-0.3952248854611602,0.4847659076262252,368,0.9736668861092824,40,64472.243165840504,74648.09635041421,-10175.853184573709,40,0.487444,0.085516,0.401928,0.00947,0.002323,0.546967,1,0.4847659076262252,-0.3952248854611602,7.713228493998555,-0.20920403296262147,5.445029114762483,-0.30275050844565476,False,6
767,False,False,775024.5205378889,-543331.7667223213,-0.41212817200687524,1.0579500053484505,1.8640067922318766,-0.36650029269855444,0.4751469991009576,346,0.837393021724819,247,231266.98058301563,285346.65956249624,-54079.67897948061,247,0.58907,0.186455,0.40261499999999995,0.049567,0.010381,0.527533,1,0.4751469991009576,-0.36650029269855444,8.75476796315313,-0.20920403296262202,4.385960942486861,-0.2999882654283321,False,7
893,False,False,728865.8739244754,-589490.4133357347,-0.44714044225541305,1.0370920998566318,1.8113155068276179,-0.3171762573586966,0.6357525447345787,356,0.9624753127057275,57,65304.23652100205,158009.6647116891,-92705.42819068706,57,0.469903,0.061337,0.408566,0.03481,0.003322,0.444303,2,0.6357525447345787,-0.3171762573586966,7.709509784983874,-0.20920403296262136,4.116067910746606,-0.3027505084456549,False,8
428,False,False,725413.135370519,-592943.1518896911,-0.4497594145221072,1.0354880082930942,1.8585781279639515,-0.30275050844565476,0.617365886235723,361,0.9262672811059908,112,101202.43306162376,193857.30688425078,-92654.87382262702,112,0.499276,0.096621,0.402655,0.02054,0.022081,0.147719,1,0.617365886235723,-0.26617532573338976,8.0400726223747,-0.15502901353965193,3.9614111380148325,-0.3027505084456549,False,9
980,False,False,657490.0517387632,-660866.2355214469,-0.5012804519595002,1.0025589192789557,1.7849503476860198,-0.3562468548298898,0.4352636986747145,372,0.9381171823568137,94,89477.5108377713,154079.91860767873,-64602.407769907426,94,0.51295,0.196131,0.316819,0.053839,0.012247,0.725466,1,0.4352636986747145,-0.3562468548298898,8.05057518738663,-0.2092040329626218,4.061524050634039,-0.3027505084456549,False,10
904,False,False,646453.5982066216,-671902.6890535885,-0.5096518259490592,0.9969428886821337,1.8536016788983183,-0.3027505084456552,0.526607269585746,361,0.9124423963133641,133,107910.37331104814,203570.04846935903,-95659.67515831089,133,0.506656,0.086912,0.419744,0.004262,0.035853,0.420911,1,0.526607269585746,-0.2586068966873958,7.69228886110864,-0.15502901353965193,3.8716477731832324,-0.30275050844565443,False,11
896,False,False,624614.3535879065,-693741.9336723037,-0.5262173362210216,0.9855898392148936,1.8421075673041565,-0.3354862667402948,0.6310470028981698,366,0.923633969716919,116,94314.04132894684,186894.8111969881,-92580.76986804126,116,0.492556,0.103001,0.389555,0.015597,0.024721,0.654262,1,0.6310470028981698,-0.3354862667402948,6.7136015979450345,-0.15502901353965193,3.964645913969431,-0.3027505084456551,False,12
973,False,False,619049.0333367919,-699307.2539234182,-0.5304387445799716,0.9826438568815492,1.8737084473494554,-0.35771672224750384,0.36217480607863073,356,0.8294930875576036,259,204207.1168478929,296556.83495941875,-92349.71811152584,259,0.5825,0.176587,0.405913,0.015345,0.040771,0.578345,1,0.36217480607863073,-0.35771672224750384,8.83551255151016,-0.15502901353965193,3.620566331615967,-0.29998826542833246,False,13
475,False,False,608046.5936963876,-710309.6935638225,-0.538784318342334,0.9767541479666855,1.8042630222343155,-0.35274593869659265,0.3706617876257938,359,0.9289005924950625,108,88779.66492932639,161057.80502209318,-72278.14009276679,108,0.470337,0.131353,0.338984,0.098077,0.020381,0.596424,1,0.3706617876257938,-0.35274593869659265,7.858466141924465,-0.15502901353965193,4.007812097302936,-0.3027505084456543,False,14
820,False,False,594334.8428367451,-724021.444423465,-0.5491849596501083,0.9692883971500879,1.8395929899254966,-0.30275050844565454,0.5205960759258454,360,0.9058591178406846,143,121970.49479521859,235073.7938281469,-113103.29903292832,143,0.479903,0.278796,0.20110700000000004,0.001425,0.0463,0.18456,1,0.5205960759258454,-0.2718109545199474,8.108091334273853,-0.15502901353965193,3.2913105970215435,-0.30275050844565465,False,15
446,False,False,567210.7265291868,-751145.5607310233,-0.5697591523548188,0.9540864680094765,1.8197895659328562,-0.3460703707993935,0.2942940351160981,355,0.9052007899934167,144,106227.28374898966,176029.50695305885,-69802.22320406919,144,0.488816,0.193638,0.29517799999999994,0.08976,0.037058,0.562814,1,0.2942940351160981,-0.3460703707993935,7.764159699862443,-0.15502901353965193,4.000359199302673,-0.30275050844565465,False,16
20,False,False,562248.9251431088,-756107.3621171013,-0.5735227794061901,0.9512402280658367,1.8479729380451164,-0.3481859431285077,0.38610403720942177,327,0.8084265964450297,291,207531.30126193012,285797.5590652806,-78266.25780335048,291,0.578647,0.165786,0.41286100000000003,0.061224,0.035184,0.592926,1,0.38610403720942177,-0.3481859431285077,7.5830147563418375,-0.15962516224371803,3.725991609057661,-0.29998826542833235,False,17
892,False,False,562158.2144236246,-756198.0728365856,-0.5735915853278979,0.951187998945755,1.7291027302780468,-0.3171762573586966,0.3037573368896491,352,0.9519420671494404,73,46051.298988849754,139467.9669839678,-93416.66799511806,73,0.455783,0.166063,0.28972,0.089933,0.009539,0.259565,2,0.3037573368896491,-0.3171762573586966,7.92994131910968,-0.20920403296262158,3.8285106163313376,-0.30275050844565476,False,18
867,False,False,559840.0646026968,-758516.2226575133,-0.5753499490140495,0.9498508710309774,1.7412141811097674,-0.39010059178155976,0.29662405698154615,353,0.9394338380513496,92,74475.57169975809,148401.4470522373,-73925.8753524792,92,0.485567,0.247664,0.23790300000000003,0.094725,0.007337,0.160307,2,0.29662405698154615,-0.39010059178155976,7.371812537275773,-0.20920403296262158,4.157395122638749,-0.3027505084456549,False,19
993,False,False,553216.2384332776,-765140.0488269326,-0.5803742555944691,0.9460045778890951,1.7821988483786595,-0.3052573744852727,0.48095778543031065,354,0.9249506254114549,114,85142.70998644801,181178.3130041297,-96035.6030176817,114,0.468163,0.119489,0.348674,0.057257,0.016308,0.26959,2,0.48095778543031065,-0.3052573744852727,7.304210223928335,-0.15656794600584234,3.4983568566887033,-0.30275050844565465,False,20
621,False,False,536984.0351583341,-781372.2521018761,-0.5926867112119691,0.9364139395317426,1.8128936409769003,-0.3473211188926575,0.18018403468756294,347,0.8538512179065174,222,157572.82685573748,238962.75952775983,-81389.93267202235,222,0.554809,0.198371,0.35643800000000003,0.063515,0.039771,0.644385,1,0.18018403468756294,-0.3473211188926575,8.594204127633924,-0.1550290135396516,3.7424491663457387,-0.29998826542833235,False,21
566,False,False,531290.0869353939,-787066.2003248163,-0.5970056864980606,0.9329923972553578,1.7316485748284915,-0.3495129916229257,0.23992666558798925,350,0.9275839368005266,110,84089.06805390067,148612.0796814564,-64523.01162755574,110,0.502459,0.201325,0.301134,0.043103,0.011091,0.665445,2,0.23992666558798925,-0.3495129916229257,7.427686666598833,-0.20920403296262158,4.084255091203917,-0.30275050844565465,False,22
418,False,False,519058.7044521138,-799297.5828080964,-0.6062834383482067,0.9255377728580789,1.7067511077285566,-0.37976363548632275,0.23415751030149656,353,0.9526003949967083,72,43930.46049121482,136987.03204349536,-93056.57155228054,72,0.464415,0.101543,0.36287200000000003,0.023272,0.005384,0.098295,3,0.23415751030149656,-0.37976363548632275,7.342756575885019,-0.20920403296262158,4.041227724905595,-0.30275050844565465,False,23
648,False,False,515242.6127388307,-803113.6745213794,-0.6091780213605225,0.9231820038677092,1.720321055319092,-0.3986241001299756,0.3177023483542132,364,0.9440421329822252,85,56801.79211320952,119312.2244794635,-62510.43236625398,85,0.474686,0.205634,0.26905199999999996,0.057703,0.015888,0.58951,1,0.3177023483542132,-0.3986241001299756,6.616966352866631,-0.20081322878131325,4.1334864113548875,-0.3027505084456549,False,24
994,False,False,506540.9393490938,-811815.3479111163,-0.6157784172275764,0.9177553256614701,1.7066487975966225,-0.3901005917815591,0.19187465793623004,348,0.9275839368005266,110,72718.28662231646,142241.55485260076,-69523.2682302843,110,0.5041,0.131673,0.37242699999999995,0.098899,0.008053,0.120377,2,0.19187465793623004,-0.3901005917815591,7.240499937872839,-0.20920403296262158,4.157395122638749,-0.3027505084456549,False,25
562,False,False,501836.9992564778,-816519.2880037323,-0.6193464512545478,0.9147893232481399,1.795528753427835,-0.3577167222475045,0.2984423819989874,355,0.8742593811718236,191,134909.2122792618,256198.4801896718,-121289.26791041001,191,0.530192,0.215088,0.315104,0.033586,0.045768,0.33383,1,0.2984423819989874,-0.3577167222475045,8.362375749642824,-0.15502901353965193,3.128135347070608,-0.30275050844565476,False,26
209,False,False,500248.78750235355,-818107.4997578566,-0.6205511421028956,0.9137826617898477,1.7123633203594195,-0.303266653361827,0.24591093065338088,352,0.9361421988150099,97,50518.51965010162,137110.56069638542,-86592.0410462838,97,0.451533,0.128018,0.323515,0.08229,0.013768,0.012664,2,0.24591093065338088,-0.303266653361827,7.315451943772002,-0.15656794600584256,3.8285106163313376,-0.30275050844565476,False,27
813,False,False,492393.5780255671,-825962.709234643,-0.6265094779129452,0.9087642144963626,1.7745451883124042,-0.27663092255671273,0.4886013469701036,360,0.8946675444371297,160,122968.07782887314,238760.70039676802,-115792.62256789488,160,0.460891,0.057854,0.403037,0.044048,0.051134,0.008084,1,0.4886013469701036,-0.2718109545199471,7.214125089627732,-0.15502901353965193,3.026916831714572,-0.2766309225567126,False,28
354,False,False,488024.51800515415,-830331.769255056,-0.629823498608741,0.9059439906629092,1.7208888227451526,-0.39010059178156065,0.21631714565013804,319,0.8301514154048716,258,206624.89631257,289245.3107487408,-82620.4144361708,258,0.578368,0.27519,0.303178,0.038773,0.00989,0.36054,2,0.21631714565013804,-0.39010059178156065,7.484533734547764,-0.2092040329626219,3.7289729700553202,-0.27895341660319106,False,29
608,False,False,485021.33419113135,-833334.9530690787,-0.6321014744814575,0.9039932006074813,1.8225617566446923,-0.376223552343559,0.16604836402015777,337,0.7630019749835418,360,261998.77062973092,332900.9220085908,-70902.15137885985,360,0.621955,0.182956,0.43899900000000003,9.5e-05,0.048673,0.698737,1,0.16604836402015777,-0.376223552343559,8.415968262315522,-0.15502901353965204,3.417527807377919,-0.26929668157702946,False,30
914,False,False,464182.270514785,-854174.0167454251,-0.647908327209906,0.8901720023973285,1.698215350326658,-0.3743516136506385,0.05803945081183648,307,0.8275181040157998,262,209712.76714108768,256090.2327555857,-46377.46561449801,262,0.565028,0.1885,0.376528,0.025697,0.0003,0.500737,3,0.05803945081183648,-0.3743516136506385,6.833914589783308,-0.2092040329626218,4.600255675057829,-0.27663092255671273,False,31
385,False,False,457728.48055316723,-860627.806707043,-0.6528036578758143,0.8857866666847478,1.7682779115018572,-0.39184320915587734,0.31236950819162157,318,0.7985516787360105,306,215001.4938475447,307901.4441729988,-92899.95032545406,306,0.579169,0.241419,0.33775000000000005,0.022148,0.020571,0.340801,2,0.31236950819162157,-0.39184320915587734,7.042654546573134,-0.15502901353965182,3.3366301948188353,-0.2789534166031916,False,32
386,False,False,448336.60691351723,-870019.6803466929,-0.6599275846400792,0.8793118558743875,1.6706110902603077,-0.3901005917815603,0.06469893144780992,349,0.9098090849242922,137,92369.9393929912,166290.29649094472,-73920.35709795351,137,0.526801,0.24973,0.27707099999999996,0.032162,0.013446,0.423486,2,0.06469893144780992,-0.3901005917815603,7.494451649597879,-0.20920403296262158,3.957263838372911,-0.30275050844565465,False,33
654,False,False,441435.46844166814,-876920.818818542,-0.6651622382299605,0.8744816728502256,1.7456946534759084,-0.3004105242820041,0.4510185993741209,360,0.8755760368663594,189,147571.36958715698,287382.36734443676,-139810.99775727978,189,0.493302,0.177642,0.31566000000000005,0.045178,0.05434,0.50149,1,0.4510185993741209,-0.3004105242820041,7.033212123911367,-0.15502901353965193,2.7870846311671236,-0.2766309225567125,False,34
472,False,False,440749.53775074816,-877606.7495094619,-0.6656825305800242,0.873998148230211,1.7269070488666702,-0.3872174080622084,0.23767610625699387,349,0.8880842659644503,170,95110.55709489717,178209.24866463765,-83098.69156974048,170,0.51136,0.276945,0.23441500000000004,0.026919,0.019579,0.451334,2,0.23767610625699387,-0.3872174080622084,6.945919728874417,-0.15502901353965215,3.481678362791719,-0.3027505084456549,False,35
665,False,False,438468.5312211913,-879887.7560390189,-0.6674127203258456,0.8723856995151145,1.7566385018300748,-0.391843209155877,0.25357325142446685,314,0.7623436471362739,361,217762.985716487,307973.328970631,-90210.34325414401,361,0.596288,0.121482,0.47480600000000006,0.013178,0.01906,0.377257,2,0.25357325142446685,-0.391843209155877,7.198825841374784,-0.16772982171937179,3.266159138527337,-0.2789534166031914,False,36
166,False,False,436436.00145166396,-881920.2858085462,-0.6689544354063353,0.8709429938450477,1.7559231442484957,-0.3577167222475043,0.17246996857779884,333,0.8163265306122449,279,166269.19732207686,267669.73727981176,-101400.5399577349,279,0.563213,0.294562,0.268651,0.060621,0.047036,0.577557,1,0.17246996857779884,-0.3577167222475043,8.239159463512308,-0.15502901353965193,3.0288989764466976,-0.29998826542833235,False,37
746,False,False,433412.0326324605,-884944.2546277496,-0.671248177127314,0.8687861508128865,1.6636703153184522,-0.34951299162292637,0.14644232229795828,355,0.9295589203423305,107,50661.61149969995,131442.07497982765,-80780.4634801277,107,0.459928,0.05368,0.406248,0.085835,0.011988,0.729378,2,0.14644232229795828,-0.34951299162292637,7.6971382818035,-0.20920403296262158,3.346827228516826,-0.30275050844565476,False,38
872,False,False,429817.50622529816,-888538.781034912,-0.6739746983582572,0.866205969156647,1.7732687066921884,-0.3918432091558768,0.18370484855113167,295,0.7340355497037525,404,245882.26268198955,327599.9662035557,-81717.70352156615,404,0.594559,0.277249,0.3173099999999999,0.037181,0.020929,0.4434,2,0.18370484855113167,-0.3918432091558768,7.2531670182731744,-0.15502901353965182,3.3996693559616418,-0.2789534166031915,False,39
643,False,False,424901.07608407433,-893455.2111761358,-0.6777039103995948,0.8626476124470144,1.747100762305686,-0.35949540445345507,0.18177320132146568,350,0.8538512179065174,222,141395.0073566316,221023.68436935745,-79628.67701272585,222,0.51409,0.109652,0.4044380000000001,0.09924,0.050034,0.700647,1,0.18177320132146568,-0.35949540445345507,7.876406830106699,-0.1550290135396516,3.0505732904403553,-0.2766309225567126,False,40
858,False,False,422343.81636227167,-896012.4708979385,-0.6796436437983082,0.8607831518432476,1.692423617211818,-0.3918432091558771,0.17913083392823514,351,0.9216589861751152,119,49149.60439991037,145395.70472825918,-96246.10032834881,119,0.451104,0.060268,0.390836,0.098467,0.01685,0.117828,2,0.17913083392823514,-0.3918432091558771,7.315451943772002,-0.15656794600584256,3.3074305678690887,-0.30275050844565465,False,41
85,False,False,403828.44675007183,-914527.8405101383,-0.6936879274196033,0.8469955393287059,1.6806420908814657,-0.3918432091558772,0.19068721673901656,350,0.913100724160632,132,50268.864677425634,143431.13268536038,-93162.26800793475,132,0.463044,0.1698,0.293244,0.091169,0.017449,0.300379,2,0.19068721673901656,-0.3918432091558772,6.873737497900003,-0.15656794600584267,3.3074305678690887,-0.30275050844565465,False,42
988,False,False,403629.6996949469,-914726.5875652633,-0.6938386810944979,0.8468447045238119,1.705133397924375,-0.3918432091558762,0.2103051084882901,328,0.8446346280447663,236,144870.6370291219,230119.47033954458,-85248.83331042269,236,0.549676,0.264924,0.28475200000000006,0.055144,0.020049,0.226635,2,0.2103051084882901,-0.3918432091558762,6.969009588861601,-0.15502901353965215,3.184888573799064,-0.2789534166031915,False,43
278,False,False,398663.64063443756,-919692.6466257726,-0.6976055376783352,0.8430555572870304,1.7138653860334858,-0.3907367163964348,0.16310967677624033,332,0.8571428571428571,217,106784.4289526098,196900.47610918398,-90116.04715657418,217,0.510065,0.202197,0.30786800000000003,0.096908,0.026745,0.345864,2,0.16310967677624033,-0.3907367163964348,6.67777083927627,-0.15502901353965215,3.4642737118158626,-0.302750508445655,False,44
119,False,False,396217.5447597869,-922138.7425004232,-0.6994609510429075,0.8411746728216161,1.693794653823971,-0.38610249902674354,0.15115521272469135,352,0.9117840684660962,134,59702.270265008134,153969.15279440914,-94266.882529401,134,0.463668,0.141881,0.32178700000000005,0.003001,0.024098,0.087139,2,0.15115521272469135,-0.38610249902674354,6.81233508882956,-0.15502901353965137,3.405740922965652,-0.30275050844565465,False,45
793,False,False,393462.77046040364,-924893.5167998065,-0.7015505032572853,0.8390448037364242,1.6567652758047455,-0.3901005917815602,0.07720428486269881,312,0.7899934167215273,319,181212.89093268273,254792.44584581244,-73579.55491312972,319,0.587891,0.154879,0.43301200000000006,0.031308,0.012437,0.301189,2,0.07720428486269881,-0.3901005917815602,6.851526111080025,-0.20920403296262147,3.652126269875101,-0.2789534166031916,False,46
848,False,False,389679.88161335164,-928676.4056468585,-0.7044199012217107,0.8360996825315337,1.6744278005680895,-0.3918432091558768,0.164093978784414,347,0.8729427254772877,193,96235.58634823836,185814.06028337879,-89578.47393514043,193,0.545275,0.090487,0.45478799999999997,0.006307,0.018476,0.112662,2,0.164093978784414,-0.3918432091558768,6.792547338821453,-0.15656794600584245,3.2957647750660515,-0.3027505084456549,False,47
919,False,False,383405.8595010869,-934950.4277591233,-0.7091788743254863,0.831162123095849,1.7031392141526085,-0.3513715767392427,0.2298057290093536,317,0.8090849242922976,290,174280.643380726,263622.28810276504,-89341.64472203905,290,0.559264,0.243102,0.31616199999999994,0.05209,0.021139,0.712149,2,0.2298057290093536,-0.3513715767392427,7.0107877741558955,-0.15502901353965204,2.891768581092509,-0.27895341660319173,False,48
205,False,False,365059.47662717215,-953296.8106330379,-0.7230949780761968,0.8163266942432379,1.7020287802490395,-0.3597946166709859,0.25978283469298913,313,0.7320605661619487,407,190914.16031676164,256082.27565857352,-65168.11534181188,407,0.605648,0.061777,0.543871,0.053253,0.041557,0.030798,1,0.25978283469298913,-0.3597946166709859,4.920684903285606,-0.15502901353965193,3.8943609161473267,-0.2820031417733412,False,49
610,False,False,363690.03729881404,-954666.2499613961,-0.7241337255996028,0.8151945640503768,1.6451543382355167,-0.3952439051534685,-0.006619128868485813,301,0.8189598420013167,275,190015.89351711344,253765.17191677098,-63749.278399657545,275,0.550105,0.236979,0.31312599999999996,0.078184,0.000475,0.64584,3,-0.006619128868485813,-0.3952439051534685,6.474234189229243,-0.15656794600584234,3.898339812909244,-0.2766309225567124,False,50
881,False,False,363014.4474412275,-955341.8398189826,-0.7246461742177154,0.8146347363659827,1.7459245723735193,-0.35375172603848426,0.33830895709230124,325,0.7142857142857143,434,260795.62644366364,386558.0971375628,-125762.47069389917,434,0.617713,0.083924,0.533789,0.012801,0.057186,0.53535,1,0.33830895709230124,-0.35375172603848426,6.585839159397743,-0.15502901353965137,2.57572322061323,-0.2580456879620736,False,51
798,False,False,357822.65458300425,-960533.6326772058,-0.7285842544683985,0.8103033105235589,1.6696316857918323,-0.3861024990267433,0.06550285657159449,345,0.892034233048058,164,66716.36177597422,155841.05435789298,-89124.69258191876,164,0.465325,0.279354,0.185971,0.017303,0.03664,0.359011,2,0.06550285657159449,-0.3861024990267433,6.684284900731796,-0.15502901353965137,3.37028497008874,-0.30275050844565476,False,52
818,False,False,352072.6960197084,-966283.5912405017,-0.7329457147343825,0.8054446055283682,1.69219014734657,-0.3907367163964346,0.048808827630314466,297,0.7583936800526663,367,187265.72510830348,270273.9869075398,-83008.2617992363,367,0.580746,0.18928,0.391466,0.034629,0.029828,0.21834,2,0.048808827630314466,-0.3907367163964346,6.754593668600196,-0.155105097983387,3.3288941402951426,-0.27895341660319173,False,53
513,False,False,350049.5002205623,-968306.7870396478,-0.7344803498089045,0.8037192613269732,1.6609590538947758,-0.3907367163964358,0.00578217284586624,341,0.8617511520737328,210,95685.79902136384,167677.16280415514,-71991.3637827913,210,0.516955,0.069069,0.44788600000000006,0.037013,0.028828,0.568247,2,0.00578217284586624,-0.3907367163964358,6.61597439157518,-0.15502901353965215,3.56983009287236,-0.302750508445655,False,54
484,False,False,349111.32568001724,-969244.9615801929,-0.7351919742382118,0.802916379095018,1.6692727971382837,-0.39073671639643526,-0.031633035828726896,334,0.8380513495720869,246,140104.5247465807,208838.16024161692,-68733.63549503623,246,0.555413,0.147895,0.40751800000000005,0.003462,0.032121,0.362888,2,-0.031633035828726896,-0.39073671639643526,6.765162731474718,-0.15502901353965215,3.6427298268591306,-0.2789534166031913,False,55
573,False,False,346647.4486293636,-971708.8386308465,-0.7370608749856524,0.8007992108016924,1.6693180153888911,-0.4071223819957809,0.1090308706497074,266,0.7090190915075708,442,250287.73518151915,342153.69682293903,-91865.96164141988,442,0.575405,0.226688,0.34871700000000005,0.062892,0.007031,0.406253,3,0.1090308706497074,-0.4071223819957809,5.8929633383118505,-0.15656794600584234,3.5345939500305716,-0.27663092255671284,False,56
840,False,False,344418.1698293669,-973938.1174308432,-0.7387518281987853,0.7988727851142521,1.7649795104144388,-0.2766309225567124,0.4960003374263562,354,0.8005266622778143,303,196609.85439603936,365295.94356836355,-168686.0891723242,303,0.466016,0.20595,0.260066,0.05361,0.083943,0.256587,1,0.4960003374263562,-0.24104235464652024,6.3919861660307,-0.15502901353965182,2.114535014704789,-0.27663092255671273,False,57
673,False,False,342023.73933032376,-976332.5479298864,-0.7405680523274079,0.7967920244711022,1.6395232403602737,-0.3743516136506384,0.09560687871304396,290,0.7465437788018433,385,220671.6883352473,311830.1056996881,-91158.41736444077,385,0.584808,0.070113,0.514695,0.023188,0.004982,0.281765,3,0.09560687871304396,-0.3743516136506384,5.691073244695737,-0.15656794600584245,3.6655808157825884,-0.2766309225567124,False,58
995,False,False,341912.6162934953,-976443.6709667149,-0.7406523414060904,0.796695163842523,1.7228124885444767,-0.344821658907173,0.02889182645048205,280,0.7399605003291639,395,216528.16715361047,301695.8092287428,-85167.64207513232,395,0.566792,0.26169,0.305102,0.076723,0.034714,0.346784,2,0.02889182645048205,-0.344821658907173,7.120944920667725,-0.1550290135396516,3.0920303303229844,-0.27895341660319173,False,59
959,False,False,338638.92513413203,-979717.3621260781,-0.7431355025902089,0.7938297941826467,1.6496913399880873,-0.42215349914862255,0.004716981572057577,344,0.8834759710335747,177,63444.51509493266,149097.46000835384,-85652.94491342118,177,0.461409,0.130258,0.331151,0.065096,0.039185,0.17943,2,0.004716981572057577,-0.42215349914862255,6.712290461257422,-0.15502901353965137,3.37028497008874,-0.30275050844565476,False,60
339,False,False,333968.7397456704,-984387.5475145397,-0.7466779329890256,0.7897018567364777,1.6686329593255051,-0.2766309225567125,0.6567599648374067,356,0.8393680052666228,244,150418.39395160158,319791.7825400976,-169373.38858849602,244,0.476841,0.295852,0.180989,0.041398,0.066745,0.458741,1,0.6567599648374067,-0.2531807975950303,5.474338128653915,-0.1550290135396517,2.1135141888446705,-0.27663092255671273,False,61
259,False,False,333612.221294846,-984744.0659653642,-0.7469483594695374,0.7893847590422545,1.6501620531127148,-0.39073671639643515,-0.047842864870345725,311,0.8281764318630678,261,111956.87585956717,192258.83801771238,-80301.96215814521,261,0.525806,0.109932,0.41587399999999997,0.093787,0.031968,0.589273,2,-0.047842864870345725,-0.39073671639643515,7.421011551493244,-0.15502901353965215,3.1607254808490968,-0.3027505084456549,False,62
226,False,False,333334.60694935336,-985021.6803108568,-0.7471589355847919,0.7891376451140228,1.7246280191020136,-0.3851789354691306,0.04668250780600958,259,0.6497695852534562,532,272299.243570625,312257.01241649344,-39957.76884586841,532,0.625862,0.137541,0.488321,0.028172,0.026609,0.409594,2,0.04668250780600958,-0.3851789354691306,5.274727202245187,-0.15502901353965182,4.075403665931168,-0.2536328510085638,False,63
774,False,False,331847.55761039426,-986508.7296498159,-0.7482868926881403,0.7878110421515314,1.7172648861879964,-0.30122083525897403,0.19806263743484376,271,0.695852534562212,462,218610.47623805387,293984.77204580227,-75374.29580774839,462,0.581347,0.269195,0.31215199999999993,0.06928,0.0252,0.713645,2,0.19806263743484376,-0.30122083525897403,5.684349287620964,-0.15502901353965182,3.1438112522289963,-0.2789534166031914,False,64
408,False,False,330129.2764507374,-988227.0108094728,-0.7495902438203503,0.7862719671398233,1.6914099861946368,-0.42826574520166516,-0.09032018902982941,283,0.707044107965767,445,212225.58809961285,265150.65099540324,-52925.06289579038,445,0.612239,0.296615,0.31562399999999996,0.015252,0.032829,0.005213,2,-0.09032018902982941,-0.42826574520166516,6.686736893700396,-0.1550290135396517,3.7212116241746642,-0.2428673411033948,False,65
104,False,False,330026.79235545435,-988329.4949047558,-0.7496679800865429,0.7861799605328093,1.6305784201053455,-0.4279926755415896,-0.012117787278971393,334,0.8900592495062541,167,61522.7621899119,151715.12658822542,-90192.36439831353,167,0.455663,0.27499,0.18067299999999997,0.001222,0.026253,0.054011,3,-0.012117787278971393,-0.4279926755415896,6.498966252954716,-0.15502901353965148,3.4549479406706425,-0.3027505084456549,False,66
369,False,False,329286.0437196164,-989070.2435405937,-0.7502298529603602,0.7855142329646834,1.5698798202777244,-0.40712238199578066,0.12855873111161364,324,0.8683344305464121,200,91448.53779151417,182089.6613784007,-90641.12358688652,200,0.530953,0.244974,0.285979,0.0626,0.008563,0.413346,3,0.12855873111161364,-0.40712238199578066,5.495736251499226,-0.20920403296262158,3.491803780955326,-0.30275050844565465,False,67
95,False,False,329247.95935421926,-989108.3279059909,-0.7502587407244381,0.7854799719333823,1.6393799729331457,-0.3907367163964348,0.10276875301461841,324,0.8433179723502304,238,107568.69333061726,198782.91257891024,-91214.21924829298,238,0.529905,0.253332,0.27657299999999996,0.073424,0.024583,0.319975,2,0.10276875301461841,-0.3907367163964348,6.27094681776497,-0.15502901353965215,3.1062716055522737,-0.30275050844565465,False,68
159,False,False,327020.870915338,-991335.4163448722,-0.7519480325042116,0.783470691207772,1.6553083449917008,-0.42215349914862177,0.005642069539562922,338,0.859776168531929,213,107887.89136795497,176394.99574703502,-68507.10437908005,213,0.492638,0.229915,0.26272300000000004,0.030947,0.047625,0.223316,2,0.005642069539562922,-0.42215349914862177,6.714603702417918,-0.15502901353965137,3.2152022397830935,-0.28158916557456415,False,69
700,False,False,324204.3171014341,-994151.970158776,-0.7540844457341718,0.7809131847773259,1.6998399070496844,-0.38329686758149295,-0.016768317989116932,284,0.7386438446346281,397,206391.18067745375,288071.52247479814,-81680.34179734439,397,0.563916,0.13362,0.430296,0.072388,0.038135,0.146119,2,-0.016768317989116932,-0.38329686758149295,7.057941042559607,-0.1550290135396517,3.0920303303229844,-0.27895341660319173,False,70
469,False,False,323236.0392170899,-995120.2480431203,-0.7548189041606995,0.7800296811566485,1.6401081604138636,-0.3907367163964347,0.01453706962938539,337,0.847267939433838,232,100289.16693732222,181432.94287946643,-81143.7759421442,232,0.535445,0.262459,0.27298599999999995,0.016196,0.034238,0.19598,2,0.01453706962938539,-0.3907367163964347,6.2040626064739754,-0.15502901353965215,3.4225665620151178,-0.30275050844565454,False,71
350,False,False,320558.70771735825,-997797.5795428519,-0.7568497144398356,0.7775752116874817,1.6337450931112325,-0.42215349914862244,-0.035267003858132195,341,0.869651086240948,198,79472.86029086197,146712.5238076879,-67239.66351682592,198,0.48453,0.053914,0.430616,0.050596,0.038552,0.230907,2,-0.035267003858132195,-0.42215349914862244,6.273647469050906,-0.15502901353965215,3.568232483502811,-0.302750508445655,False,72
874,False,False,302027.1896830936,-1016329.0975771166,-0.7709062469669998,0.7601010100464971,1.6250614379355581,-0.37173623663114874,0.1405205828616578,315,0.7880184331797235,322,148185.40698966035,235474.44732885572,-87289.04033919537,322,0.566269,0.184609,0.38166,0.069786,0.050612,0.517271,1,0.1405205828616578,-0.37173623663114874,5.843111200564919,-0.15502901353965193,2.8698070986219455,-0.27663092255671273,False,73
236,False,False,287780.65252062917,-1030575.634739581,-0.7817125345389819,0.7460484927743063,1.6287158830686492,-0.324806754549122,0.3725567663867999,341,0.8025016458196181,300,149754.97273547263,286763.97777134634,-137009.0050358737,300,0.511551,0.145006,0.366545,0.087316,0.066017,0.419155,1,0.3725567663867999,-0.324806754549122,5.465164436327484,-0.15502901353965193,2.243035499036927,-0.2766309225567125,False,74
411,False,False,286306.7316040072,-1032049.555656203,-0.7828305334675455,0.7445617315350921,1.6306900564043758,-0.45064207016921576,-0.094472126626024,235,0.6359447004608295,553,260212.62159086915,295313.9424315361,-35101.320840666944,553,0.613238,0.10933,0.5039079999999999,0.028491,0.013922,0.246584,3,-0.094472126626024,-0.45064207016921576,4.805737427718009,-0.15502901353965182,4.445933649314501,-0.2030294332391671,False,75
816,False,False,286269.15275792516,-1032087.1345022849,-0.7828590377849635,0.7445237419313218,1.6031524532658832,-0.42215349914862177,-0.03850852641275193,338,0.8531928900592495,223,87867.31865242646,165812.52010811446,-77945.201455688,223,0.500632,0.07143,0.429202,0.036656,0.047319,0.421731,2,-0.03850852641275193,-0.42215349914862177,6.4689990580428685,-0.15502901353965215,2.9862699952761824,-0.30275050844565465,False,76
614,False,False,278924.4330615715,-1039431.8541986386,-0.7884301567361366,0.7370176115817582,1.607078804418705,-0.38835131796298694,0.07294392530208471,337,0.8400263331138907,243,98927.69764623445,192074.0897498104,-93146.39210357596,243,0.481717,0.232987,0.24873,0.092326,0.042849,0.726431,2,0.07294392530208471,-0.38835131796298694,6.464184289078269,-0.15502901353965182,2.4827891293273043,-0.30275050844565465,False,77
290,False,False,277304.5066331169,-1041051.7806270933,-0.7896589038086151,0.7353399277931221,1.6447573724497524,-0.4006972008327436,-0.014555771082541802,275,0.6998025016458196,456,197365.3202929437,275844.42954603484,-78479.10925309113,456,0.57364,0.125813,0.44782700000000003,0.060911,0.045235,0.697852,2,-0.014555771082541802,-0.4006972008327436,5.8593899612138545,-0.1550290135396516,3.1024130367480494,-0.2789534166031916,False,78
441,False,False,276376.981118696,-1041979.3061415141,-0.7903624507354845,0.7343756483696187,1.5422646869445205,-0.4159522199616207,0.1568917507346006,364,0.7702435813034891,349,128475.14880196666,174339.10555491073,-45863.95675294407,349,0.615085,0.05731,0.557775,0.018243,0.015341,0.686782,1,0.1568917507346006,-0.4159522199616207,3.585567422401822,-0.28711320797915474,4.209740135761364,-0.28200314177334096,False,79
886,False,False,270858.5890330471,-1047497.698227163,-0.7945482631285192,0.728582128306513,1.6112437018396508,-0.34484033073146514,0.34422899408048147,354,0.8294930875576036,259,130976.85867640673,268978.5340908483,-138001.67541444156,259,0.507172,0.127187,0.37998499999999996,0.040065,0.067609,0.491741,1,0.34422899408048147,-0.34484033073146514,5.37309714152891,-0.1550290135396517,2.1616865735841624,-0.27663092255671284,False,80
200,False,False,270671.40676119545,-1047684.8804990146,-0.7946902446805931,0.7283838934178841,1.631723202838418,-0.38517893546913096,-0.058294517149317326,271,0.6583278472679395,519,208235.74942713365,256789.86370446128,-48554.11427732764,519,0.619238,0.075202,0.544036,0.025078,0.029203,0.492533,2,-0.058294517149317326,-0.38517893546913096,4.897139069685133,-0.15502901353965204,3.8740043385236422,-0.24286734110339492,False,81
275,False,False,269121.7744467114,-1049234.5128134987,-0.795865672241002,0.7267383527687117,1.5571601647803763,-0.4279926755415897,-0.15042059841668687,328,0.879526003949967,183,56362.631950640236,136250.92899399175,-79888.29704335151,183,0.457444,0.292134,0.16531,0.032771,0.032461,0.277569,3,-0.15042059841668687,-0.4279926755415897,6.191844278071604,-0.15502901353965148,3.4045808696246365,-0.3027505084456552,False,82
225,False,False,251102.56919240925,-1067253.7180678009,-0.8095336051271488,0.7069994121308965,1.5346205200990684,-0.4186126848140481,-0.12850333915874357,317,0.8420013166556946,240,76131.67690336978,167006.07439658858,-90874.3974932188,240,0.498905,0.276348,0.222557,0.063358,0.027489,0.512687,3,-0.12850333915874357,-0.4186126848140481,5.892719764649689,-0.1550290135396517,3.180178305269866,-0.30275050844565465,False,83
570,False,False,250115.30206635664,-1068240.9851938535,-0.8102824672789002,0.7058841603778356,1.6044601070938806,-0.38517893546913096,0.06842432868056814,278,0.6556945358788677,523,194357.87172898042,240432.83516819766,-46074.963439217245,523,0.61461,0.060942,0.5536679999999999,0.025738,0.027064,0.157457,2,0.06842432868056814,-0.38517893546913096,3.789711652302829,-0.1670389879879045,3.887503991169268,-0.24286734110339459,False,84
306,False,False,249319.2390810559,-1069037.0481791543,-0.8108862972093926,0.7049822223730156,1.6078724462864469,-0.3392620651533871,0.19527567376905286,343,0.7906517445687953,318,143724.74182605528,275504.3913322668,-131779.6495062115,318,0.51916,0.295009,0.22415099999999993,0.064355,0.073446,0.648587,1,0.19527567376905286,-0.3392620651533871,5.809938072928064,-0.15502901353965182,2.062982738261863,-0.2766309225567125,False,85
375,False,False,247952.06011440256,-1070404.2271458076,-0.8119233302025713,0.7034275903385798,1.5486097391384577,-0.3770500797604892,0.2583265828830861,287,0.7011191573403555,454,152276.12013509416,216328.72794595375,-64052.6078108596,454,0.610984,0.285201,0.325783,0.064574,0.023212,0.511209,1,0.2583265828830861,-0.3770500797604892,3.0314517844788833,-0.15502901353965182,3.8877938374493812,-0.2820031417733413,False,86
603,False,False,238562.0789663517,-1079794.2082938584,-0.8190458214735501,0.6925525815288249,1.5366303372122618,-0.40564245262153653,-0.0829009715807073,317,0.8380513495720869,246,73228.95359579884,163180.9905113276,-89952.03691552876,246,0.466315,0.146277,0.320038,0.09034,0.043292,0.265976,3,-0.0829009715807073,-0.40564245262153653,5.723097936840579,-0.1550290135396517,2.8691515397998884,-0.30275050844565476,False,87
36,False,False,235838.62911645128,-1082517.6581437588,-0.8211116134572636,0.6893316595967296,1.5002192536659318,-0.4077134863008698,-0.08278908353103764,306,0.8209348255431205,272,92659.5916031031,192993.7914210367,-100334.19981793361,272,0.540092,0.271355,0.268737,0.06848,0.021659,0.364713,3,-0.08278908353103764,-0.4077134863008698,6.141091537668367,-0.1550290135396517,2.60065181303099,-0.30275050844565476,False,88
118,False,False,234183.4117764145,-1084172.8754837955,-0.8223671294024082,0.6873589071948731,1.5561843252477023,-0.4282657452016648,-0.08957219547495465,287,0.6912442396313364,469,162723.37495475568,217179.46369207493,-54456.08873731925,469,0.611653,0.062781,0.548872,0.014872,0.028332,0.309156,2,-0.08957219547495465,-0.4282657452016648,4.591019146585672,-0.16703898798790406,3.6006546788477456,-0.24286734110339503,False,89
984,False,False,232893.2820003604,-1085463.0052598498,-0.8233457190207998,0.6858131988813099,1.5201646034998537,-0.4279926755415895,-0.14790426363455011,320,0.8459512837393022,234,78749.52441907844,153353.7909913795,-74604.26657230106,234,0.497841,0.067735,0.430106,0.009717,0.033592,0.239146,3,-0.14790426363455011,-0.4279926755415895,5.771865837865437,-0.1550290135396517,3.0360842526170835,-0.302750508445655,False,90
288,False,False,232475.76317270682,-1085880.5240875033,-0.8236624155251425,0.6853114386207864,1.522641563079546,-0.4152317025718413,-0.1299223677821727,318,0.8452929558920342,235,67187.7913047288,153884.47555110967,-86696.68424638087,235,0.463886,0.194609,0.269277,0.07285,0.041383,0.101739,3,-0.1299223677821727,-0.4152317025718413,5.905640064863533,-0.1550290135396517,2.8691515397998884,-0.30275050844565476,False,91
109,False,False,231073.96308196816,-1087282.324178242,-0.8247257093435775,0.6836212851268264,1.4890926941049165,-0.39862410012997573,0.09588660861453002,293,0.707044107965767,445,130212.03066057368,174947.18852216675,-44735.15786159306,445,0.607897,0.262993,0.34490400000000004,0.07146,0.015031,0.465996,1,0.09588660861453002,-0.39862410012997573,2.8121218039420195,-0.15656794600584223,4.531190600666159,-0.2820031417733414,False,92
358,False,False,228476.8713390951,-1089879.415921115,-0.826695656138666,0.6804672363101183,1.5186556159048579,-0.41523170257184117,-0.11450979287996343,313,0.8189598420013167,275,94709.57423601332,176493.62968113783,-81784.05544512451,275,0.51727,0.067298,0.44997200000000004,0.007469,0.037821,0.164929,3,-0.11450979287996343,-0.41523170257184117,5.6468283244460675,-0.1550290135396517,2.8818970962192254,-0.30275050844565476,False,93
945,False,False,225670.4876307508,-1092685.7996294594,-0.8288243551371564,0.6770252158669599,1.6715990270334151,-0.2766309225567126,0.20754777308484051,327,0.7294272547728768,411,177339.83846145196,287827.14470272016,-110487.3062412682,411,0.515337,0.192326,0.32301100000000005,0.098674,0.088832,0.122507,1,0.20754777308484051,-0.2341988081630486,4.588968995222412,-0.1550290135396517,2.343788082644946,-0.2766309225567125,False,94
620,False,False,224872.43263782855,-1093483.8546223815,-0.8294296960458577,0.6760398855544325,1.5157108915458808,-0.41523170257184083,-0.17510502019990803,317,0.8229098090849243,269,84730.14654178159,163919.83916887865,-79189.69262709706,269,0.504644,0.273292,0.231352,0.012127,0.045359,0.282799,3,-0.17510502019990803,-0.41523170257184083,5.93534188006397,-0.1550290135396517,2.9306980461998684,-0.302750508445655,False,95
86,False,False,221194.41485475344,-1097161.8724054566,-0.8322195471798928,0.6714607143631948,1.6204695434146927,-0.2973634995013924,0.33154553283664234,331,0.7518104015799868,377,170751.79412683556,342672.5557735124,-171920.76164667684,377,0.459278,0.16479,0.294488,0.013894,0.083316,0.635749,2,0.33154553283664234,-0.2030658342513797,5.876249892859955,-0.15502901353965193,1.4158306322592904,-0.2973634995013926,False,96
256,False,False,220163.40331354685,-1098192.8839466632,-0.8330015903583337,0.6701657013476461,1.4956140855554343,-0.43802696531077834,-0.20018544996478205,309,0.8077682685977617,292,90352.00119530917,170818.0085654957,-80466.00737018652,292,0.530608,0.216468,0.31414,0.017445,0.031588,0.686198,3,-0.20018544996478205,-0.43802696531077834,5.878880145128771,-0.1550290135396517,3.0016406580800075,-0.30275050844565465,False,97
270,False,False,215195.7150957162,-1103160.5721644938,-0.836769682691063,0.6638541522471011,1.4990712808882505,-0.42613926591710105,-0.18586419073625204,316,0.837393021724819,247,82619.37679138058,162239.5196907984,-79620.14289941781,247,0.453049,0.091447,0.361602,0.0427,0.049029,0.045754,3,-0.18586419073625204,-0.42613926591710105,6.466605004770326,-0.15502901353965148,2.5400841463190096,-0.2766309225567125,False,98
303,False,False,213993.00619965137,-1104363.2810605587,-0.8376819617977711,0.6623078318280857,1.4963267032981302,-0.41861268481404823,-0.1856740626426966,276,0.7577353522053983,368,142504.28182806468,221678.53144214823,-79174.24961408356,368,0.554477,0.286191,0.268286,0.066817,0.031036,0.31893,3,-0.1856740626426966,-0.41861268481404823,5.542919560332438,-0.1550290135396517,3.016333159758539,-0.2766309225567124,False,99
341,False,False,213863.2942195165,-1104492.9930406937,-0.8377803509672153,0.6621406286446652,1.5193818240110075,-0.41861268481404856,-0.10863266112929792,275,0.7235023041474654,420,155616.1631187645,223308.24514278956,-67692.08202402506,420,0.576815,0.237803,0.339012,0.011437,0.033021,0.341264,3,-0.10863266112929792,-0.41861268481404856,4.669211233029558,-0.1550290135396517,3.2321095042754022,-0.2766309225567126,False,100
75,False,False,211675.99392353225,-1106680.2933366778,-0.8394394626330987,0.6593083054095228,1.7467514954275454,-0.2766309225567125,0.2875783871261721,306,0.6319947333772219,559,240464.72745519906,343521.60482901626,-103056.8773738172,559,0.551319,0.256573,0.294746,0.056702,0.108717,0.487459,1,0.2875783871261721,-0.20394723377811996,3.5001573362038316,-0.11590884309235638,2.653172935483466,-0.27663092255671273,False,101
962,False,False,207460.73616682985,-1110895.5510933802,-0.8426368211904447,0.653780426904075,1.7228855493652024,-0.2766309225567125,0.29542859272212385,341,0.6813693219223174,484,213371.0426144943,305063.23730876343,-91692.19469426913,484,0.505692,0.286346,0.21934600000000004,0.052465,0.109576,0.209399,1,0.29542859272212385,-0.2725885738969702,3.2233297003073345,-0.11590884309235605,2.79199232356532,-0.2766309225567126,False,102
525,False,False,206043.62654530982,-1112312.6607149004,-0.8437117275986852,0.6519009856005098,1.4764409294877163,-0.4186126848140478,-0.07436278651949146,308,0.8130348913759052,284,92516.8398085482,188306.83824601566,-95789.99843746745,284,0.514252,0.27659,0.23766200000000004,0.052126,0.036386,0.053356,3,-0.07436278651949146,-0.4186126848140478,5.031273619430067,-0.1550290135396517,2.690705121546329,-0.3027505084456549,False,103
497,False,False,206037.41740210055,-1112318.8698581096,-0.8437164373598243,0.6518927270328945,1.608396242503298,-0.2766309225567125,0.24146772639675573,349,0.7761685319289006,340,147047.4307960176,249236.94611890707,-102189.51532288946,340,0.491204,0.263572,0.227632,0.067028,0.087037,0.40379,1,0.24146772639675573,-0.26988424131238664,4.218830305052389,-0.15502901353965193,2.1800759174128554,-0.2766309225567123,False,104
453,False,False,202647.1060618986,-1115709.1811983115,-0.846288057317922,0.6473520732702156,1.486010557199217,-0.4265155730893293,-0.01781300987019807,299,0.7682685977616853,352,128369.47994618324,194710.21056724107,-66340.73062105782,352,0.561825,0.176465,0.38536000000000004,0.038814,0.048232,0.564373,2,-0.01781300987019807,-0.4265155730893293,4.040416667335215,-0.15502901353965215,3.0933585721025842,-0.2766309225567124,False,105
504,False,False,198783.69673603473,-1119572.5905241754,-0.8492185316996939,0.6420998958737714,1.5315092327770132,-0.3609440826391189,0.020584638771486974,216,0.5898617511520737,623,212649.99266437322,278363.6956260003,-65713.70296162707,623,0.602902,0.291191,0.31171100000000007,0.055861,0.023477,0.485644,3,0.020584638771486974,-0.3609440826391189,3.084704036291158,-0.15502901353965182,3.768383109988675,-0.2030294332391671,False,106
378,False,False,191943.7188396676,-1126412.5684205426,-0.8544067937518147,0.632588664837848,1.7183649930459628,-0.25804568796207406,0.2516100002752919,287,0.5786701777485188,640,247970.0543204177,337339.4815724352,-89369.42725201749,640,0.608262,0.248227,0.360035,0.016244,0.108262,0.621936,1,0.2516100002752919,-0.21785126447031888,3.2109051339643377,-0.11590884309235616,2.6419117924215896,-0.2580456879620737,False,107
723,False,False,191783.9090393887,-1126572.3782208215,-0.854528012728675,0.6323630851981143,1.5505803916913234,-0.31539816512188124,0.19281444922854618,294,0.6787360105332455,488,187199.1335667339,298363.2687420704,-111164.13517533653,488,0.58648,0.173381,0.413099,0.049616,0.078279,0.708736,1,0.19281444922854618,-0.31539816512188124,4.853998153049303,-0.15502901353965193,1.7465448418960783,-0.2766309225567124,False,108
637,False,False,189347.23068084856,-1129009.0565793617,-0.8563762827161485,0.6289040206689809,1.428666911436266,-0.41861268481404745,-0.15159012324354681,297,0.803818301514154,298,83581.20348222477,172617.84076266427,-89036.6372804395,298,0.524272,0.22218,0.30209199999999997,0.075431,0.030348,0.219174,3,-0.15159012324354681,-0.41861268481404745,5.198293190724903,-0.1550290135396517,2.60065181303099,-0.30275050844565476,False,109
488,False,False,189167.4858739531,-1129188.8013862572,-0.8565126228001094,0.6286473905297418,1.6818883843725643,-0.2766309225567124,0.2862299289784813,338,0.6603028308097433,516,214610.01557350336,315493.19440075837,-100883.178827255,516,0.551652,0.132081,0.419571,0.008294,0.110823,0.367737,1,0.2862299289784813,-0.2725885738969701,3.3393357333413816,-0.11590884309235605,2.3892579884787213,-0.2766309225567124,False,110
876,False,False,188726.64170423828,-1129629.645555972,-0.8568470120497946,0.6280171142866726,1.4580147057794295,-0.4186126848140479,-0.12667882236063055,280,0.7511520737327189,378,129831.11087278556,200432.4495608491,-70601.33868806355,378,0.556956,0.245234,0.311722,0.039174,0.034859,0.298686,3,-0.12667882236063055,-0.4186126848140479,4.390473779636345,-0.1550290135396517,3.008965162650873,-0.2766309225567125,False,111
87,False,False,188558.7384333685,-1129797.5488268416,-0.8569743700883555,0.6277767395210414,1.4893717674271356,-0.40564245262153686,-0.14306323876661864,248,0.6754443712969058,493,167615.2878475684,249040.35654422757,-81425.06869665917,493,0.567506,0.184314,0.383192,0.063699,0.042352,0.582108,3,-0.14306323876661864,-0.40564245262153686,4.808975724127541,-0.15502901353965193,2.7878984592160427,-0.2766309225567126,False,112
921,False,False,187109.18408480842,-1131247.1031754017,-0.8580738864805233,0.6256940613441677,1.465778672465803,-0.3460816549731809,0.07412188642614725,334,0.8235681369321922,268,93813.69398722996,201961.57082110117,-108147.87683387121,268,0.471467,0.099188,0.372279,0.013657,0.057998,0.158039,2,0.07412188642614725,-0.3460816549731809,4.584622077716843,-0.15564264682071594,2.119232521263639,-0.28158916557456404,False,113
460,False,False,183666.6901343156,-1134689.5971258946,-0.8606850880075756,0.6206935203760537,1.4914416806180948,-0.3510179835102383,0.13714892008870638,306,0.716919025674786,430,163122.948105826,265280.5462695607,-102157.59816373468,430,0.572735,0.113801,0.458934,0.012513,0.05769,0.228244,2,0.13714892008870638,-0.3510179835102383,4.023572024467108,-0.15502901353965182,2.215143957183751,-0.2766309225567126,False,114
928,False,False,183265.7722148481,-1135090.515045362,-0.8609891923861428,0.6201060791195234,1.4418352168446893,-0.4329319516392812,-0.027864938324614896,330,0.8215931533903884,271,90681.7171349524,185731.55926992497,-95049.84213497257,271,0.50967,0.222706,0.286964,0.030107,0.051826,0.093253,2,-0.027864938324614896,-0.4329319516392812,4.5282993832941605,-0.15564264682071627,2.4100692625055133,-0.28158916557456415,False,115
821,False,False,178452.86531673814,-1139903.421943472,-0.8646398799465687,0.6129690074478924,1.4350218932961636,-0.39976027561973004,-0.07141239394110888,330,0.8209348255431205,272,89407.494879617,180658.89579027897,-91251.40091066196,272,0.507483,0.12696,0.38052300000000006,0.026072,0.052836,0.649144,2,-0.07141239394110888,-0.39976027561973004,4.598153521477201,-0.15564264682071627,2.432857994711166,-0.2767881862222178,False,116
298,False,False,177438.6715845684,-1140917.6156756417,-0.8654091664755368,0.6114446110335221,1.4789301083456015,-0.35858269269066545,0.040567859102186965,335,0.7788018433179723,336,127816.78412786967,252647.0436141581,-124830.25948628841,336,0.495822,0.299212,0.19661,0.013275,0.068147,0.606502,2,0.040567859102186965,-0.35858269269066545,5.502749984844459,-0.15502901353965182,1.6222905707954451,-0.3020278914082084,False,117
613,False,False,177161.1542207135,-1141195.1330394966,-0.8656196690282508,0.6110262189182911,1.5169377725854083,-0.3020278914082085,0.19092212544307396,333,0.7511520737327189,378,154111.0246079713,308240.9830754708,-154129.95846749947,378,0.456811,0.225414,0.23139700000000002,0.068921,0.079237,0.086008,2,0.19092212544307396,-0.24104235464652035,5.4753363902238945,-0.15502901353965148,1.297326924706049,-0.3020278914082084,False,118
46,False,False,176630.09249489728,-1141726.1947653128,-0.8660224901252093,0.6102240506639771,1.4512984861466791,-0.34831306710522947,0.05900374552474852,334,0.7919684002633312,316,107443.11346507282,214672.2888345257,-107229.17536945289,316,0.506983,0.229706,0.277277,0.017895,0.064323,0.504989,2,0.05900374552474852,-0.34831306710522947,4.509443969124871,-0.15564264682071616,2.0273276641676783,-0.3020278914082084,False,119
223,False,False,173454.17795998702,-1144902.1093002232,-0.8684314857552983,0.6053844032374898,1.4431737841877972,-0.4002766711278303,0.032728646660850735,307,0.7774851876234364,338,116135.65420811785,211190.02097521053,-95054.36676709268,338,0.515539,0.156759,0.35878,0.080804,0.056743,0.267609,2,0.032728646660850735,-0.4002766711278303,4.024732287030807,-0.15502901353965215,2.342609269247366,-0.2766309225567126,False,120
127,False,False,173245.04070745365,-1145111.2465527565,-0.8685901206057969,0.6050631208420607,1.5174872042007652,-0.3020278914082084,0.11935753782986613,331,0.7419354838709677,392,151678.97464771877,287003.49682361254,-135324.52217589377,392,0.462201,0.142517,0.31968399999999997,0.070795,0.082662,0.379716,2,0.11935753782986613,-0.24104235464652024,5.103050320663426,-0.1550290135396517,1.5359753767797466,-0.3020278914082084,False,121
786,False,False,173073.7160577516,-1145282.5712024586,-0.868720073829639,0.6047996860629539,1.5061300529845274,-0.3020278914082085,0.19092212544307396,333,0.7485187623436471,382,144319.97782068705,284430.67518910224,-140110.6973684152,382,0.480962,0.253939,0.22702299999999997,0.030739,0.07773,0.616075,2,0.19092212544307396,-0.24104235464652035,5.082764720868612,-0.1550290135396517,1.3891682583129557,-0.3020278914082084,False,122
309,False,False,171906.51135551807,-1146449.775904692,-0.8696054222847666,0.6029991396243293,1.4459404838928143,-0.3483130671052289,0.0528758142639838,323,0.781435154707044,332,109321.0663258332,213248.90595470308,-103927.83962886987,332,0.483176,0.25006,0.233116,0.094577,0.065128,0.173625,2,0.0528758142639838,-0.3483130671052289,4.2952975023752105,-0.1550290135396517,2.0833641067966973,-0.2853468508120195,False,123
88,False,False,170413.8820623632,-1147942.405197847,-0.8707376118966179,0.6006816709558662,1.6164766183841413,-0.3048003719847212,0.4454732243081314,340,0.6530612244897959,527,206487.6473871724,310691.33193830244,-104203.68455113005,527,0.505154,0.0586,0.446554,0.037288,0.120791,0.424531,1,0.4454732243081314,-0.3048003719847212,2.660646510345775,-0.11590884309235627,2.220602496535181,-0.27663092255671273,False,124
431,False,False,169584.8808395982,-1148771.406420612,-0.8713664261487104,0.5993872344037168,1.425541373281123,-0.35101798351023816,0.06769703993742193,335,0.8084265964450297,291,93046.16820109542,198655.52033777477,-105609.35213667934,291,0.488092,0.141041,0.347051,0.008092,0.061142,0.611997,2,0.06769703993742193,-0.35101798351023816,4.197168814486201,-0.15564264682071627,2.0561331244115753,-0.3020278914082086,False,125
831,False,False,167309.6192822566,-1151046.6679779536,-0.873092258216512,0.5958072272785682,1.495382317041761,-0.3020278914082084,0.19092212544307396,334,0.7472021066491112,384,147725.5186353926,294823.8160492383,-147098.29741384572,384,0.459327,0.140444,0.31888299999999997,0.045469,0.079152,0.62902,2,0.19092212544307396,-0.24104235464652035,5.115257438564577,-0.1550290135396517,1.297326924706049,-0.3020278914082084,False,126
287,False,False,166607.661171464,-1151748.6260887461,-0.8736247076898266,0.5946945360106941,1.3978310561268794,-0.41523170257184083,-0.15197618356450804,304,0.7873601053324556,323,83946.28873638756,164647.3626341213,-80701.07389773373,323,0.529099,0.075848,0.45325099999999996,0.010034,0.041751,0.058482,3,-0.15197618356450804,-0.41523170257184083,4.548922372650066,-0.1550290135396517,2.5406114472928465,-0.30275050844565476,False,127
180,False,False,165792.9666824654,-1152563.3205777449,-0.8742426699940014,0.5933982300871123,1.427067994613507,-0.3433561642599442,0.02960605277392614,330,0.7965766951942067,309,98881.92263188181,201680.08474355083,-102798.16211166902,309,0.473744,0.078919,0.394825,0.067346,0.064653,0.454776,2,0.02960605277392614,-0.3433561642599442,4.3640758367754655,-0.1556426468207165,2.0019268590777237,-0.3020278914082084,False,128
849,False,False,165625.06353906676,-1152731.2237211433,-0.8743700279358727,0.5931304098906134,1.468650769908453,-0.36626605959657066,-0.011942895856290825,328,0.7412771560236998,393,139219.2870821531,264692.23891636415,-125472.95183421104,393,0.526219,0.249927,0.276292,0.007959,0.075072,0.024492,2,-0.011942895856290825,-0.36626605959657066,5.775570362907349,-0.1550290135396517,1.473991214760146,-0.3020278914082083,False,129
238,False,False,165583.05692102842,-1152773.2303391816,-0.8744018908081814,0.593063370247086,1.5699524141524326,-0.24104235464652013,0.2095396376472809,239,0.5589203423304806,670,248080.85352264513,363754.7505780675,-115673.89705542236,670,0.606463,0.121903,0.48456,0.024364,0.083583,0.600683,2,0.2095396376472809,-0.24104235464652013,4.01469793425765,-0.1550290135396516,1.729926868754212,-0.24042861365752266,False,130
655,False,False,162520.04156124088,-1155836.2456989693,-0.8767252501226449,0.5881363446963304,1.4440868260386257,-0.35370390332858104,0.05581053615212084,335,0.7755102040816326,341,120688.87602161788,239954.84969698716,-119265.97367536929,341,0.491938,0.28286,0.20907799999999999,0.021146,0.070851,0.434146,2,0.05581053615212084,-0.35370390332858104,5.011073982037276,-0.1550290135396517,1.5607598975739148,-0.30202789140820874,False,131
272,False,False,162475.51249704987,-1155880.7747631604,-0.8767590263215536,0.588064148082837,1.4981163640844783,-0.27663092255671273,0.17962950993844018,293,0.6912442396313364,469,160405.64339389533,290092.46475653304,-129686.82136263771,469,0.508389,0.124203,0.38418599999999997,0.09958,0.078477,0.43464,2,0.17962950993844018,-0.24104235464652013,4.43794146957711,-0.15502901353965204,1.5328400121604822,-0.2766309225567122,False,132
894,False,False,161862.52351469453,-1156493.7637455156,-0.8772239909053151,0.5870686052641116,1.4813046093818156,-0.3020278914082082,0.14912188535279558,330,0.7425938117182357,391,144102.11221529715,286888.9155614936,-142786.80334619645,391,0.463391,0.214795,0.24859599999999998,0.072736,0.080077,0.366643,2,0.14912188535279558,-0.24104235464652024,5.131368360009399,-0.1550290135396517,1.297326924706049,-0.3020278914082084,False,133
533,False,False,161557.7275027122,-1156798.5597574979,-0.8774551848662555,0.5865724212546388,1.541440046855869,-0.2766309225567126,0.24229589442414556,288,0.6543778801843319,525,166711.14841727648,259910.82291117386,-93199.67449389739,525,0.570434,0.190575,0.379859,0.067935,0.089284,0.399334,1,0.24229589442414556,-0.23667630381198101,3.2537397267534045,-0.15502901353965182,2.0572557641745313,-0.27663092255671273,False,134
964,False,False,161375.74654139462,-1156980.5407188155,-0.8775932211187285,0.5862757981344486,1.4625973458614125,-0.38517893546913107,0.0932321264003706,217,0.5635286372613562,663,214672.47330674774,301976.556061,-87304.08275425225,663,0.633683,0.242228,0.391455,0.0412,0.025802,0.004151,2,0.0932321264003706,-0.38517893546913107,2.5150387384644435,-0.1550290135396516,3.199482376741538,-0.2536328510085638,False,135
800,False,False,161091.65196817252,-1157264.6352920376,-0.8778087126182323,0.58581217486696,1.4414643817732842,-0.35858269269066523,0.004044911537907758,330,0.7722185648452929,346,120706.37925390982,232471.34647779661,-111764.9672238868,346,0.485905,0.294205,0.19169999999999998,0.066181,0.069156,0.045118,2,0.004044911537907758,-0.35858269269066523,5.082652872590137,-0.1550290135396517,1.6377088895160439,-0.30202789140820874,False,136
779,False,False,159886.82257493812,-1158469.464685272,-0.8787226001650793,0.5838383628958936,1.410395581095436,-0.4078252051927508,-0.03267920834373639,309,0.7702435813034891,349,109226.18179398228,198953.76898727615,-89727.58719329388,349,0.527138,0.236682,0.290456,0.048484,0.057508,0.103474,2,-0.03267920834373639,-0.4078252051927508,4.226304762645837,-0.1550290135396517,2.16262294920852,-0.2766309225567126,False,137
217,False,False,159270.7859319799,-1159085.5013282304,-0.8791898764612606,0.5828243430796998,1.4349808211002506,-0.4212841716644177,-0.07248821279160689,238,0.6109282422646478,591,149371.6975564711,208808.3700764632,-59436.672519992106,591,0.609872,0.105958,0.503914,0.051528,0.038883,0.116839,2,-0.07248821279160689,-0.4212841716644177,3.0977607424023343,-0.15502901353965182,3.19054094209626,-0.24286734110339492,False,138
377,False,False,157557.60506436237,-1160798.6821958479,-0.880489358918448,0.5799870819649171,1.4104377713240537,-0.349887863935449,-0.10605244368321332,307,0.7886767610269915,321,96408.82197266458,205259.5942422599,-108850.77226959531,321,0.452727,0.194302,0.258425,0.026794,0.061671,0.174976,3,-0.10605244368321332,-0.349887863935449,4.925820862502392,-0.15502901353965182,1.974259179193142,-0.2766309225567124,False,139
719,False,False,156136.56905547413,-1162219.718204736,-0.8815672435711935,0.5776140611020641,1.4487603674906064,-0.365949939360495,0.01144303596302243,248,0.6445029624753127,540,175898.02603129836,274687.23511251947,-98789.20908122111,540,0.572418,0.284843,0.28757499999999997,0.076548,0.060061,0.621556,2,0.01144303596302243,-0.365949939360495,3.931866840411125,-0.15502901353965182,2.130054224329443,-0.2766309225567124,False,140
661,False,False,155697.24644203897,-1162659.040818171,-0.8819004786895606,0.5768767807387765,1.4368907436186242,-0.4078534504485405,-0.17113405274963445,207,0.5674786043449638,657,189329.91151516436,246310.48587581574,-56980.57436065137,657,0.613105,0.118468,0.494637,0.038531,0.030818,0.547991,3,-0.17113405274963445,-0.4078534504485405,2.944005025513401,-0.15502901353965182,3.7627652326347514,-0.2030294332391671,False,141
539,False,False,153342.75996818664,-1165013.5272920234,-0.8836864044644097,0.5728956026493317,1.4346237531903505,-0.3483130671052287,0.01327149018711049,263,0.6418696510862409,544,167910.72417659668,268853.60150351404,-100942.87732691737,544,0.595306,0.168879,0.426427,0.031556,0.062966,0.016111,2,0.01327149018711049,-0.3483130671052287,4.389420646048411,-0.1550290135396517,1.8079887961831456,-0.2766309225567125,False,142
494,False,False,153300.22406443633,-1165056.0631957739,-0.8837186688106727,0.57282321152839,1.612628998925114,-0.2935482970271208,0.35225385832227096,324,0.6069782751810402,597,211282.02415077243,315782.13923306717,-104500.11508229474,597,0.569326,0.179021,0.390305,0.01882,0.118809,0.735674,1,0.35225385832227096,-0.2935482970271208,3.0736280282606776,-0.11590884309235605,1.782935816684288,-0.27663092255671273,False,143
590,False,False,152984.82039256106,-1165371.466867649,-0.8839579088969249,0.5722859081294576,1.4722033238038623,-0.3616302786970915,0.030248593145224323,268,0.6227781435154707,573,197163.5443537143,310364.6607803532,-113201.11642663888,573,0.607588,0.191551,0.416037,0.005477,0.072122,0.656134,2,0.030248593145224323,-0.3616302786970915,4.893238348859319,-0.15502901353965204,1.5197201242010974,-0.24042861365752277,False,144
120,False,False,152312.47312233344,-1166043.8141378767,-0.8844678979467173,0.5711374451066775,1.3622129361804634,-0.405642452621537,-0.10719580620814273,289,0.7741935483870968,343,85921.9853362674,168729.95817228346,-82807.97283601605,343,0.534664,0.203204,0.33146000000000003,0.057944,0.040469,0.02126,3,-0.10719580620814273,-0.405642452621537,3.856705299189951,-0.1550290135396517,2.512671172665722,-0.302750508445655,False,145
421,False,False,151430.6224855968,-1166925.6647746135,-0.8851367995518891,0.5696246935149603,1.382672281491563,-0.4372126607077236,-0.10676422567633015,292,0.7445687952600395,388,124762.43141373654,216522.77674123924,-91760.3453275027,388,0.561551,0.100859,0.460692,0.045563,0.052012,0.446316,2,-0.10676422567633015,-0.4372126607077236,4.2679124882020485,-0.15502901353965215,2.2181704854099578,-0.2766309225567126,False,146
193,False,False,151348.32023972727,-1167007.9670204828,-0.8851992274757097,0.5694831353156184,1.5858454878499095,-0.304800371984721,0.25295573736299803,334,0.6398946675444371,547,190894.2113900641,284275.72349207493,-93381.51210201083,547,0.518671,0.096462,0.422209,0.039347,0.12178,0.02321,1,0.25295573736299803,-0.304800371984721,2.734581146059685,-0.11590884309235627,2.234446527990311,-0.2766309225567126,False,147
171,False,False,151292.18671387483,-1167064.1005463353,-0.8852418058943018,0.5693865499510053,1.4949557758981136,-0.2766309225567124,0.09713528147224348,300,0.6886109282422647,473,139086.78010879166,228265.47446640313,-89178.69435761147,473,0.541832,0.097313,0.444519,0.094101,0.087441,0.604755,1,0.09713528147224348,-0.2722462885834629,3.4576655308283177,-0.15502901353965193,2.0934908768797693,-0.27663092255671273,False,148
276,False,False,150384.5784025061,-1167971.708857704,-0.8859302452184354,0.5678207226675693,1.4551108279964478,-0.2766309225567124,-0.03697877046462217,297,0.7267939433838051,415,139869.18374636341,273144.1310688822,-133274.94732251877,415,0.47242,0.193931,0.278489,0.001075,0.070759,0.492792,3,-0.03697877046462217,-0.2678575698810035,5.844662798887522,-0.15502901353965193,1.2814732649724094,-0.2766309225567125,False,149
731,False,False,149749.82331165703,-1168606.4639485532,-0.8864117198372338,0.5667209375005009,1.4494176203968714,-0.3585826926906659,0.07748613744423527,277,0.6530612244897959,527,187886.30345825545,313888.16397502384,-126001.86051676839,527,0.580943,0.18042,0.40052299999999996,0.029777,0.068859,0.553618,2,0.07748613744423527,-0.3585826926906659,4.811603377600085,-0.1550290135396517,1.3914354331085979,-0.27663092255671284,False,150
934,False,False,148431.79473726152,-1169924.4925229487,-0.887411471260375,0.5644248271196131,1.3804882805547658,-0.3918432091558769,0.10694648157710196,231,0.6240947992100065,571,153941.95687501735,240345.52534276922,-86403.56846775187,571,0.596528,0.120631,0.47589699999999996,0.078547,0.01948,0.534077,2,0.10694648157710196,-0.3918432091558769,2.2672365592729955,-0.15502901353965182,3.104117012296303,-0.2789534166031915,False,151
927,False,False,147723.993042044,-1170632.2942181663,-0.8879483532110717,0.5631847534683649,1.4852717932398145,-0.2766309225567126,0.04679825776235069,285,0.684660961158657,479,166462.01750551866,303204.767043501,-136742.74953798237,479,0.456209,0.264667,0.191542,0.050733,0.082155,0.651053,3,0.04679825776235069,-0.266386245418057,5.133322136015838,-0.15502901353965182,1.3008710074935732,-0.2766309225567124,False,152
766,False,False,146461.01255417222,-1171895.274706038,-0.8889063495433807,0.5609596379256838,1.4556285592498501,-0.3588059410269989,0.15284113569361235,292,0.6471362738643844,536,194150.28265707436,326431.645252209,-132281.36259513462,536,0.574429,0.248376,0.3260529999999999,0.013027,0.074339,0.736341,2,0.15284113569361235,-0.3588059410269989,5.051901572599043,-0.1550290135396516,1.0992333226196598,-0.28432009501406563,False,153
164,False,False,145616.72060597836,-1172739.5666542319,-0.8895467621210371,0.5594632245116142,1.5660481159078343,-0.2766309225567126,0.23466672942324784,272,0.5622119815668203,665,189743.59439085465,264983.45933749905,-75239.8649466444,665,0.59744,0.151203,0.446237,0.054001,0.099655,0.296444,1,0.23466672942324784,-0.22038164717244668,2.1404728040908614,-0.11590884309235638,2.7554887383129922,-0.2766309225567125,False,154
810,False,False,144109.81193304926,-1174246.475327161,-0.890689782932248,0.5567743174338742,1.365493462917665,-0.39184320915587634,0.11074804500824187,228,0.6333113890717578,557,149251.11717412085,237890.0638876105,-88638.94671348965,557,0.583174,0.298013,0.285161,0.091354,0.022311,0.153733,2,0.11074804500824187,-0.39184320915587634,2.3183280988956736,-0.15502901353965182,2.9098371544315493,-0.2789534166031915,False,155
860,False,False,143653.382457783,-1174702.9048024272,-0.8910359939524987,0.5559552437967046,1.392253010781039,-0.40146181209891163,-0.06513623445110428,332,0.7676102699144174,353,108396.67406429419,216906.07757588103,-108509.40351158685,353,0.492281,0.063499,0.428782,0.048968,0.071823,0.515659,2,-0.06513623445110428,-0.40146181209891163,5.032114494350431,-0.1550290135396517,1.5474047417913042,-0.30202789140820874,False,156
31,False,False,142870.9488254914,-1175485.3384347188,-0.8916294857421253,0.5545460841105467,1.337349289788136,-0.4261392659171015,-0.2286020749632749,308,0.7992100065832785,305,74460.05860181594,146010.45027856177,-71550.39167674583,305,0.503133,0.124277,0.3788560000000001,0.031248,0.050305,0.068421,3,-0.2286020749632749,-0.4261392659171015,4.46322592807759,-0.1550290135396517,2.39012960598673,-0.2766309225567126,False,157
190,False,False,141859.1844944898,-1176497.1027657203,-0.8923969295210026,0.5527143259738323,1.5583571418761588,-0.2580456879620735,0.30035168812350066,265,0.5457537853851218,690,197818.1458701507,280641.66578654526,-82823.51991639455,690,0.605107,0.08517,0.519937,0.056354,0.098273,0.036711,1,0.30035168812350066,-0.2203816471724468,2.1743343395742296,-0.1159088430923565,2.436718540087592,-0.25804568796207383,False,158
191,False,False,139353.09187126518,-1179003.195388945,-0.8942978516370056,0.5481297758814014,1.3751574093106853,-0.33647302105425225,-0.07249710921041119,283,0.7320605661619487,407,119876.89844041037,227297.78460618298,-107420.88616577261,407,0.486194,0.075303,0.410891,0.096617,0.063654,0.480438,3,-0.07249710921041119,-0.33647302105425225,4.341021833037934,-0.1550290135396516,1.813046970665296,-0.2766309225567123,False,159
492,False,False,139157.77844410567,-1179198.5088161044,-0.8944460008354028,0.5477695958576032,1.3574880890906285,-0.3483130671052289,0.0530825798627772,307,0.7504937458854509,379,109496.65095608508,210223.83214713665,-100727.18119105157,379,0.527903,0.0778,0.45010300000000003,0.052304,0.063037,0.313385,2,0.0530825798627772,-0.3483130671052289,3.9071336139609265,-0.15502901353965182,1.6928810792083846,-0.2853468508120194,False,160
299,False,False,138897.0169681104,-1179459.2702920998,-0.8946437937071137,0.547288064386614,1.3426155257889447,-0.45591507533503206,-0.1142619059168326,300,0.7662936142198815,355,100500.53590912424,188865.1873128252,-88364.65140370096,355,0.534943,0.060231,0.47471199999999997,0.061423,0.056008,0.189588,2,-0.1142619059168326,-0.45591507533503206,4.027531717401918,-0.15502901353965215,2.1191249755959047,-0.27663092255671284,False,161
676,False,False,138837.7071037487,-1179518.5801564613,-0.894688781442929,0.547178435423034,1.3624593812569514,-0.34482165890717253,-0.0330513916192704,230,0.6240947992100065,571,142369.37927345387,224946.03883499463,-82576.65956154076,571,0.574815,0.052333,0.522482,0.096345,0.029565,0.043629,2,-0.0330513916192704,-0.34482165890717253,2.5976107278408502,-0.15502901353965182,2.991074828263441,-0.2789534166031913,False,162
827,False,False,138156.7920769053,-1180199.4951833049,-0.8952052693099976,0.5459170183222828,1.3643532857199043,-0.34717823726282093,-0.11001032293734903,297,0.7544437129690585,373,102575.04353937031,205556.79988838686,-102981.75634901655,373,0.483342,0.284439,0.198903,0.055364,0.063386,0.456631,3,-0.11001032293734903,-0.34717823726282093,4.555659429963172,-0.1550290135396516,1.7941624776672636,-0.2766309225567126,False,163
16,False,False,135105.80322584006,-1183250.4840343702,-0.8975195062735165,0.5402004788568682,1.3297525142490856,-0.40822173744860424,-0.19323071802548142,300,0.7873601053324556,323,88089.37860769108,176618.43032496053,-88529.05171726945,323,0.470954,0.102826,0.368128,0.077955,0.055086,0.488774,3,-0.19323071802548142,-0.40822173744860424,4.354326257880764,-0.1550290135396517,2.127662039341668,-0.2766309225567125,False,164
900,False,False,133274.8893327551,-1185081.3979274551,-0.8989082916199193,0.5367180522896522,1.3396404481226312,-0.3498878639354489,-0.14948632669027573,299,0.7583936800526663,367,92065.51993570114,193184.44803217085,-101118.92809646971,367,0.50777,0.087397,0.42037300000000005,0.022369,0.058402,0.442734,3,-0.14948632669027573,-0.3498878639354489,4.618836161417874,-0.1550290135396517,1.788821140034024,-0.2766309225567125,False,165
967,False,False,132204.46984794803,-1186151.817412262,-0.8997202265233676,0.534663571510908,1.3758623405244885,-0.36925509161115966,-0.13117331646534824,295,0.7294272547728768,411,124874.84890142383,245707.9745522264,-120833.12565080257,411,0.485244,0.284023,0.20122099999999998,0.023834,0.067981,0.40469,3,-0.13117331646534824,-0.36925509161115966,5.546686753298797,-0.15502901353965204,1.3242959589160042,-0.2766309225567124,False,166
626,False,False,131913.22307663524,-1186443.0641835749,-0.8999411431102775,0.5341021742356298,1.4222260439981906,-0.36524113994611895,-0.045962421259307495,242,0.5839368005266623,632,188449.4500364537,299537.5666749895,-111088.11663853578,632,0.591875,0.172622,0.41925300000000004,0.048055,0.075375,0.337152,2,-0.045962421259307495,-0.36524113994611895,4.708626530289989,-0.15502901353965193,1.4220952538254155,-0.2766309225567126,False,167
291,False,False,129690.97258172942,-1188665.3146784806,-0.9016267652113592,0.5297842611482282,1.3946398873383674,-0.27895745633666724,-0.045221922959965966,280,0.6919025674786043,468,139714.77197918846,276144.77401467296,-136430.0020354845,468,0.501226,0.126442,0.37478399999999995,0.043297,0.072912,0.227467,3,-0.045221922959965966,-0.27895745633666724,5.428654889441303,-0.15502901353965182,1.1129401545773443,-0.2766309225567126,False,168
202,False,False,128842.09119376176,-1189514.1960664485,-0.902270658972227,0.5281185531079395,1.336942818232803,-0.34988786393544913,-0.13006099791233028,288,0.7267939433838051,415,110073.07879831041,212720.7643074116,-102647.68550910118,415,0.52962,0.239628,0.28999199999999997,0.009074,0.061374,0.039182,3,-0.13006099791233028,-0.34988786393544913,4.581665040425424,-0.1550290135396516,1.653415076350547,-0.2766309225567125,False,169
179,False,False,126213.91922746318,-1192142.368032747,-0.9042641807475587,0.5229027502033343,1.3715745508492698,-0.40252587027065434,-0.09197414299759343,235,0.5832784726793944,633,169804.970362847,250145.88459016377,-80340.91422731677,633,0.616193,0.2514,0.364793,0.033412,0.064917,0.499917,2,-0.09197414299759343,-0.40252587027065434,3.579485493209879,-0.1550290135396516,2.0352351952996863,-0.24042861365752266,False,170
72,False,False,126174.84893802402,-1192181.438322186,-0.9042938163550319,0.5228245315403155,1.415050828887365,-0.2766309225567125,0.03137656486542184,267,0.6372613561553654,551,170616.80623371332,298059.00878645526,-127442.20255274195,551,0.519828,0.078538,0.44128999999999996,0.017794,0.08166,0.305304,3,0.03137656486542184,-0.24104235464652002,4.485266746728792,-0.15502901353965182,1.2302717448043001,-0.2766309225567126,False,171
442,False,False,125770.3522936183,-1192585.934966592,-0.9046006352690952,0.5220135402998138,1.4934662283302413,-0.29354829702712104,0.29019709220296996,345,0.6524028966425279,528,160898.38123801368,246760.7104930769,-85862.32925506323,528,0.457881,0.0988,0.359081,0.026234,0.124846,0.687005,1,0.29019709220296996,-0.29354829702712104,2.1606198651072437,-0.11590884309235627,2.0842526975576234,-0.27663092255671273,False,172
651,False,False,124551.52609162666,-1193804.7611685835,-0.9055251396794505,0.5195566434716086,1.502671924569374,-0.30480037198472076,0.1972677153078748,313,0.5885450954575379,625,179582.99737191503,265372.43879118626,-85789.44141927123,625,0.585857,0.231297,0.35456,0.01633,0.116541,0.176719,1,0.1972677153078748,-0.30480037198472076,2.4875499321600123,-0.11590884309235627,1.9828907485601404,-0.2766309225567125,False,173
363,False,False,122708.469342834,-1195647.817917376,-0.9069231356283475,0.5158030640925033,1.3351917825440938,-0.40146181209891174,-0.018698291664435263,296,0.7063857801184991,446,124976.35826406154,233082.83935121485,-108106.48108715331,446,0.537749,0.293212,0.24453700000000006,0.050165,0.07153,0.12119,2,-0.018698291664435263,-0.40146181209891174,4.320241146356694,-0.1550290135396517,1.3503939806201695,-0.28432009501406574,False,174
515,False,False,122239.1926414401,-1196117.09461877,-0.9072790915303511,0.5148398257910725,1.4221291247551093,-0.24328196755187326,0.05959697963468291,220,0.5306122448979592,713,206017.88630486495,317547.9424809223,-111530.05617605738,713,0.607272,0.095671,0.511601,0.046779,0.076364,0.18334,2,0.05959697963468291,-0.24328196755187326,3.7536843378382114,-0.15502901353965182,1.4268303721370401,-0.24042861365752266,False,175
409,False,False,122142.50228931132,-1196213.7849708989,-0.9073524331247768,0.5146409758517108,1.4635038580934263,-0.2766309225567125,0.2058171250676819,320,0.6556945358788677,523,156759.23264344173,253382.8575796244,-96623.62493618266,523,0.482225,0.064104,0.418121,0.074934,0.090384,0.133769,2,0.2058171250676819,-0.23777626472568758,2.6210021190648956,-0.11590884309235627,1.7974129857562642,-0.2766309225567126,False,176
972,False,False,121789.586076981,-1196566.7011832292,-0.9076201272342832,0.5139140649065475,1.4379597837328437,-0.2766309225567126,0.13076991296151919,284,0.618828176431863,579,147185.1741942804,231677.9449581985,-84492.77076391809,579,0.555994,0.052938,0.503056,0.095947,0.091262,0.293497,1,0.13076991296151919,-0.2366763038119808,2.6830607802796433,-0.11590884309235616,1.9243343395480141,-0.2766309225567123,False,177
468,False,False,112973.5553762959,-1205382.7318839142,-0.9143072654425792,0.4951590531683865,1.4107350482879801,-0.2766309225567125,0.29285253193863614,310,0.6543778801843319,525,149816.8502761157,246281.5077481459,-96464.6574720302,525,0.544782,0.187101,0.357681,0.007788,0.088427,0.733253,2,0.29285253193863614,-0.20350379037837096,2.5573115588319872,-0.15502901353965204,1.4564385411608,-0.27663092255671273,False,178
121,False,False,112809.05068326849,-1205547.2365769416,-0.9144320455908723,0.494797647007847,1.4921594896130685,-0.2766309225567125,0.2574615710481012,244,0.5055957867017775,751,200013.01499737852,288154.526981038,-88141.51198365947,751,0.591146,0.211392,0.3797539999999999,0.026596,0.094512,0.570673,2,0.2574615710481012,-0.23777626472568725,2.026565316453124,-0.11590884309235616,1.9641431398117701,-0.2766309225567126,False,179
615,False,False,111276.43791084482,-1207079.8493493653,-0.9155945634832159,0.4914092993749726,1.501646331701332,-0.27663092255671273,0.2544411164024838,220,0.47531270572745227,797,207382.81222551872,291302.1206027431,-83919.3083772244,797,0.583745,0.140726,0.44301899999999994,0.050365,0.099914,0.383539,2,0.2544411164024838,-0.23777626472568714,1.8436915115153747,-0.1159088430923565,2.1193955841140104,-0.2766309225567126,False,180
792,False,False,110131.63806199987,-1208224.6491982103,-0.9164629174023405,0.4888528505507568,1.3381630711012813,-0.28261636749824637,-0.07329701810618205,242,0.6201448321263989,577,155515.1064625965,273470.6856568415,-117955.57919424499,577,0.539867,0.152096,0.387771,0.052913,0.073767,0.633602,3,-0.07329701810618205,-0.28261636749824637,4.692936641643982,-0.15502901353965182,1.0875418362668956,-0.2766309225567124,False,181
612,False,False,109352.33074260774,-1209003.9565176023,-0.9170540378201842,0.48709987233221974,1.4969974209270756,-0.3048003719847213,0.26005627724969926,326,0.5964450296247531,613,171331.84876975344,249330.71803190897,-77998.86926215552,613,0.506337,0.107218,0.39911900000000006,0.070662,0.129727,0.36348,1,0.26005627724969926,-0.3048003719847213,1.8442506962015277,-0.12303722539119644,2.051196859992058,-0.27663092255671273,False,182
908,False,False,108711.24730187425,-1209645.039958336,-0.9175403126208042,0.4856499865999011,1.4464795519516125,-0.2766309225567126,0.37550630286813047,278,0.5786701777485188,640,178780.09749603865,275403.7144722114,-96623.61697617272,640,0.525054,0.246315,0.278739,0.053104,0.101919,0.67213,2,0.37550630286813047,-0.19699234280424338,2.0481266651614325,-0.11590884309235627,1.5928589002469469,-0.2766309225567125,False,183
812,False,False,108393.99286073077,-1209962.2943994794,-0.9177809565531078,0.48492983869893536,1.4751885020020403,-0.304800371984721,0.24930685590375146,338,0.6135615536537196,587,168940.90833349372,252474.78958773057,-83533.88125423685,587,0.503612,0.091941,0.41167099999999995,0.040856,0.127309,0.560675,1,0.24930685590375146,-0.304800371984721,1.9996112088289602,-0.12161759973179398,1.8924850531227042,-0.2766309225567124,False,184
653,False,False,107968.45612195547,-1210387.8311382546,-0.9181037348057602,0.48396113104178795,1.404166025391997,-0.2766309225567126,0.17360713226790203,325,0.6556945358788677,523,138191.93339607638,229964.65152814373,-91772.71813206736,523,0.45484,0.080653,0.37418700000000005,0.07836,0.094409,0.020611,2,0.17360713226790203,-0.23777626472568758,2.228205540379256,-0.1159088430923565,1.8497907508753428,-0.2766309225567126,False,185
630,False,False,107795.24881964261,-1210561.0384405674,-0.9182351160598162,0.4835659233837579,1.3027903617409762,-0.4665424515295893,-0.26874493885368334,229,0.5938117182356814,617,150522.68686728147,230039.70569529317,-79517.0188280117,617,0.609062,0.198127,0.410935,0.00813,0.056677,0.694681,3,-0.26874493885368334,-0.4665424515295893,3.9952824249122694,-0.15502901353965193,1.951010038515458,-0.203029433239167,False,186
93,False,False,106320.44710442465,-1212035.8401557854,-0.9193537830919908,0.48017923348338476,1.4359994757440384,-0.2766309225567125,0.3669409383488862,280,0.5523370638578012,680,181765.08614739843,273576.18794566696,-91811.10179826853,680,0.569646,0.251023,0.318623,0.015896,0.09593,0.044781,2,0.3669409383488862,-0.23777626472568736,1.7056629236621395,-0.11590884309235638,1.8747054575516797,-0.2766309225567125,False,187
97,False,False,104261.73561381515,-1214094.551646395,-0.9209153575392807,0.47538553659594807,1.455330972093697,-0.28472725830591594,0.1800052187758685,239,0.4911125740618828,773,192165.64044871958,271572.01040810737,-79406.36995938778,773,0.612627,0.252603,0.360024,0.009315,0.094998,0.247876,2,0.1800052187758685,-0.28472725830591594,1.9014465714281594,-0.11590884309235627,2.04527449020935,-0.24042861365752277,False,188
748,False,False,104018.67849848526,-1214337.6087617248,-0.9210997212941159,0.47481438116334695,1.4653317901975094,-0.30480037198472076,0.2676062833259354,335,0.6135615536537196,587,164486.85647212714,244999.9096185296,-80513.05314640247,587,0.497463,0.27794,0.21952299999999997,0.054914,0.130716,0.350418,1,0.2676062833259354,-0.30480037198472076,1.8257823699745073,-0.12161759973179398,1.9039440025195487,-0.2766309225567124,False,189
552,False,False,103700.4317914496,-1214655.8554687605,-0.9213411178802368,0.4740648537014782,1.2378339863060073,-0.35822789849974734,0.13918122185558368,216,0.5714285714285714,651,131828.83145885527,202962.68611313205,-71133.85465427677,651,0.593381,0.087744,0.505637,0.09124,0.001779,0.53855,2,0.13918122185558368,-0.35822789849974734,0.9871250147311181,-0.15502901353965193,3.581023891590722,-0.2789534166031914,False,190
681,False,False,103616.2627500659,-1214740.0245101443,-0.9214049618063416,0.4738662998883141,1.4301437475496492,-0.2766309225567125,0.1765249578872936,250,0.54312047399605,694,168579.82357390685,248748.60218485177,-80168.77861094492,694,0.529389,0.071931,0.45745800000000003,0.086927,0.096207,0.494595,2,0.1765249578872936,-0.23777626472568725,1.868551292892592,-0.11590884309235616,2.0701822722223966,-0.2766309225567126,False,191
466,False,False,100399.24229640604,-1217957.044963804,-0.9238451371100491,0.4661746094717625,1.2885908882836945,-0.3797710635726309,-0.17312347445845355,199,0.5055957867017775,751,153044.27988600606,206990.93750531023,-53946.65761930417,751,0.622549,0.054481,0.568068,0.040426,0.031203,0.675115,3,-0.17312347445845355,-0.3797710635726309,1.4732363585506878,-0.1881021983397605,3.909351751620142,-0.2030294332391671,False,192
706,False,False,100027.42874067811,-1218328.858519532,-0.9241271652380452,0.46527242570285754,1.283539464327028,-0.4312666948801285,-0.07039840856449175,214,0.5576036866359447,672,127098.57994676052,176774.84942604968,-49676.269479289156,672,0.639607,0.204492,0.43511500000000003,0.026427,0.049568,0.3562,2,-0.07039840856449175,-0.4312666948801285,1.7075495503984746,-0.1550290135396517,2.9741644423620435,-0.2536328510085638,False,193
471,False,False,99841.8950631724,-1218514.3921970378,-0.9242678962978494,0.46482119255620513,1.4436043275157198,-0.3048003719847212,0.2818943911061693,337,0.6155365371955234,584,162329.8191543962,244336.1068559339,-82006.28770153772,584,0.502114,0.20833,0.29378399999999993,0.009695,0.134413,0.486014,1,0.2818943911061693,-0.3048003719847212,1.592765026759198,-0.12161759973179398,2.0039825693969346,-0.2766309225567124,False,194
709,False,False,97268.0861749968,-1221088.2010852133,-0.9262201825751232,0.45848819626839354,1.3654841614524658,-0.27663092255671273,0.3346625543689854,246,0.5556287030941409,675,166838.31090563926,260983.07437471082,-94144.76346907156,675,0.588241,0.28655,0.301691,0.034966,0.086355,0.74611,2,0.3346625543689854,-0.1969923428042435,2.196347706076848,-0.1550290135396517,1.2800526630750828,-0.2766309225567124,False,195
135,False,False,96417.42375180677,-1221938.8635084033,-0.9268654272873533,0.4563643543379772,1.2611347352858804,-0.38456835433340675,-0.07451663123320718,233,0.5819618169848585,635,143830.753553213,233750.95806626912,-89920.20451305612,635,0.584062,0.174464,0.40959799999999996,0.071531,0.065948,0.71287,2,-0.07451663123320718,-0.38456835433340675,3.536172489336656,-0.15502901353965182,1.2966633707732558,-0.27663092255671273,False,196
659,False,False,94301.42685176912,-1224054.860408441,-0.9284704538803049,0.45101276386645583,1.4189823337544003,-0.304800371984721,0.3283358578073392,329,0.6069782751810402,597,159281.7623167923,243110.99453866287,-83829.23222187057,597,0.454237,0.099926,0.354311,0.091757,0.138312,0.503292,1,0.3283358578073392,-0.304800371984721,1.4314262235682418,-0.12161759973179398,1.9197742305921501,-0.2748269196701768,False,197
248,False,False,94032.66064956173,-1224323.6266106484,-0.928674318499304,0.45032587386040035,1.3089211427624534,-0.27663092255671273,0.043967996568951895,273,0.6576695194206715,520,121071.65757861953,215792.08363255017,-94720.42605393064,520,0.457622,0.123443,0.334179,0.088936,0.085185,0.566264,3,0.043967996568951895,-0.2410423546465199,2.869891433552221,-0.1550290135396516,1.3275164434077742,-0.27663092255671295,False,198
534,False,False,92462.31589185752,-1225893.9713683526,-0.9298654568682556,0.44627946329178214,1.4165014187987544,-0.3048003719847211,0.24682586512793026,322,0.6017116524028966,605,156130.1376674581,233214.19136115766,-77084.05369369956,605,0.489554,0.175767,0.313787,0.078824,0.134123,0.192812,1,0.24682586512793026,-0.3048003719847211,1.5069277621046901,-0.12161759973179398,1.9581292386550397,-0.2766309225567123,False,199
578,False,False,92404.01149890485,-1225952.2757613054,-0.9299096819336011,0.44612812607669095,1.389827685319026,-0.3048003719847211,0.15663065880119786,269,0.5207373271889401,728,156830.93439475028,221580.29698668557,-64749.36259193529,728,0.604498,0.099428,0.50507,0.039525,0.117662,0.237285,1,0.15663065880119786,-0.3048003719847211,1.3580347346026462,-0.11590884309235616,2.3880197039297375,-0.25804568796207383,False,200
747,False,False,92160.60087932632,-1226195.686380884,-0.9300943138285833,0.44549545809381663,1.4191415805228085,-0.304800371984721,0.27233140219664276,329,0.5878867676102699,626,163185.81097019682,242950.51798251554,-79764.70701231871,626,0.554239,0.250691,0.30354800000000004,0.002417,0.135909,0.097906,1,0.27233140219664276,-0.304800371984721,1.445827432775205,-0.12161759973179398,1.9615511629125164,-0.2748269196701766,False,201
263,False,False,88718.91307108429,-1229637.3741891258,-0.9327049038803776,0.43639729641701264,1.3995059881723109,-0.304800371984721,0.2468866385389954,310,0.5714285714285714,651,158551.01126471805,237889.47949346201,-79338.46822874396,651,0.514634,0.201791,0.31284300000000004,0.077589,0.133732,0.159155,1,0.2468866385389954,-0.304800371984721,1.4550115061926951,-0.12303722539119644,1.8982490983028852,-0.2766309225567126,False,202
508,False,False,84314.75661482337,-1234041.5306453868,-0.9360455459350483,0.42431525454635644,1.3266625126927094,-0.2766309225567124,0.26368049288568285,261,0.532587228439763,710,167181.5909263077,255770.39801574717,-88588.80708943948,710,0.562571,0.213888,0.3486830000000001,0.027025,0.107707,0.386654,2,0.26368049288568285,-0.23777626472568725,1.7412477982150905,-0.1159088430923565,1.4339856497621883,-0.2766309225567125,False,203
463,False,False,81759.27803452036,-1236597.0092256898,-0.937983928301786,0.4170612904189075,1.246771270490444,-0.2766309225567126,0.043967996568951895,265,0.6319947333772219,559,125802.58472039229,220314.64647028333,-94512.06174989104,559,0.498334,0.177238,0.321096,0.051925,0.086594,0.217014,3,0.043967996568951895,-0.2410423546465199,2.59617197203322,-0.1550290135396516,1.1777569610334147,-0.2766309225567125,False,204
674,False,False,81585.3470798885,-1236770.9401803217,-0.9381158584608126,0.416560729571261,1.3015267415625213,-0.32098611023005674,0.11049752751956676,306,0.5938117182356814,617,135418.20399286854,217205.27791928488,-81787.07392641634,617,0.466686,0.084795,0.381891,0.078756,0.114074,0.221899,2,0.11049752751956676,-0.32098611023005674,1.77396353646055,-0.11590884309235627,1.6484624599011002,-0.27663092255671284,False,205
273,False,False,81003.6115913697,-1237352.6756688405,-0.9385571166352077,0.41488004365870323,1.339899312337241,-0.3048003719847209,0.3679598258786285,335,0.6102699144173799,592,141705.30451227102,215030.686664062,-73325.38215179098,592,0.474407,0.260077,0.21433000000000002,0.010402,0.140276,0.316947,1,0.3679598258786285,-0.3048003719847209,0.9529994716874108,-0.12161759973179398,2.0319980211644775,-0.2748269196701767,False,206
91,False,False,79258.6619599444,-1239097.6253002658,-0.9398806963444922,0.40977761579756367,1.299812872115947,-0.2766309225567125,0.1336639001892459,254,0.5562870309414089,674,152545.9178309234,250513.24072667243,-97967.32289574904,674,0.495003,0.259111,0.23589200000000005,0.035316,0.104403,0.601394,3,0.1336639001892459,-0.20565299867246434,2.388458925343414,-0.11590884309235616,1.0632896203053632,-0.2766309225567123,False,207
439,False,False,78916.30753810042,-1239439.9797221096,-0.9401403791215627,0.4087655557055734,1.2988542664259852,-0.29221218796662496,0.1388531813347098,267,0.4911125740618828,773,149615.12542888484,218441.79397145988,-68826.66854257503,773,0.657213,0.10219,0.555023,0.006892,0.097651,0.246834,1,0.1388531813347098,-0.22038164717244724,1.4546100850725052,-0.11590884309235638,1.8230365631504117,-0.2922121879666252,False,208
999,False,False,76795.52621074961,-1241560.7610494606,-0.9417490347997316,0.4024132465665107,1.2054292542988956,-0.2766309225567124,0.07963737785812586,219,0.5339038841342989,708,149557.88332338646,239242.84607735963,-89684.96275397317,708,0.571515,0.206629,0.364886,0.085989,0.080794,0.431277,2,0.07963737785812586,-0.24328196755187403,2.017349673278073,-0.15502901353965193,1.357395045285684,-0.27663092255671284,False,209
295,False,False,76498.53801751105,-1241857.749242699,-0.9419743063716947,0.4015120415958544,1.2538782426469741,-0.2766309225567124,0.1601211555117492,221,0.5273206056616195,718,143688.65286316807,223061.38324517032,-79372.73038200225,718,0.568764,0.261482,0.30728200000000006,0.083801,0.085778,0.008901,2,0.1601211555117492,-0.24104235464651969,1.5411761965091748,-0.15502901353965182,1.5948664459129787,-0.2766309225567126,False,210
678,False,False,75851.45764028875,-1242504.8296199213,-0.9424651299703495,0.3995383376450583,1.340235614045287,-0.3048003719847213,0.10735842546677166,271,0.5200789993416721,729,146386.6112049476,213090.4033240776,-66703.79211913,729,0.536352,0.250353,0.28599900000000006,0.091488,0.129063,0.477539,1,0.10735842546677166,-0.3048003719847213,1.3510417793761036,-0.1012495122151903,1.9135023304959708,-0.27663092255671284,False,211
59,False,False,74901.79677337648,-1243454.4904868337,-0.9431854670113218,0.39661612807571633,1.293090118816727,-0.2766309225567122,0.1144629208803678,250,0.5641869651086241,662,139748.58142136148,225399.80784040134,-85651.22641903986,662,0.458823,0.103726,0.355097,0.087538,0.097449,0.736826,3,0.1144629208803678,-0.20222826412385675,2.203782698714787,-0.11590884309235627,1.0977974848913803,-0.27663092255671273,False,212
456,False,False,73425.69900948339,-1244930.5882507267,-0.9443051171227198,0.3920120701188803,1.1911125049124573,-0.3053839487518145,0.3780603793131623,206,0.4687294272547729,807,145114.1659850627,209637.7742486574,-64523.60826359471,807,0.651899,0.216925,0.43497399999999997,0.058144,0.0227,0.734796,1,0.4619129668880242,-0.3053839487518145,0.3780603793131623,-0.10444360045575385,2.64467094786024,-0.24989182481167804,False,213
505,False,False,72262.40879918858,-1246093.8784610215,-0.945187496356267,0.3883289678049531,1.097456038645874,-0.4263691944273059,0.22380069371220657,246,0.5839368005266623,632,94352.75641427755,147137.0973793073,-52784.34096502974,632,0.611906,0.118965,0.49294099999999996,0.092773,0.002742,0.388048,1,0.22380069371220657,-0.4263691944273059,0.4250413551595229,-0.15502901353965182,3.1435661004111966,-0.2055882368350619,False,214
141,False,False,71580.23935571108,-1246776.047904499,-0.945704935723811,0.3861460803304486,1.1838567023947137,-0.27663092255671273,0.028264402941746924,247,0.6043449637919684,601,119514.56344268021,208106.46300588927,-88591.89956320905,601,0.495596,0.237301,0.25829499999999994,0.085448,0.085978,0.461179,3,0.028264402941746924,-0.24104235464652024,2.203667176365568,-0.1550290135396516,1.1729060706623229,-0.2766309225567123,False,215
45,False,False,69745.7230339992,-1248610.564226211,-0.9470964535854387,0.38018848744436773,1.1370416341033418,-0.2913254539232898,0.27671000665922896,225,0.5253456221198156,721,111895.75975631623,163229.4410591599,-51333.68130284367,721,0.624324,0.064959,0.559365,0.081072,0.028754,0.172413,1,0.3218712601649467,-0.2913254539232898,0.27671000665922896,-0.18305579679996076,3.132721676648135,-0.25648178798056653,False,216
167,False,False,67595.221428549,-1250761.0658316612,-0.9487276526977206,0.37303597457801696,1.2604954988479746,-0.2847272583059163,0.11824962908916259,203,0.4377880184331797,854,149356.6917558706,209524.22039302753,-60167.52863715694,854,0.613608,0.236499,0.377109,0.033801,0.098016,0.297703,2,0.11824962908916259,-0.2847272583059163,0.8401333163665283,-0.11590884309235638,2.284943799083226,-0.24042861365752266,False,217
140,False,False,65924.35160237628,-1252431.935657834,-0.9499950413712674,0.36734648017541605,1.2883979389192435,-0.23871304639495894,0.2661037066177876,315,0.5589203423304806,670,130760.9908581754,191439.49697042178,-60678.50611224638,670,0.497182,0.090108,0.40707400000000005,0.054124,0.153905,0.536686,1,0.2661037066177876,-0.23871304639495894,0.6687870287788089,-0.09497620668173234,2.1201514248100537,-0.2188165871889618,False,218
410,False,False,64812.11504466444,-1253544.1722155458,-0.9508386953731938,0.3634921455558695,1.208158528353548,-0.3209861102300565,0.11312036069956743,274,0.5299539170506913,714,137079.69840696664,208137.38585164756,-71057.68744468092,714,0.563513,0.213616,0.349897,0.015139,0.11337,0.180545,2,0.11312036069956743,-0.3209861102300565,1.2038875459190734,-0.11590884309235627,1.6419502591427206,-0.2766309225567126,False,219
600,False,False,64401.91090709089,-1253954.3763531193,-0.9511498435366588,0.3620566940247283,1.2700850615789105,-0.2387130463949586,0.2963823753170649,325,0.5747202106649111,646,126439.68671542514,185358.99291834587,-58919.306202920736,646,0.478487,0.217001,0.261486,0.024913,0.152435,0.542287,1,0.2963823753170649,-0.2387130463949586,0.5504810572692926,-0.09497620668173234,2.2040491610653423,-0.21881658718896213,False,220
953,False,False,64250.21391752484,-1254106.0733426854,-0.9512649087819434,0.361523919812311,1.1940599398821288,-0.2766309225567126,0.12917198256933005,265,0.5720868992758393,650,126650.64496125892,206997.6012436546,-80346.95628239567,650,0.469505,0.066828,0.402677,0.02029,0.106441,0.00238,3,0.12917198256933005,-0.20565299867246434,1.5896963784845082,-0.11590884309235616,1.1971799878894904,-0.2766309225567123,False,221
390,False,False,63197.29938598174,-1255158.9878742285,-0.9520635658230769,0.35779678965321593,1.0672205121862357,-0.43256193930429254,-0.07797779747986078,215,0.5227123107307439,725,108673.57613579508,160839.38334668288,-52165.8072108878,725,0.664071,0.291328,0.372743,0.012013,0.009189,0.696324,2,-0.07797779747986078,-0.43256193930429254,0.7573531896546588,-0.1550290135396517,2.9003006632825046,-0.2536328510085637,False,222
465,False,False,62922.83195370459,-1255433.4553065056,-0.9522717549407907,0.35681671796330927,1.2795824677394492,-0.19514209474618893,0.34519382923055875,308,0.5279789335088875,717,134360.2402200867,188133.89547506592,-53773.65525497921,717,0.541435,0.125577,0.415858,0.019331,0.160038,0.149299,1,0.34758648456127306,-0.19514209474618893,0.34519382923055875,-0.09497620668173234,2.4710969784799737,-0.17955822438673197,False,223
797,False,False,61996.428033259144,-1256359.859226951,-0.952974451115867,0.35348215689102536,1.2724723083079572,-0.2255896095223331,0.28821486088547577,316,0.5411454904542462,697,135199.96434988902,190721.19409627025,-55521.22974638123,697,0.486771,0.15723,0.329541,0.030272,0.163903,0.386019,1,0.4241373437510383,-0.2255896095223331,0.28821486088547577,-0.09497620668173234,2.379297978300975,-0.19140089442863295,False,224
250,False,False,61849.3491253662,-1256506.938134844,-0.9530860134524782,0.352948933573056,1.3051929270425222,-0.22558960952233276,0.23406665891057443,263,0.477946017116524,793,134649.78898279666,181078.662403929,-46428.87342113233,793,0.515872,0.229341,0.286531,0.099314,0.167211,0.194739,1,0.23406665891057443,-0.22558960952233276,0.32739932119610127,-0.07399035379888019,2.7756777741633565,-0.14812669972046766,False,225
61,False,False,61831.5510053854,-1256524.7362548248,-0.9530995136876975,0.35288433613487435,1.2062579769208772,-0.3031985295238564,0.22148388341628356,326,0.5957867017774852,614,120560.4713501715,186850.07646138043,-66289.60511120893,614,0.494121,0.14222,0.35190099999999996,0.022588,0.143374,0.302507,1,0.22148388341628356,-0.3031985295238564,0.7200262544846665,-0.12161759973179398,1.9429800863383253,-0.27482691967017625,False,226
2,False,False,61522.4715654173,-1256833.815694793,-0.9533339567156975,0.3517600661283611,1.2034556414640714,-0.3031985295238563,0.21032991220534258,326,0.5944700460829493,616,120124.19186991773,186819.03414997042,-66694.84228005269,616,0.480072,0.265303,0.214769,0.053787,0.142965,0.426472,1,0.21032991220534258,-0.3031985295238563,0.7470025375643858,-0.12161759973179398,1.9096213299433944,-0.27482691967017636,False,227
317,False,False,61005.79789685605,-1257350.4893633542,-0.9537258641792217,0.3498701122832293,1.2027004492784488,-0.3031985295238566,0.20526423764224222,321,0.5773535220539829,642,122758.56303305841,190328.87499679293,-67570.31196373452,642,0.526003,0.271931,0.254072,0.026894,0.143684,0.559064,1,0.20526423764224222,-0.3031985295238566,0.7448203283045554,-0.12161759973179398,1.9009358744751972,-0.27482691967017636,False,228
735,False,False,60747.64142791657,-1257608.6458322937,-0.9539216811002119,0.34892078839121554,1.1933566211202276,-0.2766309225567126,0.0547816284461653,250,0.5233706385780118,724,131344.3733489057,207067.05022258635,-75722.67687368064,724,0.513159,0.064351,0.44880800000000004,0.001708,0.114487,0.467344,3,0.0547816284461653,-0.25200579974964177,1.4629524038748527,-0.11590884309235638,1.338357153136577,-0.27663092255671273,False,229
877,False,False,60538.24715816758,-1257818.0401020425,-0.9540805109034847,0.3481483038858959,1.2265173380338545,-0.3031985295238566,0.15885727499839852,314,0.5661619486504279,659,118856.19815917277,176080.90763341959,-57224.70947424682,659,0.459719,0.185894,0.273825,0.095457,0.150542,0.055762,1,0.15885727499839852,-0.3031985295238566,0.6503642091325823,-0.09497620668173234,2.1653380177410657,-0.21881658718896202,False,230
24,False,False,60103.87974758985,-1258252.4075126203,-0.9544099873999183,0.3465387290520219,1.1275349843927807,-0.2751979589759108,0.3469892173041631,222,0.4186965108624095,883,136636.9430582026,197793.87452233932,-61156.931464136724,883,0.697265,0.092229,0.605036,0.006551,0.044553,0.530297,1,0.3469892173041631,-0.2751979589759108,0.3590823937887677,-0.09010313820298099,2.283164183022621,-0.24835900211716366,False,231
323,False,False,60091.604242413814,-1258264.6830177964,-0.9544192986197264,0.34649310062702265,1.1610144340877693,-0.362811594407614,0.08782208274284509,304,0.554312047399605,677,127029.49948561481,199818.57820638065,-72789.07872076584,677,0.517867,0.139297,0.37856999999999996,0.011929,0.122669,0.306394,2,0.08782208274284509,-0.362811594407614,1.1268973070085777,-0.11590884309235616,1.5972239933566743,-0.2766309225567124,False,232
149,False,False,59283.32998247432,-1259072.957277736,-0.9550323910498609,0.3434714699264647,1.0195555449265479,-0.39767998283790185,0.24656987290760202,242,0.5299539170506913,714,98929.88279190846,153467.3060840427,-54537.42329213425,714,0.643451,0.089079,0.554372,0.061966,0.004214,0.529317,1,0.24656987290760202,-0.39767998283790185,0.2578593299059324,-0.18305579679996065,2.780801601041981,-0.25648178798056664,False,233
485,False,False,58415.49775203563,-1259940.7895081744,-0.9556906594093514,0.34018869144503827,1.2311509021202216,-0.19514209474618882,0.2833127032858056,315,0.5378538512179065,702,130428.2190875082,186560.01577779397,-56131.79669028577,702,0.523686,0.268588,0.255098,0.016703,0.161383,0.490558,1,0.38055156447675786,-0.19514209474618882,0.2833127032858056,-0.09497620668173234,2.297182270290518,-0.19140089442863295,False,234
158,False,False,57816.94474247798,-1260539.3425177322,-0.956144674014767,0.33790073985797897,1.174489819238697,-0.2847272583059156,0.07897589740237176,197,0.4186965108624095,883,137697.31856471795,195869.65312781505,-58172.3345630971,883,0.609546,0.188397,0.421149,0.049855,0.095326,0.507217,2,0.07897589740237176,-0.2847272583059156,0.6838293559860569,-0.11590884309235638,2.1823307707558635,-0.24042861365752277,False,235
658,False,False,57800.383028419856,-1260555.9042317902,-0.956157236411001,0.3378371528055861,1.1613663505894336,-0.2766309225567125,0.07323262398242614,241,0.5358788676761027,705,127473.62998553699,203666.495424091,-76192.86543855401,705,0.478143,0.086098,0.392045,0.084882,0.107135,0.670343,3,0.07323262398242614,-0.20565299867246434,1.407701839313475,-0.11590884309235638,1.2368360118729171,-0.2766309225567126,False,236
181,False,False,57246.24660781345,-1261110.0406523966,-0.95657756013226,0.33570078915639745,1.2188120583287427,-0.23871304639495927,0.2215216250995542,282,0.5088874259381172,746,128107.6825958185,186766.5111058408,-58658.828510022286,746,0.553127,0.103772,0.44935500000000006,0.043508,0.155147,0.474016,1,0.2215216250995542,-0.23871304639495927,0.5890327736728893,-0.09643888967603187,1.9492596061519425,-0.21881658718896213,False,237
569,False,False,57064.99310538428,-1261291.2941548259,-0.9567150445924023,0.33499825807191197,1.130053918909763,-0.362811594407614,0.018508456968647335,302,0.5661619486504279,659,117486.21838014417,187147.1850185913,-69660.96663844712,659,0.477748,0.297475,0.18027300000000002,0.062034,0.12116,0.333367,2,0.018508456968647335,-0.362811594407614,1.1629324274528905,-0.11590884309235616,1.5903722439028907,-0.2766309225567126,False,238
917,False,False,56863.6026713719,-1261492.6845888381,-0.9568678033238306,0.33421549081055324,1.1685262970875074,-0.3031985295238562,0.1576349985965526,296,0.5457537853851218,690,121779.21444655374,187663.02942178035,-65883.8149752266,690,0.527411,0.161923,0.3654879999999999,0.070598,0.142724,0.170872,1,0.1576349985965526,-0.3031985295238562,0.813425169887241,-0.12303722539119644,1.708713573044665,-0.2748269196701765,False,239
387,False,False,56844.89515259376,-1261511.3921076164,-0.9568819933564939,0.3341426608358238,1.1491026174787684,-0.2030294332391669,0.04324715915390698,191,0.4641211323238973,814,131426.6760169516,196143.1614301263,-64716.4854131747,814,0.604148,0.137059,0.46708900000000003,0.02455,0.087624,0.674226,3,0.04324715915390698,-0.19960109616083477,0.968111996484204,-0.15502901353965182,1.7685632544543246,-0.20302943323916733,False,240
692,False,False,56078.31093325563,-1262277.9763269546,-0.9574634630447306,0.3311409465110662,1.2380896939351742,-0.22639132250298566,0.11946152896521611,272,0.4990125082290981,761,120683.33587739458,169402.8597839162,-48719.52390652163,761,0.531591,0.083577,0.448014,0.072056,0.151675,0.722813,1,0.11946152896521611,-0.22639132250298566,0.5866457801104914,-0.09643888967603209,2.1572267222372496,-0.13565023970065793,False,241
173,False,False,55765.338634143816,-1262590.9486260663,-0.9577008588853969,0.3299055939790978,1.2529819283972417,-0.19514209474618904,0.26613744367608794,255,0.43844634628044765,853,139077.68110259259,190552.24835587965,-51474.56725328707,853,0.602547,0.051023,0.551524,0.016458,0.158206,0.469993,1,0.26613744367608794,-0.19514209474618904,0.28968880112612005,-0.061327908705774536,2.4150617641280863,-0.13565023970065793,False,242
204,False,False,55191.33323827099,-1263164.954021939,-0.9581362536276374,0.3276247933347043,1.0181525436550878,-0.35235310065992675,0.06287308994813068,215,0.5398288347597103,699,88810.39427043285,139967.2194425748,-51156.82517214195,699,0.614197,0.105233,0.508964,0.0894,0.046136,0.652579,1,0.06287308994813068,-0.35235310065992675,0.540567526213513,-0.15502901353965182,2.370611782411509,-0.22876334330927428,False,243
234,False,False,54556.601698413244,-1263799.6855617969,-0.958617710382531,0.3250795456819058,1.100511705226957,-0.36281159440761424,0.06865814522484515,310,0.5793285055957867,639,114640.37904293538,188510.30685819717,-73869.92781526179,639,0.45523,0.206151,0.24907900000000002,0.041655,0.123581,0.332273,2,0.06865814522484515,-0.36281159440761424,1.0872335058892166,-0.1159088430923565,1.4458931033776032,-0.2766309225567125,False,244
172,False,False,54507.644724137484,-1263848.6425360728,-0.9586548452411036,0.3248822059350167,1.2202108167253722,-0.3031985295238564,0.11837895749368643,232,0.44042132982225146,850,129596.56891903115,175714.58055689547,-46118.011637864314,850,0.576016,0.204658,0.37135799999999997,0.065126,0.147479,0.575579,1,0.11837895749368643,-0.3031985295238564,0.3519680737861288,-0.0773825910615229,2.604972809391873,-0.12761663721438743,False,245
847,False,False,53994.10041142489,-1264362.1868487853,-0.9590443790247061,0.3228032106490857,1.1050771494490677,-0.3628115944076141,0.032019378802891074,255,0.5154707044107966,736,118818.4991073939,183984.75957082887,-65166.26046343497,736,0.547654,0.272713,0.274941,0.045965,0.115585,0.573619,2,0.032019378802891074,-0.3628115944076141,1.0330594640011408,-0.11590884309235616,1.5734063969548422,-0.2766309225567124,False,246
752,False,False,53441.16260904502,-1264915.1246511652,-0.9594637935697142,0.3205462161350099,1.1364545906997765,-0.28472725830591594,0.03708731192034409,198,0.4107965766951942,895,144085.55559019351,209549.90937429646,-65464.35378410295,895,0.623877,0.080953,0.542924,0.042824,0.090204,0.371558,2,0.03708731192034409,-0.28472725830591594,0.8828007466181294,-0.07790732070524131,1.7368828915001355,-0.2536328510085636,False,247
989,False,False,52993.191189641075,-1265363.096070569,-0.9598035889829366,0.31870334826397273,1.1486973424022906,-0.2766309225567123,0.2063715802103867,181,0.3996050032916392,912,147176.1081559234,215362.92407080883,-68186.81591488543,912,0.600037,0.156739,0.4432980000000001,0.063001,0.106726,0.416768,2,0.2063715802103867,-0.23777626472568736,0.7394940739355853,-0.06809787626962127,1.5253176956404015,-0.27663092255671273,False,248
277,False,False,52844.49439559901,-1265511.7928646111,-0.9599163785190271,0.3180887657399314,1.1551363951133546,-0.27540636815516184,0.05155758392289811,210,0.4055299539170507,903,138073.6854958194,203218.35891559912,-65144.67341977972,903,0.621533,0.063538,0.557995,0.07036,0.105289,0.009629,1,0.05155758392289811,-0.23919866103450527,0.6551293789219184,-0.06189980330903644,2.0362305067093835,-0.27540636815516195,False,249
51,False,False,52740.03862138009,-1265616.2486388301,-0.9599956103437078,0.31765617378842825,1.020095863656613,-0.32022200930886413,0.001304390415719725,195,0.4279131007241606,869,125047.59353151504,183698.25011147468,-58650.65657995964,869,0.669066,0.248966,0.42010000000000003,0.054446,0.014846,0.136607,1,0.44797419185992937,-0.32022200930886413,0.001304390415719725,-0.10444360045575385,2.6375879441358987,-0.21724101005958785,False,250
830,False,False,52103.879457796946,-1266252.4078024132,-0.9604781499801708,0.3150060531924306,1.1193713915348604,-0.3628115944076139,0.11904903573897863,247,0.4799210006583278,790,133163.89049071955,202200.5991792849,-69036.70868856536,790,0.568925,0.162147,0.406778,0.029053,0.118138,0.622641,2,0.11904903573897863,-0.3628115944076139,0.7163201940129234,-0.11590884309235638,1.7128303200861046,-0.2766309225567124,False,251
302,False,False,51236.090284244114,-1267120.196975966,-0.9611363856801395,0.31134714323089896,1.1311613714241453,-0.28472725830591605,0.1346306759453828,182,0.3936800526662278,921,142596.11493324162,205767.2971065864,-63171.18217334477,921,0.618578,0.246888,0.37168999999999996,0.043459,0.106174,0.000583,2,0.1346306759453828,-0.28472725830591605,0.7201087746290651,-0.06809787626962138,1.6252190675636133,-0.24042861365752255,False,252
267,False,False,51044.479430644395,-1267311.8078295658,-0.9612817264013476,0.31053228333539384,1.1242696771725589,-0.32098611023005663,0.07897257647029221,212,0.43647136273864384,856,136552.57428856063,202971.19661076638,-66418.62232220575,856,0.575942,0.062206,0.513736,0.061319,0.112421,0.199565,2,0.07897257647029221,-0.32098611023005663,0.7575180228673921,-0.11590884309235638,1.6917739455710552,-0.2766309225567126,False,253
883,False,False,51023.17636992665,-1267333.1108902835,-0.9612978852052488,0.3104415306844728,1.1929477964358148,-0.27540636815516184,0.1879675375930141,205,0.3923633969716919,923,148285.3389426313,209563.29437230376,-61277.95542967247,923,0.652241,0.267583,0.38465799999999994,0.019024,0.131825,0.166506,1,0.1879675375930141,-0.25853621079338984,0.7223154311342064,-0.07863281728789717,1.4937345680678416,-0.27540636815516173,False,254
422,False,False,50917.93413913088,-1267438.3531210793,-0.9613777135732042,0.30999272652819965,1.0710520073199388,-0.3628115944076141,0.0075519567307011926,298,0.5602369980250165,668,108767.77718246034,174037.6567987779,-65269.87961631756,668,0.499526,0.050524,0.449002,0.070917,0.118611,0.349035,2,0.0075519567307011926,-0.3628115944076141,0.9144248181659229,-0.11590884309235638,1.639763432451772,-0.27663092255671273,False,255
918,False,False,50856.13635331955,-1267500.1509068906,-0.9614245884479315,0.3097288299720642,1.1008568182596874,-0.2766309225567123,0.13450730770389585,196,0.4470046082949309,840,132815.47559140823,204118.727138988,-71303.25154757977,840,0.587366,0.155593,0.4317730000000001,0.011313,0.093791,0.460374,3,0.13450730770389585,-0.1969923428042435,0.9812671783107183,-0.11590884309235638,1.2625230902935276,-0.2766309225567125,False,256
168,False,False,50350.30547154416,-1268005.981788666,-0.9618082714376237,0.30755865427404316,1.1797752012103233,-0.3031985295238564,0.07160923133876684,219,0.42132982225148125,879,125746.64885216765,171736.5478242468,-45989.89897207916,879,0.592761,0.227712,0.36504899999999996,0.055237,0.151082,0.411809,1,0.07160923133876684,-0.3031985295238564,0.3819501077983056,-0.0567623621875345,2.399956021480558,-0.13063722449085802,False,257
78,False,False,50331.27711820808,-1268025.010142002,-0.9618227048298106,0.3074766622695124,1.0010643185290513,-0.40564391619817886,-0.13751647172861647,202,0.5134957208689928,739,112997.6074683937,190980.78524869928,-77983.17778030557,739,0.592816,0.156425,0.436391,0.075142,0.07449,0.464513,2,-0.13751647172861647,-0.40564391619817886,2.0291539609632174,-0.15502901353965204,0.9264857159527762,-0.2766309225567124,False,258
763,False,False,50248.40389291564,-1268107.8833672944,-0.9618855658531116,0.30711926483549146,1.1713483626714138,-0.2086493822306339,0.1906772870343636,314,0.5154707044107966,736,117273.99582847183,166421.93158253125,-49147.93575405942,736,0.452351,0.238909,0.213442,0.018715,0.186243,0.059384,1,0.1906772870343636,-0.2086493822306339,0.21642767219728154,-0.09935580076419448,2.469300436456206,-0.16121706463031737,False,259
400,False,False,49278.11545681859,-1269078.1718033915,-0.9626215493239482,0.30289781593488563,1.1524884643869575,-0.22558960952233298,0.16788774384417016,311,0.5174456879526004,733,116552.29964863839,166921.0883143017,-50368.78866566332,733,0.496321,0.186752,0.309569,0.031974,0.176643,0.162657,1,0.16788774384417016,-0.22558960952233298,0.288708932819955,-0.09497620668173234,2.2741468258361692,-0.19140089442863295,False,260
216,False,False,48620.292720945385,-1269735.9945392648,-0.9631205212196565,0.29999620714002817,0.9870141353062575,-0.3516147523557317,0.1797425364115275,210,0.49967083607636603,760,104263.59205828939,162455.44658738002,-58191.85452909063,760,0.619661,0.117085,0.502576,0.084145,0.059304,0.520991,1,0.1797425364115275,-0.3516147523557317,0.48967322001716007,-0.15502901353965182,1.7665550744764262,-0.20302943323916733,False,261
110,False,False,48553.012470493835,-1269803.2747897163,-0.9631715546550803,0.2996975962389179,1.1530366365504559,-0.304800371984721,0.12760857865103392,214,0.42659644502962474,871,131803.2556284919,187595.74211409624,-55792.48648560434,871,0.603044,0.239913,0.36313100000000004,0.063215,0.13521,0.188557,1,0.12760857865103392,-0.304800371984721,0.5767376477541377,-0.09762306753343952,1.730853309638083,-0.23853432619594728,False,262
714,False,False,48311.54244283834,-1270044.7448173717,-0.9633547145717045,0.298623026201966,1.108906654777606,-0.3628115944076139,0.0774666908449253,224,0.4279131007241606,869,137121.2019529553,201045.53228236447,-63924.33032940916,869,0.608913,0.289575,0.319338,0.007399,0.123793,0.046788,2,0.0774666908449253,-0.3628115944076139,0.701672798190744,-0.08930362033203132,1.6349415978642097,-0.24042861365752244,False,263
203,False,False,47934.16129354931,-1270422.125966661,-0.9636409658324113,0.2969346296282236,1.032015690623173,-0.26984388923706537,0.2753751640305273,198,0.38643844634628044,932,133589.72266776726,192636.94878317232,-59047.226115405065,932,0.684432,0.068154,0.616278,0.034473,0.039443,0.614014,1,0.31958908096642613,-0.26984388923706537,0.2753751640305273,-0.10444360045575396,1.8481867655040225,-0.24169704493548094,False,264
349,False,False,47156.442835361944,-1271199.8444248482,-0.9642308810667852,0.2934198654918052,1.2055805059687237,-0.19514209474618893,0.11794565276470514,192,0.36932192231731403,958,134997.30732096973,182173.2239045891,-47175.91658361937,958,0.616885,0.205383,0.41150200000000003,0.050864,0.159644,0.557571,1,0.28023189486040456,-0.19514209474618893,0.11794565276470514,-0.05676236218753439,2.2948200731532458,-0.1319945532306519,False,265
563,False,False,46994.9432288585,-1271361.3440313516,-0.9643533817959614,0.2926839399351133,1.1239165668805227,-0.2255896095223331,0.16064392124910443,315,0.5161290322580645,735,113081.7230821493,161661.0666653562,-48579.34358320689,735,0.478543,0.088209,0.390334,0.003349,0.185873,0.584992,1,0.16064392124910443,-0.2255896095223331,0.21642160207507377,-0.09497620668173234,2.328649015880043,-0.19140089442863284,False,266
672,False,False,46876.15204520852,-1271480.1352150016,-0.9644434873196336,0.29214128157312147,1.1418946817111668,-0.22558960952233298,0.08147115727595189,270,0.4575378538512179,824,118033.01820918245,165605.24067725366,-47572.22246807121,824,0.553304,0.248584,0.30472,0.034552,0.185428,0.274867,1,0.08147115727595189,-0.22558960952233298,0.31910667820478156,-0.09643888967603187,2.2859208179365784,-0.18149905103189268,False,267
712,False,False,46746.760095004836,-1271609.5271652052,-0.9645416337398798,0.2915488903956276,1.14719113851986,-0.19584106630229392,0.18008954799257615,314,0.49177090190915074,772,124653.61278752775,177441.14178679266,-52787.52899926492,772,0.465173,0.291546,0.17362699999999998,0.000321,0.193573,0.348001,1,0.18008954799257615,-0.19584106630229392,0.2390981051219685,-0.09935580076419448,2.1969133092500415,-0.1498509056217926,False,268
274,False,False,46501.00670274566,-1271855.2805574646,-0.964728042675487,0.29041998946795133,1.1834647073076163,-0.19584106630229414,0.13699937840008736,216,0.3759052007899934,948,131025.14781984025,178853.0547697631,-47827.906949922864,948,0.595726,0.238068,0.357658,0.041925,0.187771,0.472899,1,0.13699937840008736,-0.19584106630229414,0.2131397579689449,-0.06322358889423874,2.3712525797855677,-0.14336469965064302,False,269
105,False,False,45383.3058467012,-1272972.981413509,-0.9655758414585968,0.28522202491916904,0.9742165178468888,-0.2766309225567124,-0.04096566454032968,185,0.4759710335747202,796,117191.60505835319,188702.41245857882,-71510.80740022563,796,0.573307,0.117647,0.45566,0.064621,0.076775,0.707583,3,-0.04096566454032968,-0.2663862454180569,1.479295529104339,-0.1550290135396516,0.9086824249824279,-0.2766309225567124,False,270
955,False,False,44877.23432701719,-1273479.052933193,-0.9659597069770264,0.2828333033137167,1.1316658583826993,-0.2255896095223333,0.08673152487282532,264,0.42857142857142855,868,121239.0490419672,170119.18586163397,-48880.136819666775,868,0.58986,0.13503,0.45483000000000007,0.014735,0.181403,0.02482,1,0.08673152487282532,-0.2255896095223333,0.2924040112382438,-0.06746535016604338,2.1952549893582787,-0.16121706463031726,False,271
609,False,False,44450.47357821745,-1273905.8136819927,-0.9662834136661237,0.28080141233457434,0.9168154020743228,-0.38009923244715216,0.01564464896605733,180,0.5042791310072416,753,86774.1511809637,135472.08681905875,-48697.93563809505,753,0.607126,0.098285,0.5088410000000001,0.09437,0.011337,0.239768,2,0.01564464896605733,-0.38009923244715216,0.2662495054972629,-0.15502901353965193,2.4563309384435277,-0.2055882368350621,False,272
572,False,False,44234.28734486802,-1274121.999915342,-0.9664473953116307,0.2797658915165384,0.9574878056499306,-0.3835045034275071,0.005442126039320261,163,0.4068466096115866,901,110209.80263186141,158326.59611491358,-48116.79348305217,901,0.681274,0.25978,0.42149400000000004,0.022608,0.012654,0.373828,2,0.005442126039320261,-0.3835045034275071,0.2826464070163217,-0.15502901353965204,2.430007016853281,-0.17711191788306113,False,273
684,False,False,43951.748737048314,-1274404.5385231618,-0.9666617065797986,0.27840616382668837,0.9404528873336127,-0.3567938205918939,0.11749689240037586,217,0.49177090190915074,772,105479.98673857386,167175.64702672078,-61695.660288146915,772,0.643594,0.284524,0.35907,0.05097,0.066402,0.45408,1,0.11749689240037586,-0.3567938205918939,0.5853653688598335,-0.15502901353965204,1.4808497820512403,-0.2754063681551616,False,274
34,False,False,43388.7763961666,-1274967.5108640436,-0.9670887325259119,0.2756749571687087,1.0811634361529057,-0.31710376246371974,0.11277523058595018,197,0.36932192231731403,958,145843.4724928442,210380.31013043906,-64536.83763759487,958,0.625141,0.054672,0.5704689999999999,0.015422,0.122708,0.367124,2,0.11277523058595018,-0.31710376246371974,0.49601123754180776,-0.0680978762696215,1.6063641711829866,-0.26136302570806746,False,275
739,False,False,43350.89156590519,-1275005.395694305,-0.9671174689385398,0.27549010313040356,1.0401066006150266,-0.3628115944076137,0.10101458114959816,301,0.5273206056616195,718,113057.9030296264,169878.54819146352,-56820.64516183712,718,0.460729,0.114993,0.345736,0.015969,0.137129,0.615126,2,0.10101458114959816,-0.3628115944076137,0.5529513874225553,-0.11590884309235638,1.5354035969076314,-0.2964069213690401,False,276
242,False,False,42650.64260587332,-1275705.6446543369,-0.9676486219863151,0.27204882951937814,1.0130216518377155,-0.3628115944076139,0.03169859645029893,293,0.5088874259381172,746,117408.88705507372,185169.78362373836,-67760.89656866464,746,0.541526,0.196866,0.34465999999999997,0.002537,0.126539,0.3444,2,0.03169859645029893,-0.3628115944076139,0.9310596111261005,-0.11590884309235627,1.140804745241402,-0.29640692136904023,False,277
137,False,False,42451.830788405925,-1275904.4564718043,-0.9677994247847608,0.27106321057528415,1.0068108458178056,-0.27663092255671273,0.10232823588739826,186,0.42330480579328505,876,122104.32576777929,183952.9280990686,-61848.60233128932,876,0.558636,0.132366,0.42627000000000004,0.098538,0.107618,0.604462,2,0.10232823588739826,-0.23777626472568747,0.469785492448654,-0.11590884309235638,1.6201824669446863,-0.27663092255671273,False,278
835,False,False,42113.92245343465,-1276242.3648067755,-0.9680557351147047,0.269379145991709,1.058111647302691,-0.2255896095223333,0.04477307264245933,301,0.49967083607636603,760,104121.31685715374,150544.04776195338,-46422.73090479964,760,0.485087,0.25764,0.227447,0.064223,0.184005,0.420224,1,0.04477307264245933,-0.2255896095223333,0.24353844920398138,-0.09497620668173234,2.241488643743964,-0.19140089442863362,False,279
389,False,False,41813.82854755363,-1276542.4587126565,-0.9682833624327377,0.26787406466298225,1.0128829379416369,-0.32040796541009464,0.0974074617956644,295,0.5220539828834759,726,116191.14474273806,184231.8013655774,-68040.65662283935,726,0.489728,0.178376,0.31135199999999996,0.021442,0.126187,0.74038,2,0.0974074617956644,-0.32040796541009464,0.95711749102475,-0.11590884309235616,0.9468618144095691,-0.2766309225567124,False,280
316,False,False,41443.266857889284,-1276913.020402321,-0.9685644409949179,0.2660030793759791,1.0735684788517879,-0.1958410663022937,0.11227644512066925,298,0.46807109940750496,808,118382.70524010554,170634.68657964288,-52251.981339537335,808,0.538732,0.22781,0.310922,0.002345,0.190794,0.381513,1,0.11227644512066925,-0.1958410663022937,0.22142220899673748,-0.09497620668173234,2.0505309082890113,-0.1498509056217927,False,281
361,False,False,41013.26101287822,-1277343.0262473319,-0.968890609155351,0.2638143851229422,1.1179996751122285,-0.22228123900990582,0.1541508761078454,201,0.3745885450954575,950,131714.355926208,182825.833880935,-51111.477954727015,950,0.570166,0.267434,0.30273199999999995,0.089661,0.175072,0.39309,1,0.25606849389021913,-0.22228123900990582,0.1541508761078454,-0.06637494953062562,1.8291006211767948,-0.16636640980322204,False,282
48,False,False,40926.258119798,-1277430.029140412,-0.9689566026154809,0.2633692211551464,1.1293225241789895,-0.21921126801462254,0.2032562569152836,183,0.3508887425938117,986,142927.46330479078,197317.42255238545,-54389.95924759467,986,0.601429,0.246688,0.354741,0.027443,0.153175,0.361463,2,0.2032562569152836,-0.21921126801462254,0.21810753662762172,-0.05695482038745492,1.7922755920148674,-0.20810664581852345,False,283
520,False,False,40768.40364138182,-1277587.8836188284,-0.9690763384410248,0.26255951467550687,0.9966504043777388,-0.2766309225567126,0.02097668018043697,182,0.4206714944042133,880,119626.9487862393,182803.89044308654,-63176.94165684724,880,0.564165,0.115342,0.448823,0.051684,0.105698,0.102547,3,0.02097668018043697,-0.2428446032394862,0.8339293921847857,-0.09603083273955137,1.1773350946184107,-0.2766309225567124,False,284
154,False,False,40510.79296336945,-1277845.4942968406,-0.96927174136852,0.26123248022337764,1.0108531800651352,-0.3628115944076141,0.02595444860223539,174,0.3719552337063858,954,131718.4951768671,191066.6791922029,-59348.184015335806,954,0.635609,0.149612,0.485997,0.01949,0.121246,0.022037,2,0.02595444860223539,-0.3628115944076141,0.4714756258621009,-0.11590884309235638,1.6834258097754344,-0.2536328510085638,False,285
381,False,False,40227.41575658235,-1278128.8715036279,-0.969486688731024,0.2597645593628186,1.039324527263902,-0.19584106630229392,0.09446254496758733,301,0.4950625411454905,767,108162.69498694566,160420.42174851702,-52257.726761571364,767,0.458274,0.187453,0.270821,0.079366,0.189689,0.307347,1,0.09446254496758733,-0.19584106630229392,0.23997858140957362,-0.09497620668173234,1.964196887497907,-0.187363284006707,False,286
855,False,False,40200.66072885004,-1278155.6265313602,-0.9695069829625537,0.2596255205916813,0.9819294843087774,-0.27663092255671273,0.08868489485351416,204,0.4575378538512179,824,118565.07499976856,186245.7057101545,-67680.63071038593,824,0.557234,0.21949,0.33774400000000004,0.029856,0.110036,0.662312,3,0.08868489485351416,-0.2064240731358813,0.6784610919018557,-0.1250024051990647,1.1999849783492231,-0.27663092255671273,False,287
857,False,False,40176.9386035537,-1278179.3486566565,-0.9695249766760328,0.25950217843810286,0.9896421489017945,-0.3209861102300563,0.042005085226825,188,0.4055299539170507,903,123096.17943573448,184219.44467234053,-61123.26523660605,903,0.578083,0.05949,0.518593,0.078077,0.110147,0.056534,2,0.042005085226825,-0.3209861102300563,0.469785492448654,-0.11590884309235638,1.6233307295924475,-0.2766309225567124,False,288
769,False,False,39673.97122404948,-1278682.3160361606,-0.9699064876411373,0.2568726151418359,1.0015860671860306,-0.28291103307493637,0.1657089224836521,215,0.3824884792626728,938,135130.7064800517,204541.93648635838,-69411.23000630667,938,0.648568,0.061007,0.587561,0.049414,0.094109,0.121744,1,0.1657089224836521,-0.22038164717244613,0.6526200983833599,-0.028868382214378485,1.0594086057892458,-0.28291103307493637,False,289
116,False,False,39520.908404100584,-1278835.3788561095,-0.9700225888964868,0.2560668695646495,0.9009590800394441,-0.4107864834190681,0.05059287363978715,184,0.44634628044766295,841,104890.32456816605,160328.72954020053,-55438.40497203448,841,0.644015,0.207276,0.436739,0.074576,0.055702,0.425318,1,0.05059287363978715,-0.4107864834190681,0.3999552058036806,-0.10444360045575374,1.6870659647409685,-0.2099428818452086,False,290
595,False,False,38833.788855596584,-1279522.4984046135,-0.970543783019156,0.25241737904982364,0.9441817393812268,-0.362811594407614,-0.017018375214735704,240,0.47531270572745227,797,106363.30569818681,165778.3359837592,-59415.030285572386,797,0.543908,0.065297,0.47861099999999995,0.069114,0.119855,0.180872,2,-0.017018375214735704,-0.362811594407614,0.5808250382712379,-0.1159088430923565,1.4990823052730224,-0.27663092255671273,False,291
342,False,False,38793.76002824764,-1279562.5272319624,-0.9705741456970874,0.2522031187397633,1.1610695870627679,-0.16831161490691104,0.205098414903929,289,0.4325213956550362,862,148644.64622514072,215097.0915052439,-66452.44528010319,862,0.480767,0.230613,0.250154,0.001985,0.212599,0.039759,1,0.437859802366924,-0.16831161490691104,0.205098414903929,-0.09497620668173234,1.2388387612537004,-0.15769183056405545,False,292
100,False,False,38693.59393648023,-1279662.69332373,-0.9706501237105694,0.25166615550494287,1.075559260452256,-0.2222812390099057,0.11774977395625363,195,0.358788676761027,974,130817.78493522151,181878.58801403307,-51060.80307881156,974,0.635398,0.09493,0.5404680000000001,0.02753,0.16691,0.083264,1,0.2557899622905495,-0.2222812390099057,0.11774977395625363,-0.05676236218753439,1.7566236109794389,-0.16636640980322204,False,293
622,False,False,38539.232387527845,-1279817.0548726823,-0.9707672100782259,0.25083639060995555,0.954997716516224,-0.27663092255671284,0.015955073003610876,176,0.4160631994733377,887,115399.13201095561,176794.20027500446,-61395.06826404885,887,0.555611,0.188938,0.36667299999999997,0.075929,0.102673,0.062298,3,0.015955073003610876,-0.24656862264967816,0.7622303514009181,-0.11590884309235616,1.152612610122668,-0.2766309225567124,False,294
743,False,False,38516.62188376175,-1279839.6653764483,-0.9707843606042139,0.25071461600183365,1.1148252126337947,-0.22228123900990548,0.1285834784415918,180,0.32323897300855825,1028,130483.64846087474,176908.45755331338,-46424.809092438634,1028,0.599804,0.227335,0.372469,0.073147,0.1847,0.079388,1,0.14699930453879895,-0.22228123900990548,0.1285834784415918,-0.06637494953062506,1.9754410291157383,-0.13199455323065168,False,295
649,False,False,37745.86041630918,-1280610.426843901,-0.9713689988199229,0.2465273858158319,1.1205792523755809,-0.19514209474618882,0.12941995882484725,176,0.3067807768268598,1053,145009.01072399673,201779.1148548941,-56770.10413089738,1053,0.665721,0.142936,0.522785,0.005186,0.188501,0.204363,1,0.2777737706720096,-0.19514209474618882,0.12941995882484725,-0.04672709207103998,1.6155311843230082,-0.15576418391408775,False,296
697,False,False,37416.79177028861,-1280939.4954899214,-0.9716186040663957,0.244717936720533,0.9374453450950662,-0.3418193907356777,0.13542776738980433,151,0.36537195523370636,964,117704.5663591853,169720.83820132588,-52016.27184214059,964,0.668816,0.224004,0.444812,0.038335,0.02133,0.696956,2,0.13542776738980433,-0.3418193907356777,0.18201764011686716,-0.060053841375025896,1.78793778718927,-0.23822138216107558,False,297
246,False,False,37167.59074396749,-1281188.6965162426,-0.9718076281024087,0.2433388024622707,1.0406105210205108,-0.28212448663198575,0.1704460507234713,210,0.37722185648452927,946,137753.3238585518,195475.96452796023,-57722.64066940843,946,0.594619,0.168203,0.426416,0.000989,0.153451,0.42711,2,0.26804645590178056,-0.2192112680146222,0.1704460507234713,-0.07516982959901486,1.5042509388544927,-0.28212448663198586,False,298
635,False,False,36951.06498153317,-1281405.222278677,-0.9719718672876174,0.2421342240791513,1.1294935495080192,-0.18329452764160148,0.22296839454397888,280,0.42132982225148125,879,148379.32806739007,215840.45373732812,-67461.12566993805,879,0.500094,0.129211,0.3708830000000001,0.021333,0.213111,0.072798,1,0.4349443876814685,-0.16831161490691104,0.22296839454397888,-0.09497620668173234,1.1056038027823312,-0.1832945276416018,False,299
528,False,False,36881.3708463607,-1281474.9164138495,-0.972024731703592,0.2417452484002609,1.0227958084129694,-0.22558960952233287,0.03630946971408666,214,0.3759052007899934,948,112840.07559016904,157690.80393223054,-44850.7283420615,948,0.602357,0.186571,0.41578600000000004,0.04254,0.184893,0.023928,1,0.03630946971408666,-0.22558960952233287,0.11968083677395014,-0.05695482038745503,2.1785082493715096,-0.16480869154369338,False,300
260,False,False,36754.88116626585,-1281601.4060939443,-0.9721206766930589,0.241037717587129,0.9189129044613015,-0.3220825666813901,-0.10569196291711502,226,0.500329163923634,759,98607.0748626813,159282.61584558725,-60675.54098290595,759,0.475729,0.128559,0.34717,0.080107,0.119251,0.502018,3,-0.10569196291711502,-0.3220825666813901,0.8316514491150575,-0.11590884309235638,1.2438047099879355,-0.2766309225567124,False,301
726,False,False,36516.65056465795,-1281839.6366955522,-0.9723013794392816,0.23969962145406964,0.8408821936483339,-0.34329045747313025,-0.04292430228526578,175,0.3996050032916392,912,99659.65119667728,152783.5224460975,-53123.871249420205,912,0.656645,0.270733,0.38591200000000003,0.076634,0.004784,0.663081,1,0.20053129588552854,-0.34329045747313025,-0.04292430228526578,-0.10444360045575374,2.1781263649409435,-0.24989182481167793,False,302
564,False,False,36446.8670245026,-1281909.4202357074,-0.9723543116707503,0.2393062818366405,1.0301564751176355,-0.3031985295238564,-0.017687621963582423,167,0.337063857801185,1007,118732.95381883724,164206.28251639113,-45473.328697553894,1007,0.647864,0.281011,0.366853,0.036171,0.14884,0.108808,1,-0.017687621963582423,-0.3031985295238564,0.2290496855569124,-0.03968209648604004,2.0188472975951415,-0.12769255525278778,False,303
669,False,False,36158.634882708,-1282197.652377502,-0.9725729415999886,0.23767495650676818,0.9801798861877934,-0.29097322667191816,0.16488416246184157,288,0.48518762343647137,782,115308.45464729803,170628.71644676503,-55320.261799467,782,0.479052,0.126597,0.35245499999999996,0.004474,0.152948,0.555053,2,0.2224570203621865,-0.21921126801462243,0.16488416246184157,-0.10614645293754255,1.5391928486022715,-0.29097322667191805,False,304
897,False,False,36149.15996839175,-1282207.1272918184,-0.9725801285147914,0.23762114686490565,0.9227501852523073,-0.3628115944076141,0.021202295758223855,291,0.5069124423963134,749,105326.1325574445,166389.09292635618,-61062.96036891168,749,0.502723,0.21982,0.282903,0.063478,0.129951,0.285586,2,0.021202295758223855,-0.3628115944076141,0.5826006607095853,-0.11590884309235605,1.2367378373662707,-0.2964069213690401,False,305
211,False,False,35967.67558237543,-1282388.6116778348,-0.9727177881048203,0.23658818876767618,1.2754714917682184,-0.12008530720982336,0.15953117705262887,150,0.2521395655036208,1136,177841.2541691235,243358.80253855124,-65517.548369427735,1136,0.596087,0.25565,0.34043700000000005,0.033268,0.199215,0.583817,2,0.4198844084105009,-0.12008530720982336,0.15953117705262887,-0.05494785471457364,1.1846252644067632,-0.1028320978021211,False,306
629,False,False,35966.03635050909,-1282390.250909701,-0.9727190314954592,0.23657883892869935,1.012273424740133,-0.23653543243364394,0.114265477262941,207,0.39631336405529954,917,123021.67045935131,174307.76308330477,-51286.09262395346,917,0.519401,0.258592,0.260809,0.087806,0.152112,0.462989,2,0.18019732933319066,-0.21921126801462232,0.114265477262941,-0.09559927642321375,1.7349492765472765,-0.23653543243364406,False,307
230,False,False,35914.792518931106,-1282441.494741279,-0.9727579009817076,0.23628637534143082,1.1768869553078762,-0.16831161490691104,0.18270280284216311,196,0.3140223831468071,1042,157045.57793081284,220876.91819406854,-63831.3402632557,1042,0.583208,0.19523,0.38797799999999993,0.047335,0.213639,0.352774,1,0.3707305073837326,-0.16831161490691104,0.18270280284216311,-0.05633649822044873,1.215366872205975,-0.16595520600197855,False,308
462,False,False,35776.8680169981,-1282579.419243212,-0.972862519515609,0.2354974669754073,0.8433081222887253,-0.42045659029601146,-0.13644043868725442,176,0.4720210664911126,802,83160.57199714395,128139.22511863009,-44978.65312148613,802,0.624166,0.106331,0.517835,0.065516,0.047703,0.174629,2,-0.13644043868725442,-0.42045659029601146,0.2810482676155621,-0.15502901353965182,2.2340336045069313,-0.2536328510085639,False,309
866,False,False,35707.98379197071,-1282648.3034682395,-0.9729147695983014,0.2351025088198555,1.0453594400570025,-0.2193868601650274,0.028837220010681452,137,0.27781435154707046,1097,147303.81781831032,207442.67099695926,-60138.85317864895,1097,0.691017,0.19883,0.492187,0.034088,0.099398,0.39084,1,0.33908671068073026,-0.2193868601650274,0.028837220010681452,0.0,1.591850584830666,-0.17555316385291253,False,310
66,False,False,35101.608548223405,-1283254.6787119866,-0.9733747175271026,0.23159806667696525,0.9228422316353132,-0.2766309225567126,0.0520805719197448,180,0.4121132323897301,893,114771.79001506051,175323.06347935428,-60551.27346429377,893,0.586609,0.09072,0.495889,0.029441,0.095494,0.711741,3,0.0520805719197448,-0.20222826412385653,0.7329524712855586,-0.11590884309235638,0.9252687698237976,-0.2766309225567125,False,311
25,False,False,35039.0722488773,-1283317.2150113329,-0.9734221525793342,0.23123378289139462,0.9114945603624434,-0.3628115944076139,0.03782378346137061,270,0.4825543120473996,786,109522.18627047782,170743.79125232663,-61221.60498184881,786,0.549158,0.225683,0.32347500000000007,0.024867,0.128244,0.411421,2,0.03782378346137061,-0.3628115944076139,0.5861751660994536,-0.11590884309235638,1.1285204812061385,-0.2876259944972983,False,312
483,False,False,34808.24482484058,-1283548.0424353695,-0.9735972398651213,0.22988446443479815,1.00588167924461,-0.3204079654100942,0.06015044158743321,152,0.3396971691902567,1003,127365.25087740495,178908.3388873605,-51543.08800995555,1003,0.569815,0.282347,0.28746799999999995,0.093501,0.136473,0.721519,2,0.06015044158743321,-0.3204079654100942,0.3156957585301541,-0.06809787626962138,1.4955090644816336,-0.19057038530739245,False,313
547,False,False,34700.61833979556,-1283655.6689204145,-0.9736788767383133,0.22925277321272564,1.0455764706584618,-0.19584106630229414,0.15349724999514702,250,0.37722185648452927,946,132303.70198086093,189639.59327289116,-57335.891292030225,946,0.598655,0.203867,0.39478800000000003,0.004068,0.200968,0.171252,1,0.15349724999514702,-0.19584106630229414,0.3059644267592736,-0.06598177359769586,1.3035057616446335,-0.148126699720468,False,314
73,False,False,34459.99598199032,-1283896.2912782198,-0.9738613936801526,0.2278345578044565,0.8870319999977029,-0.30691169155917475,-0.07079670565957097,210,0.47136273864384465,803,102463.69440466537,163573.29574525883,-61109.601340593465,803,0.531691,0.256791,0.27490000000000003,0.042396,0.117539,0.249656,3,-0.07079670565957097,-0.30691169155917475,0.7079261082401798,-0.11590884309235638,1.1713778543423365,-0.27663092255671295,False,315
728,False,False,34390.69001906232,-1283965.597241148,-0.9739139636596018,0.22742454013880908,1.188490372167898,-0.17726934818063445,0.2417016979702764,212,0.3120473996050033,1045,154150.06945748892,217256.99034973068,-63106.92089224176,1045,0.586002,0.273755,0.312247,0.023326,0.222865,0.289143,1,0.2417016979702764,-0.16831161490691104,0.30462374099605105,-0.05955331524025931,1.1229430173895198,-0.17726934818063445,False,316
983,False,False,34335.09344574937,-1284021.1938144607,-0.9739561347887952,0.22709512943947097,0.8944219505525419,-0.362811594407614,0.008429814332373775,283,0.49440421329822254,768,105971.69572560204,167953.58664887666,-61981.89092327462,768,0.540745,0.199038,0.34170700000000004,0.022797,0.133267,0.379413,2,0.008429814332373775,-0.362811594407614,0.6108994823710989,-0.11590884309235605,1.113606396423278,-0.2964069213690401,False,317
861,False,False,34315.298187289656,-1284040.9890729205,-0.9739711498940827,0.22697773476677008,0.88791659704299,-0.27663092255671273,0.032533575012477556,193,0.44634628044766295,841,109160.84477514103,172738.50208561018,-63577.65731046915,841,0.560103,0.176015,0.384088,0.031087,0.113875,0.081263,3,0.032533575012477556,-0.2520057997496423,0.5621165364800347,-0.14281577296729464,1.1275029193956736,-0.2766309225567126,False,318
94,False,False,34311.836296565176,-1284044.450963645,-0.9739737758084565,0.22695719841474848,0.9469491668028998,-0.36281159440761435,0.034484747108644465,199,0.3870967741935484,931,123547.71466003775,182738.78223377233,-59191.06757373459,931,0.585424,0.095877,0.48954700000000007,0.044492,0.128627,0.078117,2,0.034484747108644465,-0.36281159440761435,0.4670036281734746,-0.09312385149645686,1.2609381481576523,-0.2766309225567125,False,319
407,False,False,34271.99621557783,-1284084.2910446322,-0.9740039953184421,0.2267207377889746,1.1094369443884522,-0.17726934818063467,0.22183081068608312,227,0.3620803159973667,969,141862.70445376608,203774.3431727943,-61911.63871902821,969,0.513424,0.072834,0.44059,0.097056,0.217573,0.119252,1,0.22183081068608312,-0.17336273103781075,0.2659266730796297,-0.07387762084882721,1.2157450011745334,-0.1772693481806349,False,320
707,False,False,34187.501647306024,-1284168.785612904,-0.9740680861632981,0.22621848211639328,1.0009586126261194,-0.22228123900990593,0.12998232942464116,196,0.3495720868992758,988,122318.12259559911,172346.37495719906,-50028.25236159995,988,0.655385,0.153533,0.501852,0.002046,0.178303,0.063913,1,0.12998232942464116,-0.22228123900990593,0.14835811155489553,-0.07530061922918485,1.634622340233352,-0.1674993250338297,False,321
871,False,False,33749.122149503506,-1284607.1651107066,-0.9744006059093172,0.2235959061046342,0.9177677835291909,-0.3349652787494123,0.1329496104831902,250,0.46148782093482554,818,109824.24091711086,163137.19892770844,-53312.95801059758,818,0.547469,0.15011,0.397359,0.03009,0.137669,0.68139,2,0.1329496104831902,-0.3204079654100944,0.3371461468720436,-0.11590884309235605,1.227783634275259,-0.2876259944972982,False,322
677,False,False,33584.66823767842,-1284771.6190225317,-0.9745253475390377,0.22260473911687084,1.1127751943191901,-0.17726934818063445,0.23210279791204091,198,0.32587228439763,1024,144407.68469230176,205005.38129062316,-60597.6965983214,1024,0.566012,0.118512,0.44749999999999995,0.05846,0.21426,0.634525,1,0.23210279791204091,-0.17336273103781075,0.2638084274152528,-0.056336498220448505,1.1568148830680536,-0.17726934818063467,False,323
920,False,False,33576.85133248689,-1284779.4359277233,-0.97453127682027,0.22255752577036314,1.1092308642465085,-0.23297246893807855,0.04409378295967992,112,0.23107307439104674,1168,153899.2674312317,208946.58292793218,-55047.31549670047,1168,0.680067,0.167005,0.513062,0.043682,0.171242,0.197141,1,0.35186487310650194,-0.22228123900990582,0.04409378295967992,0.0,1.3788506373577945,-0.1756000638811539,False,324
773,False,False,33310.47721158501,-1285045.810048625,-0.9747333269970515,0.22094314624394706,1.0325554213330501,-0.2569363490801121,0.14203534968283393,142,0.29624753127057274,1069,140396.6806619204,194915.24110630056,-54518.56044438016,1069,0.656902,0.255432,0.40147,0.003235,0.150284,0.328995,2,0.14203534968283393,-0.2569363490801121,0.21617453267326603,-0.028868382214378596,1.398310466455004,-0.19126007938749,False,325
680,False,False,32966.84156800439,-1285389.4456922058,-0.9749939816068116,0.21884453565662598,0.9772491944870428,-0.19584106630229448,0.08816252925514867,198,0.3607636603028308,971,116752.39608522801,165880.06577127508,-49127.66968604707,971,0.574791,0.113648,0.4611430000000001,0.077835,0.189128,0.685383,1,0.11567773544258397,-0.19584106630229448,0.08816252925514867,-0.07463652549233679,1.7154687402734483,-0.15449507124938344,False,326
131,False,False,32948.52300687504,-1285407.764253335,-0.9750078766072044,0.21873215132553203,0.9822345378780099,-0.19514209474618882,0.13711957951748022,280,0.423963133640553,875,119941.1065188413,175117.97829153188,-55176.871772690574,875,0.556724,0.21827,0.33845400000000003,0.006155,0.202019,0.357012,1,0.13711957951748022,-0.19514209474618882,0.2566788376776017,-0.09497620668173234,1.3057144002192684,-0.16553117886285218,False,327
297,False,False,32936.7475372386,-1285419.5397229716,-0.9750168085399075,0.21865988132433412,1.130153480719585,-0.194385009562271,0.07722907855271499,220,0.3390388413429888,1004,131834.4361118167,184132.75386187938,-52298.31775006268,1004,0.521186,0.177388,0.34379800000000005,0.084465,0.23206,0.050873,1,0.07722907855271499,-0.194385009562271,0.22268260427669317,-0.09643888967603187,1.5006845413938024,-0.17038408679140649,False,328
396,False,False,32871.26627909898,-1285485.020981111,-0.9750664774031521,0.21825760732527266,1.0459656620596613,-0.1832945276416018,0.2081681368948658,269,0.4048716260697828,904,138787.62827903754,203947.51417509955,-65159.88589606201,904,0.517661,0.166668,0.350993,0.030869,0.212925,0.372476,1,0.33590618669899164,-0.16831161490691104,0.2081681368948658,-0.09497620668173234,1.0366344960774132,-0.1832945276416018,False,329
139,False,False,32524.906843948807,-1285831.3804162613,-0.9753291980640972,0.2161186156153272,0.9032524289848054,-0.2917049657733084,0.03976797094307516,275,0.47531270572745227,797,102262.74002633826,151565.30493275166,-49302.564906413405,797,0.493838,0.098687,0.39515100000000003,0.042039,0.148034,0.705453,2,0.03976797094307516,-0.28642204932928816,0.30455948647566267,-0.11590884309235605,1.3978153652476495,-0.2917049657733086,False,330
811,False,False,32478.192391296136,-1285878.094868914,-0.9753646319245066,0.21582867156726704,0.9847008109335615,-0.25693634908011165,0.050696900300776004,152,0.3238973008558262,1027,124819.37705437682,174877.3732582775,-50057.99620390069,1027,0.597748,0.287028,0.31071999999999994,0.059173,0.145567,0.471253,2,0.050696900300776004,-0.25693634908011165,0.24452189507719724,-0.028868382214378596,1.4837727466970771,-0.19126007938749,False,331
958,False,False,32446.879061967495,-1285909.4081982425,-0.9753883837203081,0.21563412335803878,0.8994011938843186,-0.362811594407614,-0.019588312618398995,155,0.3396971691902567,1003,129919.23658717149,192948.21190726967,-63028.97532009818,1003,0.633364,0.212526,0.42083800000000005,0.042732,0.11728,0.305113,2,-0.019588312618398995,-0.362811594407614,0.3811719679529384,-0.0680978762696216,1.3961648598582053,-0.2536328510085637,False,332
943,False,False,32410.496154009186,-1285945.791106201,-0.9754159808943876,0.2154078813154625,0.8897101687753339,-0.33094625376513087,0.013444532549340416,270,0.4641211323238973,814,103213.9761644353,152316.93675297042,-49102.96058853512,814,0.531123,0.28941,0.241713,0.021871,0.145439,0.353316,2,0.013444532549340416,-0.33094625376513087,0.21342632632933434,-0.11590884309235638,1.6355562052167105,-0.2964069213690399,False,333
80,False,False,32177.13755760807,-1286179.149702602,-0.9755929881257834,0.2139517154735182,1.1507622787725402,-0.20025149050867785,0.14652672385126042,162,0.2633311389071758,1119,176912.39251119367,247056.5762498047,-70144.18373861103,1119,0.591517,0.200924,0.39059299999999997,0.017657,0.199617,0.242524,2,0.5350095951485943,-0.11768655891042967,0.14652672385126042,-0.05797720868382683,0.8283196657372927,-0.20025149050867785,False,334
787,False,False,32164.489943791978,-1286191.7973164183,-0.9756025815975469,0.213872542569836,0.8617030664700349,-0.3390730939464469,-0.02185594319230788,155,0.34430546412113233,996,106506.95398185142,154454.8677237905,-47947.913741939075,996,0.685097,0.126102,0.5589949999999999,0.020849,0.028155,0.590665,2,-0.02185594319230788,-0.3390730939464469,0.1705548053944299,-0.060053841375025785,1.8091963545979204,-0.23822138216107536,False,335
403,False,False,32063.988522144507,-1286292.2987380656,-0.9756788139655483,0.21324248817890634,1.0320462668809813,-0.1832945276416018,0.24135398852020828,262,0.3976300197498354,915,134774.29546386717,197291.34749497386,-62517.052031106694,915,0.533275,0.281616,0.2516590000000001,0.018351,0.219268,0.199322,1,0.24835459646735747,-0.17336273103781075,0.24135398852020828,-0.09497620668173234,1.0691116964044634,-0.1832945276416017,False,336
585,False,False,32059.576915982914,-1286296.7103442273,-0.9756821602583557,0.21321479361761875,0.8914938566205467,-0.32040796541009464,0.09395181797545771,222,0.42001316655694537,881,115961.93410044683,175333.7449567269,-59371.81085628008,881,0.560785,0.169108,0.39167699999999994,0.05005,0.128757,0.639989,2,0.09395181797545771,-0.32040796541009464,0.34775526750285546,-0.09603083273955093,1.174445637620738,-0.27663092255671273,False,337
280,False,False,31896.98783619506,-1286459.299424015,-0.9758054873751291,0.21219189052622478,0.8704648359948177,-0.33094625376513065,0.027695285088413568,292,0.4990125082290981,761,99509.28085107655,150176.01204731702,-50666.73119624048,761,0.474966,0.054015,0.420951,0.027327,0.145068,0.337592,2,0.027695285088413568,-0.33094625376513065,0.231773052027074,-0.11590884309235638,1.5197335006122694,-0.2964069213690401,False,338
592,False,False,31825.752362646326,-1286530.5348975637,-0.9758595209275437,0.21174235331225377,1.1477720303657089,-0.16374821433766829,0.2048398714024482,132,0.25279789335088876,1135,151936.1989121059,208886.08962223935,-56949.89071013345,1135,0.604656,0.235751,0.368905,0.058689,0.179744,0.257352,2,0.23499163265431977,-0.16374821433766829,0.2048398714024482,-0.028868382214378485,1.1388746486461305,-0.08928241900730416,False,339
909,False,False,31788.796500002325,-1286567.4907602079,-0.9758875526993804,0.21150880962273244,0.7792009834485453,-0.39663539721823804,-0.13789041903461674,186,0.4772876892692561,794,75412.62048777849,118300.9800476354,-42888.35955985691,794,0.628039,0.075639,0.5524,0.058999,0.037628,0.585189,2,-0.13789041903461674,-0.39663539721823804,0.14016337506464938,-0.1814707785556927,2.2340336045069313,-0.2536328510085639,False,340
601,False,False,31696.230237814092,-1286660.057022396,-0.9759577660878875,0.21092283876384466,0.9898886108643675,-0.2232367550514457,0.10554766738301469,276,0.4206714944042133,880,128157.35581821275,185097.10274266457,-56939.74692445183,880,0.452614,0.065717,0.38689700000000005,0.02405,0.174234,0.529548,2,0.29380340632771307,-0.16374821433766829,0.10554766738301469,-0.11497896911862915,1.2159596598125906,-0.2232367550514459,False,341
438,False,False,31536.250639584432,-1286820.0366206258,-0.9760791138599395,0.20990674855348024,1.1519509626412194,-0.16831161490691104,0.12305394760040889,173,0.260697827518104,1123,143547.7742672704,197738.5507373888,-54190.776470118406,1123,0.590631,0.089767,0.500864,0.047643,0.234773,0.28083,1,0.12305394760040889,-0.16831161490691104,0.20554615370449447,-0.06349983811607818,1.329300919099706,-0.16595520600197855,False,342
490,False,False,31467.647732626312,-1286888.6395275837,-0.9761311505571669,0.20946970825867317,0.8829902885895125,-0.2439885510591503,0.018770144726031557,133,0.2922975641869651,1075,140700.10994842654,205040.2942849868,-64340.184336560254,1075,0.7228,0.211132,0.511668,0.014068,0.060874,0.495567,1,0.504847374959726,-0.2439885510591503,0.018770144726031557,0.0,1.0525588381971271,-0.21849934996480103,False,343
133,False,False,31377.68778442211,-1286978.599475788,-0.976199387003622,0.20889540527554806,1.131230125955957,-0.16752842263907086,0.1632351334265869,157,0.2587228439763002,1126,169935.66992060142,237348.3675600417,-67412.69763944027,1126,0.608605,0.11148,0.49712499999999993,0.012397,0.198496,0.546736,2,0.4383623322433585,-0.12008530720982336,0.1632351334265869,-0.05797720868382694,0.8753620584801687,-0.16752842263907086,False,344
183,False,False,31217.556606430517,-1287138.7306537796,-0.9763208497519996,0.20786972337178677,1.137601713544352,-0.2236010235305308,0.05012138283199152,238,0.3127057274522712,1044,138290.0570712673,193721.917997138,-55431.860925870686,1044,0.575313,0.185186,0.390127,0.002741,0.253377,0.272836,1,0.05012138283199152,-0.2236010235305308,0.3344326486187683,-0.06651061283129156,1.227730993795117,-0.09353218177309885,False,345
445,False,False,31051.733915777346,-1287304.5533444327,-0.9764466296282406,0.20680295023018846,1.1976018451096981,-0.18948462262589483,0.06383908626584534,177,0.26135615536537193,1122,147070.21885048045,202720.06634885675,-55649.8474983763,1122,0.579753,0.100049,0.47970399999999996,0.04111,0.252879,0.548569,1,0.06383908626584534,-0.18948462262589483,0.29669269753674765,-0.07386362483582987,1.250986282106059,-0.08169382534333758,False,346
502,False,False,31027.98403411286,-1287328.3032260973,-0.9764646443954883,0.2066497733222732,0.8920215304369571,-0.2917049657733086,0.055039493012719376,273,0.4621461487820935,817,105000.90701090448,154956.49449243298,-49955.58748152849,817,0.523023,0.279972,0.24305100000000002,0.001692,0.149775,0.69578,2,0.055039493012719376,-0.2864220493292884,0.23221118081426706,-0.07516982959901486,1.3867102451708266,-0.2917049657733086,False,347
903,False,False,31013.459043224353,-1287342.8282169858,-0.9764756618958627,0.20655604494111968,0.9817671700041055,-0.19584106630229425,0.13126488365825195,244,0.37919684002633314,943,124035.60360973743,178902.82363232545,-54867.22002258802,943,0.577401,0.179703,0.39769800000000005,0.028327,0.198159,0.745477,1,0.13126488365825195,-0.19584106630229425,0.28875012470198946,-0.06598177359769608,1.1272433807006284,-0.14971553162187234,False,348
652,False,False,30622.892380703142,-1287733.394879507,-0.9767719146359568,0.20402192100979422,1.1028141471478512,-0.16374821433766829,0.21471887690926983,150,0.2672811059907834,1113,150022.74432550906,206548.71605182436,-56525.9717263153,1113,0.638456,0.25178,0.386676,0.006445,0.175554,0.165367,2,0.21471887690926983,-0.16374821433766829,0.21949322474053456,-0.05494785471457331,1.0672406473256122,-0.12793543816016117,False,349
846,False,False,30605.885906755117,-1287750.401353455,-0.9767848143915938,0.20391096627485283,0.769029420163796,-0.3869504861792852,-0.1281772535158079,167,0.41803818301514156,884,100624.01341790475,159353.07515988091,-58729.06174197617,884,0.647012,0.249164,0.39784800000000003,0.020955,0.062248,0.137262,3,-0.1281772535158079,-0.3869504861792852,0.6240122169101219,-0.15502901353965148,1.1616604020323358,-0.2030294332391671,False,350
879,False,False,30541.852233118534,-1287814.4350270915,-0.976833385232614,0.20349273176428007,0.9839977220887401,-0.22323675505144558,0.14695881714012127,250,0.3838051349572087,936,128619.27186534097,184498.75152785564,-55879.47966251467,936,0.488425,0.167627,0.320798,0.064004,0.181837,0.384131,2,0.2167851359165558,-0.1810419231832331,0.14695881714012127,-0.09539510863516931,1.1884349979097482,-0.2232367550514458,False,351
395,False,False,30529.002339113962,-1287827.2849210962,-0.9768431321380058,0.20340871486891587,0.9151211254853254,-0.19584106630229414,0.057810032004694145,296,0.45358788676761025,830,108366.73940028032,160728.8195807867,-52362.08018050637,830,0.5053,0.085329,0.419971,0.035874,0.199074,0.073975,1,0.057810032004694145,-0.19584106630229414,0.20909417835513588,-0.09497620668173234,1.3869581277074556,-0.14985090562179304,False,352
498,False,False,30403.60330566403,-1287952.6839545462,-0.9769382498498578,0.2025872619089073,1.059742236863083,-0.16831161490691104,0.21417040807697196,186,0.2843976300197498,1087,151492.68480870084,215259.44595201244,-63766.761143311596,1087,0.63327,0.162348,0.470922,0.006093,0.214728,0.442454,1,0.27626007233925365,-0.16831161490691104,0.21417040807697196,-0.0597482861127554,0.9620326529791601,-0.16595520600197855,False,353
459,False,False,30301.758767172032,-1288054.5284930381,-0.9770155009992445,0.201918025453518,1.0305081878898188,-0.19514209474618882,0.1288138016004574,159,0.27978933508887427,1094,133026.95604150646,185481.18189682838,-52454.225855321914,1094,0.589351,0.165492,0.423859,0.084077,0.204983,0.526622,1,0.1559285229026799,-0.19514209474618882,0.1288138016004574,-0.06637494953062495,1.3222798050190274,-0.10928386879994711,False,354
388,False,False,30283.372384065682,-1288072.9148761444,-0.9770294474439833,0.20179700577029624,0.9205765649519724,-0.1951420947461885,0.05189777282135699,280,0.44042132982225146,850,108564.60892965531,159941.3698676515,-51376.76093799618,850,0.494579,0.12398,0.370599,0.045674,0.208504,0.498593,1,0.05189777282135699,-0.1951420947461885,0.19111068501017714,-0.09497620668173234,1.4170107434153278,-0.15769183056405534,False,355
325,False,False,30268.11158659034,-1288088.1756736198,-0.9770410230685871,0.20169651222477802,0.8781496388119517,-0.3086607066395891,0.025099854994045323,238,0.42132982225148125,879,108880.83718063828,158369.8546565228,-49489.017475884524,879,0.516053,0.151769,0.364284,0.06728,0.151821,0.438737,2,0.13510793466906335,-0.262136552314735,0.025099854994045323,-0.12029390760870307,1.6012494103915311,-0.28212448663198586,False,356
331,False,False,30229.006566441527,-1288127.2806937685,-0.9770706850200085,0.2014388095777273,1.193611174612139,-0.20430810983188186,0.08439023444788174,178,0.25411454904542463,1133,149544.5563556309,207967.411059914,-58422.85470428312,1133,0.597042,0.218905,0.37813699999999995,0.021615,0.267227,0.334786,1,0.08439023444788174,-0.20430810983188186,0.31451188569707944,-0.07386362483582987,1.1206732573730118,-0.09983206161561053,False,357
147,False,False,30142.612487530885,-1288213.6747726793,-0.9771362166822348,0.2008684841027093,0.9535620198282014,-0.1951420947461886,0.04780786034268547,204,0.3508887425938117,986,117004.21927250079,166755.48846453286,-49751.269192032065,986,0.550382,0.13567,0.414712,0.078239,0.206226,0.463943,1,0.04780786034268547,-0.1951420947461886,0.17120159205705554,-0.07399035379888019,1.4562218145606591,-0.16595520600197855,False,358
240,False,False,30005.98285743934,-1288350.3044027707,-0.9772398530295651,0.1999637421932725,1.0619297638618397,-0.23200960065289822,0.06314269857726829,140,0.2633311389071758,1119,136787.096716835,187263.96031999032,-50476.86360315533,1119,0.619138,0.172756,0.44638199999999995,0.038178,0.171445,0.106548,2,0.06314269857726829,-0.23200960065289822,0.24452189507719724,-0.028868382214378596,1.2678470141258713,-0.10715516662450653,False,359
112,False,False,29749.154793258127,-1288607.132466952,-0.9774346623285861,0.19825372232634164,0.854725480453161,-0.2769685013890876,0.1276697172914698,214,0.45358788676761025,830,110293.17298124095,173914.2695596262,-63621.09657838526,830,0.462358,0.19575,0.26660799999999996,0.05427,0.133078,0.737897,3,0.1276697172914698,-0.2769685013890876,0.46536292861739725,-0.11590884309235616,0.800310909109555,-0.2766309225567126,False,360
268,False,False,29738.63626983148,-1288617.6509903786,-0.9774426408420792,0.19818342549487888,1.135224922731403,-0.20430810983188186,0.0801931958330453,213,0.2916392363396972,1076,145603.09588720734,205945.61150149332,-60342.51561428598,1076,0.568297,0.289796,0.27850100000000005,0.017976,0.273817,0.407277,1,0.0801931958330453,-0.20430810983188186,0.36425296337753976,-0.059553315240258975,1.0180164680683168,-0.1310419008135304,False,361
998,False,False,29618.041525928562,-1288738.2457342816,-0.9775341144028066,0.1973759876731367,1.0590026032752569,-0.19717615322453608,0.1821332641799327,188,0.3390388413429888,1004,129021.22527105152,182685.51019439596,-53664.28492334444,1004,0.450352,0.154166,0.29618599999999995,0.005333,0.17359,0.707218,3,0.1821332641799327,-0.19717615322453608,0.21786831131357243,-0.06457407901977641,1.057261833815244,-0.11936460165773433,False,362
175,False,False,29604.095521284416,-1288752.1917389256,-0.977544692730364,0.19728243588796035,1.0099983461820432,-0.2132695250446982,0.03006740978813549,112,0.24621461487820934,1145,154708.2905010318,217166.86375386326,-62458.57325283147,1145,0.635094,0.055418,0.5796760000000001,0.04698,0.153667,0.322605,2,0.35513580288537927,-0.2132695250446982,0.03006740978813549,-0.03256349970031558,1.1208176570911146,-0.1312831420609376,False,363
313,False,False,29444.990973574426,-1288911.2962866358,-0.9776653767588376,0.19621252965573044,0.973141719980432,-0.22323675505144602,0.12101459921219959,240,0.37327188940092165,952,136967.16607178867,198854.0782152436,-61886.912143454916,952,0.479104,0.223754,0.25534999999999997,0.078909,0.19176,0.110048,2,0.3581255704687851,-0.16546052902766317,0.12101459921219959,-0.09539510863516898,0.9340167492112206,-0.22323675505144547,False,364
869,False,False,29386.45629394835,-1288969.8309662617,-0.9777097765012985,0.19581769680186256,0.9153273181892532,-0.21938686016502773,0.018770144726031557,110,0.2633311389071758,1119,139154.70033704728,198836.9134872316,-59682.21315018431,1119,0.674078,0.130732,0.543346,0.064855,0.100726,0.312028,1,0.3424111325286363,-0.21938686016502773,0.018770144726031557,0.0,1.148747890312194,-0.1614426925629685,False,365
182,False,False,29334.235745799462,-1289022.0515144106,-0.9777493868468884,0.19546490048500909,1.092013155599702,-0.20430810983188186,0.04172300122464634,231,0.3219223173140224,1030,134743.00113956074,191750.37525820892,-57007.37411864818,1030,0.482771,0.076309,0.406462,0.099452,0.268963,0.27582,1,0.04172300122464634,-0.20430810983188186,0.3243733870936514,-0.07516199458901995,1.1262389972487359,-0.1624593558530032,False,366
627,False,False,29278.93916712073,-1289077.3480930894,-0.9777913304240633,0.19509075133277043,1.027631703910916,-0.18921150788273589,0.08569852911894515,235,0.33311389071757735,1013,128963.67526704594,183672.12320508296,-54708.44793803702,1013,0.534222,0.09393,0.44029199999999996,0.048707,0.24295,0.599259,1,0.08569852911894515,-0.18921150788273589,0.26144125511113536,-0.09643888967603187,1.1378589954387772,-0.18242325442107798,False,367
960,False,False,29243.58613572867,-1289112.7011244814,-0.9778181464158658,0.19485123574749652,0.9345763398157788,-0.19584106630229414,0.07269971958886257,214,0.33508887425938116,1010,126142.68873895725,180637.77375275965,-54495.085013802396,1010,0.634474,0.221598,0.412876,0.001186,0.196052,0.32757,1,0.07269971958886257,-0.19584106630229414,0.22445704023561586,-0.0541844758542297,1.2264293029669067,-0.16407865768193797,False,368
376,False,False,29207.65760117679,-1289148.6296590334,-0.9778453989384951,0.19460757357309166,0.8255972878569217,-0.362811594407614,-0.04131316798931095,154,0.3469387755102041,992,120733.31779118154,181700.9024682238,-60967.58467704225,992,0.62624,0.184807,0.441433,0.049362,0.114724,0.291025,2,-0.04131316798931095,-0.362811594407614,0.3811719679529384,-0.0680978762696216,1.2058308747452968,-0.2536328510085638,False,369
976,False,False,29130.72987027539,-1289225.5573899348,-0.9779037501836363,0.19408501885138052,0.9644175724393569,-0.22323675505144558,0.12022288550231242,247,0.3706385780118499,956,136120.25373405367,197662.16071547414,-61541.90698142047,956,0.512402,0.259534,0.25286800000000004,0.028298,0.192225,0.597717,2,0.3437264787096901,-0.16546052902766317,0.12022288550231242,-0.08448579848358961,0.9352454274691302,-0.22323675505144547,False,370
760,False,False,29101.930669326033,-1289254.356590884,-0.9779255949620377,0.1938890954907222,1.1051965341832517,-0.14020546327186167,0.1678225006794687,144,0.260697827518104,1123,150190.86536827238,208958.50132759704,-58767.63595932466,1123,0.548925,0.114313,0.434612,0.090123,0.197183,0.403482,2,0.2676573627657213,-0.14020546327186167,0.1678225006794687,-0.0553666673212726,0.9658169703046708,-0.10283209780212099,False,371
169,False,False,28988.11237023896,-1289368.1748899713,-0.9780119284518439,0.19311319409001837,0.9819182304728826,-0.18329452764160126,0.12473496209050339,260,0.38643844634628044,932,124223.55516675813,181413.4514213733,-57189.89625461516,932,0.479482,0.247135,0.23234700000000003,0.069934,0.22242,0.129395,1,0.12473496209050339,-0.17748440162447054,0.23285803326284293,-0.09497620668173234,1.0905312865603038,-0.1832945276416018,False,372
151,False,False,28977.04229599495,-1289379.2449642152,-0.9780203253278257,0.19303759367299378,1.0472972493343966,-0.14020546327186167,0.11616158464146698,152,0.26793943383805136,1112,150981.18134553125,211495.18487649466,-60514.00353096341,1112,0.562059,0.173185,0.38887399999999994,0.069395,0.194556,0.571531,2,0.3094584583347195,-0.14020546327186167,0.11616158464146698,-0.05494785471457331,0.9826007140352033,-0.13245356228237581,False,373
138,False,False,28974.08279999827,-1289382.2044602118,-0.9780225701656023,0.19301737842389488,0.9503156641195691,-0.2286542824244644,0.1494819974557806,184,0.32653061224489793,1023,132444.79859208642,187808.78725298558,-55363.988660899166,1023,0.587612,0.159334,0.42827800000000005,0.022816,0.161695,0.229053,2,0.1494819974557806,-0.2286542824244644,0.15613481750127844,-0.06106751565552704,1.1802135906559652,-0.16752842263907075,False,374
544,False,False,28958.27946988047,-1289398.0077903296,-0.9780345573122261,0.19290940241671262,0.9179534993242565,-0.2193868601650273,0.018770144726031557,112,0.2534562211981567,1134,142517.58596566456,203006.13238748687,-60488.546421822306,1134,0.68593,0.163239,0.522691,0.048292,0.106891,0.671946,1,0.352882358211388,-0.2193868601650273,0.018770144726031557,0.0,1.1010506019784394,-0.17555316385291286,False,375
440,False,False,28915.775211708224,-1289440.512048502,-0.9780667976546761,0.19261874867423812,1.0404172188144536,-0.19480925190331866,0.16088863429720401,184,0.3337722185648453,1012,131543.73004159573,186419.62291782076,-54875.89287622503,1012,0.473544,0.149143,0.32440100000000005,0.037954,0.170037,0.198133,3,0.22168443759564171,-0.19480925190331866,0.16088863429720401,-0.09373674535963505,1.0388498286246244,-0.1223779611080078,False,376
254,False,False,28905.096753999373,-1289451.1905062108,-0.9780748974815681,0.19254567095421748,1.1034790582977414,-0.18948462262589483,0.04518364299479383,220,0.31599736668861095,1039,131131.5882679798,184494.8275543704,-53363.2392863906,1039,0.498254,0.196701,0.30155299999999996,0.094871,0.257241,0.702838,1,0.04518364299479383,-0.18948462262589483,0.3360021300932221,-0.09643888967603209,1.0700206238705565,-0.09091023418888644,False,377
40,False,False,28868.737030059354,-1289487.5502301508,-0.9781024770700992,0.19229667523146676,0.9670476357301868,-0.2180458195561007,0.1615951179045405,245,0.3640552995391705,966,137207.4905595166,199021.52130609608,-61814.03074657949,966,0.52202,0.134799,0.38722100000000004,0.015053,0.192965,0.661487,2,0.3169628614233493,-0.16546052902766317,0.1615951179045405,-0.06914492366621328,0.8871198309108943,-0.21804581955610036,False,378
826,False,False,28669.74598293162,-1289686.5412772784,-0.9782534158178798,0.190929309140208,1.0428444043503486,-0.23865764325637573,0.14463779131987864,170,0.29098090849242925,1077,157260.87583177412,222678.6966852486,-65417.82085347449,1077,0.577132,0.209065,0.368067,0.029676,0.190206,0.673329,2,0.4334281988289126,-0.16374821433766829,0.14463779131987864,-0.08033695836563415,0.7473496640326782,-0.17899568412031563,False,379
828,False,False,28650.037926468733,-1289706.2493337414,-0.978268364778683,0.19079345488542754,1.0065992388111378,-0.17038408679140615,0.10032968556635513,224,0.33113890717577354,1016,128112.62051720769,182550.31602724953,-54437.69551004184,1016,0.558154,0.116189,0.44196500000000005,0.037376,0.228597,0.521722,1,0.10032968556635513,-0.16881982797717332,0.2210700723872101,-0.09643888967603187,1.1323661721108484,-0.17038408679140638,False,380
865,False,False,28603.743644245587,-1289752.5436159645,-0.9783034799312942,0.19047402597636265,0.7863059403887034,-0.3603087770502158,-0.04292430228526578,140,0.30809743252139565,1051,115544.89405647072,170957.56469998433,-55412.670643513615,1051,0.648284,0.050033,0.598251,0.099898,0.023841,0.657079,1,0.1632082179106109,-0.3603087770502158,-0.04292430228526578,-0.10444360045575374,1.5693254969606238,-0.1827862973567429,False,381
60,False,False,28573.26425504159,-1289783.0230051687,-0.9783265991665864,0.19026348377651958,0.8434727600466976,-0.32208256668139,-0.06265168895838436,206,0.423963133640553,875,102672.31594498524,153708.51993814288,-51036.203993157644,875,0.51496,0.137869,0.37709099999999995,0.015724,0.13926,0.025881,3,-0.06265168895838436,-0.32208256668139,0.4501071293774743,-0.11590884309235627,1.102126120963368,-0.19758080259184352,False,382
929,False,False,28474.15202102285,-1289882.1352391874,-0.9784017778075778,0.18957754962535378,0.9718332245510602,-0.2132695250446982,0.24452189507719724,145,0.2916392363396972,1076,146685.73808754096,208761.727349089,-62075.989261548035,1076,0.642542,0.09403,0.5485119999999999,0.016085,0.156294,0.402374,2,0.25920280518053507,-0.2132695250446982,0.24452189507719724,-0.028868382214378596,0.816990159409583,-0.11567784118936841,False,383
503,False,False,28396.76677728044,-1289959.5204829297,-0.9784604760854941,0.1890405973765248,1.020764193208594,-0.18893094076687356,0.09701453488150769,225,0.34298880842659646,998,125991.4006190491,180055.26301891153,-54063.862399862424,998,0.537971,0.163575,0.37439599999999995,0.049072,0.227487,0.723039,1,0.09701453488150769,-0.18893094076687356,0.26406082130582,-0.09643888967603209,1.0478047306386205,-0.1703840867914066,False,384
232,False,False,28367.933059719926,-1289988.3542004903,-0.9784823470454457,0.18884021700365672,0.9615321252945183,-0.16374821433766829,0.09436366375379346,190,0.3225806451612903,1029,133966.75589046316,189977.48190326404,-56010.72601280088,1029,0.557488,0.197925,0.35956299999999997,0.04071,0.177586,0.392298,2,0.2103719820485539,-0.16374821433766829,0.09436366375379346,-0.08033695836563493,1.1416434374425681,-0.16359827694168105,False,385
476,False,False,28342.489514736444,-1290013.7977454737,-0.9785016464906938,0.18866325554391805,1.1195674777424351,-0.22836376490533294,0.023589367757671953,197,0.26596445029624755,1115,139069.94718880788,195363.69883211155,-56293.751643303665,1115,0.567186,0.088392,0.47879399999999994,0.030418,0.284604,0.567181,1,0.023589367757671953,-0.22836376490533294,0.34052327253463943,-0.059553315240258864,1.065560264611738,-0.11725695731550667,False,386
330,False,False,28293.64084103568,-1290062.6464191745,-0.9785386992010823,0.18832313820590008,0.9173555493546925,-0.2232367550514457,0.17628960796402593,267,0.3996050032916392,912,122534.34816260649,179355.38594108864,-56821.03777848215,912,0.453548,0.197195,0.256353,0.069654,0.180617,0.047449,2,0.17628960796402593,-0.1810419231832331,0.1891526530784975,-0.0948447507616963,1.022725580998618,-0.2232367550514459,False,387
156,False,False,28245.006936757254,-1290111.2803234528,-0.9785755890045053,0.18798402932209846,0.9429318356889964,-0.22323675505144558,0.07884436903814307,238,0.3627386438446346,968,135659.63219068185,197021.03185221314,-61361.39966153129,968,0.509011,0.275407,0.23360399999999998,0.05656,0.190872,0.506421,2,0.3581255704687851,-0.16546052902766317,0.07884436903814307,-0.10279827562495292,0.9277155938179946,-0.2232367550514457,False,388
406,False,False,28243.979795202198,-1290112.307465008,-0.9785763681122207,0.18797686213783638,0.9693176503452592,-0.25199721892067073,0.028837220010681452,107,0.22251481237656354,1181,135202.7308770228,186118.57891464906,-50915.848037626245,1181,0.662452,0.21732,0.445132,0.065641,0.167903,0.019727,1,0.18977359513818381,-0.2222812390099056,0.028837220010681452,0.0,1.307357551194123,-0.18412607754029886,False,389
68,False,False,28236.721103012973,-1290119.566157197,-0.9785818739775618,0.18792620626646683,0.8172593785775891,-0.32208256668139046,-0.06992941416133058,142,0.35286372613561556,983,107482.21232478927,160525.21755917763,-53043.00523438836,983,0.573066,0.277472,0.29559399999999997,0.0593,0.122136,0.002037,3,-0.06992941416133058,-0.32208256668139046,0.22913591138163159,-0.06809787626962138,1.4700084956477033,-0.27663092255671273,False,390
345,False,False,28174.670662842622,-1290181.6165973675,-0.978628940495748,0.1874927341121313,1.128178938162211,-0.12056886538501421,0.08552085488779282,124,0.21988150098749176,1185,166780.327216505,230855.0154426302,-64074.6882261252,1185,0.640673,0.233017,0.407656,0.00295,0.202209,0.739306,2,0.422847035027591,-0.12056886538501421,0.08552085488779282,-0.05494785471457353,0.8241580477166237,-0.1014803443381661,False,391
695,False,False,28146.000245065425,-1290210.2870151447,-0.9786506875894998,0.1872921792078679,0.8953237054560413,-0.24725735342090338,0.07716678705977631,255,0.4068466096115866,901,113957.31602219316,163872.2705087619,-49914.954486568735,901,0.462708,0.110688,0.35202,0.088898,0.170279,0.187848,2,0.07716678705977631,-0.24725735342090338,0.10882095432330363,-0.0948447507616964,1.356526394386317,-0.2232367550514458,False,392
796,False,False,28039.524997849738,-1290316.7622623604,-0.9787314512254338,0.1865458703930749,0.91985814169484,-0.22323675505144558,0.14136327879576016,246,0.3798551678736011,942,126284.8774240561,183107.17824779788,-56822.30082374178,942,0.469307,0.275901,0.19340599999999997,0.0947,0.182266,0.586495,2,0.2167851359165558,-0.1810419231832331,0.14136327879576016,-0.09358574807239217,1.0189839224316346,-0.2232367550514457,False,393
636,False,False,28038.12298981791,-1290318.1642703922,-0.9787325146769799,0.18653602764872734,1.138514222822728,-0.18580575945614553,0.16101549242166735,126,0.21922317314022383,1186,154742.90483444935,214550.5341030488,-59807.62926859944,1186,0.59353,0.285466,0.308064,0.039044,0.217482,0.007177,2,0.21330321077068382,-0.18580575945614553,0.16101549242166735,-0.05494785471457331,0.9904055529782447,-0.09804259265441007,False,394
764,False,False,28010.98856882204,-1290345.2986913882,-0.9787530966859997,0.18634545056704743,0.9936587570020803,-0.1951420947461886,0.022467908496735634,112,0.21263989466754443,1196,144503.36456459638,200222.47836323376,-55719.11379863738,1196,0.660153,0.170731,0.489422,0.055532,0.193863,0.336113,1,0.23138224245399708,-0.1951420947461886,0.022467908496735634,-0.013438899885404476,1.2247738126065686,-0.10710646651062272,False,395
850,False,False,27965.33518868696,-1290390.9520715233,-0.9787877257013701,0.18602445884512098,0.8840556566811059,-0.24725735342090305,0.1052584078881742,274,0.4226464779460171,877,114532.17895952609,165839.19939689932,-51307.02043737323,877,0.467402,0.279611,0.18779099999999999,0.038431,0.172007,0.370629,2,0.1052584078881742,-0.24725735342090305,0.11180097371472919,-0.11674562508978137,1.2757741061269408,-0.2232367550514459,False,396
177,False,False,27913.261429444796,-1290443.0258307653,-0.978827224704595,0.18565779099436064,0.7970000733759652,-0.36281159440761424,-0.012419480000635308,216,0.42330480579328505,876,102065.52122502029,156631.33578678087,-54565.81456176058,876,0.543627,0.168449,0.375178,0.076846,0.13119,0.496535,2,-0.012419480000635308,-0.36281159440761424,0.3016141914436756,-0.10536647370567931,1.1714797971429802,-0.2766309225567123,False,397
195,False,False,27884.44196964805,-1290471.8452905621,-0.9788490848497434,0.1854546187117101,1.0281517638880433,-0.19480925190331866,0.1872456914336884,169,0.30809743252139565,1051,131814.363700714,186373.8728517697,-54559.50915105571,1051,0.532756,0.240785,0.291971,0.006718,0.170838,0.692386,3,0.1872456914336884,-0.19480925190331866,0.2111899556882495,-0.06457407901977619,0.9391396873391666,-0.11936460165773455,False,398
473,False,False,27813.17716589097,-1290543.110094319,-0.9789031406497162,0.184951460908656,0.7914831405405965,-0.30691169155917475,-0.09754968025299127,154,0.38643844634628044,932,100188.89205670568,154279.6061228112,-54090.71406610553,932,0.542861,0.245293,0.29756800000000005,0.093332,0.116207,0.156263,3,-0.09754968025299127,-0.30691169155917475,0.40150333397505644,-0.0680978762696215,1.1990401756158442,-0.2766309225567124,False,399
954,False,False,27772.415362706204,-1290583.871897504,-0.9789340593046949,0.18466318276562332,1.0398785198983136,-0.24351720995409154,0.04591348856056188,236,0.3186306780776827,1035,131827.19520537197,188458.87696381265,-56631.68175844068,1035,0.52497,0.149975,0.3749950000000001,0.055724,0.265181,0.525699,1,0.04591348856056188,-0.24351720995409154,0.27485692842209386,-0.07516199458901995,1.0828425416949021,-0.15285696738017107,False,400
92,False,False,27768.577810819323,-1290587.7094493909,-0.9789369701656844,0.18463602442094795,0.9434046711526262,-0.16374821433766829,0.07124204242537124,191,0.3238973008558262,1027,132537.11793816887,188332.32831308563,-55795.21037491676,1027,0.553982,0.29648,0.25750199999999995,0.045824,0.17867,0.523898,2,0.2103719820485539,-0.16374821433766829,0.07124204242537124,-0.09976751998121014,1.1416434374425681,-0.16359827694168105,False,401
366,False,False,27721.673430434384,-1290634.6138297757,-0.9789725480901333,0.18430382902133768,0.7915040750152562,-0.3628115944076141,-0.00335650334831894,217,0.4292297564186965,867,101193.0216648095,155122.28003965484,-53929.25837484535,867,0.521965,0.172109,0.349856,0.087428,0.134982,0.080552,2,-0.00335650334831894,-0.3628115944076141,0.2810153829901261,-0.10536647370567931,1.1713271407070152,-0.27663092255671284,False,402
548,False,False,27644.599135881923,-1290711.6881243282,-0.9790310105067784,0.18375693880442623,0.9348926072905169,-0.21326952504469843,0.1769117967790168,149,0.30019749835418036,1063,134996.64970655183,192754.75240262548,-57758.10269607365,1063,0.620317,0.078226,0.542091,0.036581,0.154308,0.395529,2,0.1769117967790168,-0.21326952504469843,0.24452189507719724,-0.028868382214378596,0.8873995150643106,-0.11567784118936841,False,403
717,False,False,27605.86266823025,-1290750.42459198,-0.979060392903651,0.1834815990242571,1.0497993201838154,-0.2806583892716883,-0.023456286296783757,232,0.3166556945358789,1038,127273.34441907951,180859.2486201788,-53585.9042010993,1038,0.467267,0.094353,0.37291399999999997,0.091947,0.290194,0.028896,1,-0.023456286296783757,-0.2806583892716883,0.3093297011588252,-0.06565564341037344,1.159039633923515,-0.14874574072074043,False,404
694,False,False,27452.519701404282,-1290903.7675588059,-0.9791767066560924,0.18238846059748504,1.0235906160649633,-0.2489124005096912,0.01588638381691654,237,0.32323897300855825,1028,129082.84751452082,185075.1369512536,-55992.28943673278,1028,0.523365,0.239198,0.28416699999999995,0.055048,0.260016,0.003105,1,0.01588638381691654,-0.2489124005096912,0.30556307004400574,-0.07516199458901995,1.0698516295916227,-0.15285696738017096,False,405
949,False,False,27450.704467265234,-1290905.582792945,-0.9791780835480272,0.18237548983923468,0.9318881928402726,-0.25773259466280385,0.12513541676762996,249,0.3666886109282423,962,138732.33477279014,202403.67504753591,-63671.34027474577,962,0.496569,0.160527,0.33604199999999995,0.008645,0.200668,0.052099,2,0.3671641321263992,-0.11768655891042967,0.12513541676762996,-0.09866166791822084,0.7845472140989671,-0.25773259466280374,False,406
527,False,False,27343.442795908624,-1291012.8444643016,-0.9792594437026326,0.18160777825824082,0.8673925827879478,-0.19514209474618893,0.0881999141176113,281,0.4377880184331797,854,111308.01367070687,167394.12413963056,-56086.11046892368,854,0.471279,0.056736,0.414543,0.061708,0.209906,0.128263,1,0.0881999141176113,-0.19514209474618893,0.19111068501017714,-0.09497620668173234,1.1095624554258512,-0.15769183056405534,False,407
888,False,False,27319.346953918095,-1291036.9403062921,-0.9792777208878088,0.18143496992288255,0.8430897416096943,-0.2301316568815216,0.05284704318447053,122,0.28834759710335744,1081,123036.24446139621,179956.991920873,-56920.747459476785,1081,0.649241,0.11574,0.533501,0.029285,0.089656,0.308548,3,0.05284704318447053,-0.2301316568815216,0.09613390084396478,-0.010242474916387967,1.3672352665624397,-0.2030294332391671,False,408
804,False,False,27292.44828941947,-1291063.8389707906,-0.9792981240707409,0.18124191032490744,0.8685697324555034,-0.23200960065289788,0.09652712170628042,250,0.4009216589861751,910,116040.35467110085,169144.911499665,-53104.55682856415,910,0.549438,0.247362,0.302076,0.003529,0.166118,0.643751,2,0.13697308334980485,-0.23200960065289788,0.09652712170628042,-0.08744499327317612,1.1891369667170872,-0.21804581955610058,False,409
715,False,False,27288.808572838447,-1291067.4786873716,-0.979300884869636,0.18121577482322282,0.7900680966270912,-0.3220825666813901,-0.024643004843268868,229,0.4687294272547729,807,97815.17388746206,155706.23650991547,-57891.062622453406,807,0.475831,0.088961,0.38687,0.038209,0.126835,0.375004,3,-0.024643004843268868,-0.3220825666813901,0.5020318442592993,-0.11590884309235638,0.8626953553083527,-0.2766309225567126,False,410
56,False,False,27283.628728746782,-1291072.6585314635,-0.9793048138865047,0.18117857520343916,0.8137642091827566,-0.33094625376513076,-0.03674861015536657,198,0.38512179065174457,934,101883.42226535405,148014.5225906011,-46131.10032524704,934,0.52838,0.059699,0.46868099999999996,0.088231,0.149142,0.099651,2,-0.03674861015536657,-0.33094625376513076,0.09469046593693897,-0.10128972731805441,1.5874451436898633,-0.24594624707437085,False,411
516,False,False,27213.7515641643,-1291142.5356960457,-0.9793578171340014,0.18067616803080755,0.9227249251170021,-0.2490657061519782,0.03006740978813549,109,0.24950625411454905,1140,138732.37933744994,194336.06230351096,-55603.682966061024,1140,0.671738,0.233771,0.43796699999999994,0.011115,0.146711,0.013151,2,0.19934285184274025,-0.2490657061519782,0.03006740978813549,-0.03256349970031558,1.20282206452217,-0.15969565734807623,False,412
952,False,False,27185.410803514478,-1291170.8764566956,-0.9793793141761316,0.18047209512268858,0.7898564681480112,-0.32208256668139024,-0.02882229943745529,226,0.46017116524028967,820,98513.2573460525,156099.68154232143,-57586.42419626893,820,0.477329,0.12204,0.355289,0.036394,0.129415,0.632421,3,-0.02882229943745529,-0.32208256668139024,0.4976376473017341,-0.1159088430923565,0.8690910135794068,-0.2766309225567124,False,413
529,False,False,27179.57297955112,-1291176.714280659,-0.9793837422840866,0.1804300367480718,0.925606963306818,-0.22406909823057286,0.018770144726031557,90,0.21988150098749176,1185,140807.7086206212,198335.95913977796,-57528.25051915675,1185,0.708877,0.196349,0.512528,0.033701,0.121898,0.290467,1,0.28078434820691034,-0.22406909823057286,0.018770144726031557,0.0,1.0830054592412903,-0.1606041911556253,False,414
696,False,False,27170.834516783965,-1291185.4527434262,-0.9793903705854432,0.18036706675148673,0.8202291345760881,-0.36459952426868836,-0.14222339257388628,176,0.37327188940092165,952,99024.79369585337,143155.5451879244,-44130.75149207104,952,0.557711,0.056323,0.501388,0.0856,0.138811,0.630908,2,-0.14222339257388628,-0.36459952426868836,0.307443996495113,-0.12002974820068735,1.4227337195370229,-0.21417539650773199,False,415
815,False,False,27049.693099297816,-1291306.5941609123,-0.9794822588091782,0.17949236798045143,1.0963823246736204,-0.22836376490533294,0.05052665847390725,189,0.2653061224489796,1116,140414.83896160222,198272.8409716273,-57858.002010025084,1116,0.512142,0.242289,0.269853,0.098389,0.295591,0.041705,1,0.05052665847390725,-0.22836376490533294,0.2480435530675167,-0.059553315240259086,1.0631249120646316,-0.11725695731550634,False,416
742,False,False,27026.941476590284,-1291329.34578362,-0.9794995163767473,0.17932772609458758,1.0141172401309937,-0.2582330120270102,0.006987331657613893,234,0.32521395655036206,1025,128367.43667519359,184071.97567725024,-55704.539002056656,1025,0.533586,0.133878,0.399708,0.033345,0.267594,0.552118,1,0.006987331657613893,-0.2582330120270102,0.30261081861938055,-0.07366486859771681,1.0604316549652486,-0.15243174600492526,False,417
384,False,False,26958.05354902098,-1291398.2337111891,-0.9795517692678928,0.17882851339386208,1.0152504938648244,-0.2806583892716883,0.009197679952928972,252,0.33640552995391704,1008,125489.50174942834,179535.48535208407,-54045.98360265573,1008,0.465899,0.178568,0.287331,0.049205,0.288073,0.113646,1,0.009197679952928972,-0.2806583892716883,0.2401443925097111,-0.07306572990434679,1.1539719048674892,-0.1379023917891239,False,418
344,False,False,26892.37462736151,-1291463.9126328486,-0.9796015880629289,0.1783515636816646,1.0140111822697517,-0.19717615322453608,0.1388779079558522,151,0.2916392363396972,1076,130563.62247388448,183620.5979246762,-53056.975450791724,1076,0.539061,0.182487,0.356574,0.031605,0.17452,0.259122,3,0.1837557191478576,-0.19717615322453608,0.1388779079558522,-0.06457407901977641,0.9947565224947283,-0.11482284037347612,False,419
41,False,False,26857.60150036708,-1291498.685759843,-0.9796279641854766,0.17809865335300779,1.004416834667989,-0.2773644561157891,0.018770144726031557,81,0.18499012508229098,1238,151744.3822813998,209553.94244825994,-57809.560166860145,1238,0.692151,0.167301,0.5248499999999999,0.054677,0.166641,0.688795,1,0.3140045255955888,-0.2222812390099056,0.018770144726031557,0.0,1.0062920641708577,-0.17646141747864308,False,420
444,False,False,26806.48456046147,-1291549.8026997487,-0.9796667374218161,0.1777263756412062,0.9833675569510668,-0.19717615322453608,0.15677177620766103,178,0.3206056616194865,1032,128679.55086692807,183472.5832966302,-54793.03242970214,1032,0.490468,0.237194,0.253274,0.040216,0.175981,0.255454,3,0.2030535357198826,-0.19717615322453608,0.15677177620766103,-0.09373674535963561,0.9262259355134848,-0.1223779611080078,False,421
47,False,False,26758.770795875073,-1291597.5164643351,-0.9797029292806083,0.17737834810580577,0.7519216403787237,-0.3178809234214859,-0.028884145618748303,136,0.33640552995391704,1008,111175.34282171274,167341.07631028537,-56165.73348857263,1008,0.668005,0.276124,0.391881,0.017212,0.052545,0.684717,3,-0.028884145618748303,-0.3178809234214859,0.12970206493125436,-0.10444360045575374,1.4391089093719889,-0.19176837885217712,False,422
189,False,False,26740.89431545865,-1291615.3929447515,-0.9797164889538084,0.1772478225042884,0.8492566417301608,-0.27347158419322937,-0.009749526090292449,124,0.2843976300197498,1087,132993.7410310396,193299.55485590242,-60305.813824862824,1087,0.669404,0.171502,0.497902,0.0156,0.112045,0.429679,2,0.19886467274021502,-0.27347158419322937,-0.009749526090292449,-0.028868382214378485,1.2524787668582946,-0.2241189646345111,False,423
540,False,False,26715.67766192031,-1291640.60959829,-0.9797356162972906,0.1770635786329997,0.8215705938412765,-0.26078803451252763,0.07547059409694157,119,0.28637261356155364,1084,123842.5357892496,180805.12615236288,-56962.59036311328,1084,0.659951,0.297967,0.361984,0.001505,0.112715,0.594484,3,0.07547059409694157,-0.26078803451252763,0.19242716039023722,-0.06809787626962138,1.0832231594503066,-0.203029433239167,False,424
551,False,False,26605.982985398845,-1291750.3042748114,-0.9798188219356916,0.176260409573739,0.6833355405412647,-0.3823546168062163,-0.07405523746272735,176,0.4897959183673469,775,73419.37597646879,122671.4136760606,-49252.03769959182,775,0.600917,0.28592,0.314997,0.092074,0.0441,0.588211,2,-0.07405523746272735,-0.3823546168062163,0.12354794971787353,-0.15502901353965182,1.557423302019378,-0.2789534166031914,False,425
233,False,False,26591.493521947603,-1291764.7937382625,-0.9798298124877838,0.17615411333398878,0.8817101424964162,-0.1958410663022938,0.10787571854002387,200,0.32916392363396973,1019,120796.92703622437,173693.6700953223,-52896.743059097935,1019,0.592165,0.237735,0.35443,0.057017,0.196753,0.603349,1,0.10787571854002387,-0.1958410663022938,0.1654340413439228,-0.048693085599666674,1.059510388941579,-0.13940192406803298,False,426
762,False,False,26584.429532194772,-1291771.8577280154,-0.9798351706673754,0.1761022736376312,0.6894239017084626,-0.3637097251357265,-0.04592273004507896,170,0.41013824884792627,896,85975.52720702399,136186.61468749415,-50211.08748047016,896,0.650473,0.138241,0.512232,0.074245,0.037327,0.106272,1,0.051247186090422225,-0.3637097251357265,-0.04592273004507896,-0.10444360045575385,1.650567995493807,-0.24989182481167793,False,427
348,False,False,26554.47360626626,-1291801.8136539438,-0.9798578928451493,0.17588231174640234,0.8116420865844141,-0.32208256668139035,-0.05984527182496513,199,0.41342988808426595,891,100880.86190064554,151007.5686808975,-50126.70678025196,891,0.505896,0.170455,0.335441,0.039233,0.141221,0.256234,3,-0.05984527182496513,-0.32208256668139035,0.3525400168003534,-0.06766814589109826,1.0882776433831451,-0.19758080259184352,False,428
9,False,False,26541.15057467868,-1291815.1366855314,-0.9798679986350002,0.1757844162129254,0.8555102211080686,-0.26860833981737375,0.0011907531191546195,123,0.2705727452271231,1108,129583.44381116425,185494.189738478,-55910.745927313736,1108,0.667595,0.183465,0.48413000000000006,0.03678,0.088798,0.09691,2,0.2086614686570294,-0.26860833981737375,0.0011907531191546195,-0.013438899885404476,1.193301010418978,-0.19850182597023192,False,429
708,False,False,26506.123294169458,-1291850.1639660406,-0.979894567538147,0.1755268456053367,0.977165253907056,-0.19699234280424327,-0.00951881681365263,62,0.17774851876234365,1249,160547.5965456635,223142.61251072242,-62595.015965058934,1249,0.690457,0.191123,0.499334,0.009228,0.132521,0.123859,3,0.3658215445736781,-0.19699234280424327,-0.00951881681365263,-0.010242474916387967,0.959322949380075,-0.1423194939149569,False,430
856,False,False,26503.44950597127,-1291852.8377542389,-0.9798965956607599,0.17550717243382552,0.9396593191537383,-0.24021962791002927,-0.009931158125200401,204,0.30283080974325216,1059,152260.088645704,218233.66664469955,-65973.57799899555,1059,0.57201,0.136456,0.435554,0.008878,0.194857,0.483094,2,0.4935897245067795,-0.11768655891042967,-0.009931158125200401,-0.13181040772843267,0.7922793130203987,-0.2135426556384411,False,431
380,False,False,26467.86539104135,-1291888.4218691688,-0.9799235869341159,0.17524519424988338,0.9774651510339225,-0.19480925190331866,0.10306727697320373,174,0.31994733377221857,1033,127394.55672939566,181065.937812517,-53671.381083121334,1033,0.489039,0.190991,0.298048,0.058544,0.171835,0.427605,3,0.21137316703770503,-0.19480925190331866,0.10306727697320373,-0.09373674535963494,0.9807924254685727,-0.1223779611080078,False,432
430,False,False,26465.38175998507,-1291890.905500225,-0.9799254708186775,0.17522689823891935,0.9679731140026168,-0.24441412862263423,0.033645718036547034,266,0.36603028308097435,963,121385.65249450166,175002.8003499139,-53617.14785541223,963,0.472636,0.139845,0.332791,0.03423,0.258942,0.166408,1,0.033645718036547034,-0.24441412862263423,0.19274690238962555,-0.09497620668173234,1.146634751466177,-0.13200792087636737,False,433
262,False,False,26434.128512235562,-1291922.1587479746,-0.9799491770413818,0.17499654439000878,0.9458538847563003,-0.2490657061519781,0.0011907531191546195,93,0.20671494404213298,1205,136580.32755378302,187752.1532770374,-51171.825723254384,1205,0.665376,0.128496,0.53688,0.038952,0.150752,0.266694,2,0.11946409099069677,-0.2490657061519781,0.0011907531191546195,-0.013438899885404476,1.3585115092061657,-0.1134955450435211,False,434
532,False,False,26344.2883716203,-1292011.99888859,-0.9800173226113491,0.1743331050836101,0.732832364388042,-0.38800702579587876,-0.1270226096232735,123,0.34101382488479265,1001,86765.08666706504,128100.85122385275,-41335.764556787704,1001,0.631882,0.070784,0.5610980000000001,0.095586,0.044014,0.134854,2,-0.1270226096232735,-0.38800702579587876,0.0,0.0,2.0177515090341127,-0.21365812443506726,False,435
286,False,False,26337.9900757965,-1292018.2971844135,-0.9800220999965558,0.1742865235309068,0.9482988304656712,-0.20074264477437131,0.01176050421394903,170,0.28505595786701776,1086,144307.1756028617,205008.85899189473,-60701.683389033016,1086,0.503764,0.200154,0.30361,0.097902,0.209135,0.659024,2,0.376167859297148,-0.1374144636201603,0.01176050421394903,-0.1052156790397144,0.8916182576650593,-0.20074264477437131,False,436
467,False,False,26262.293165920568,-1292093.9940942896,-0.9800795176389696,0.1737259487883167,0.8125012707226745,-0.23046607781455353,0.10617169488679967,260,0.4318630678077683,863,109391.10031506832,163318.5314408784,-53927.43112581008,863,0.539212,0.104162,0.43505000000000005,0.013732,0.156369,0.459001,2,0.144624635755495,-0.2192112680146222,0.10617169488679967,-0.08744499327317612,1.0741827335055487,-0.23046607781455308,False,437
84,False,False,26239.492396121765,-1292116.7948640883,-0.9800968124856049,0.17355683319926918,0.7601240349415586,-0.2766309225567123,0.02602980644169328,145,0.35418038183015144,981,108879.60649636434,166175.41730835845,-57295.8108119941,981,0.590892,0.205122,0.38576999999999995,0.062326,0.105334,0.708809,3,0.02602980644169328,-0.20754127625520302,0.4853710930783579,-0.06809787626962116,0.7217119118463873,-0.27663092255671273,False,438
633,False,False,26051.009337018193,-1292305.277923192,-0.9802397807112089,0.1721541209004427,0.9211565463855489,-0.2346609877947482,0.03319076156606515,133,0.27123107307439104,1107,126292.24919380851,177814.97406614292,-51522.72487233441,1107,0.602093,0.120962,0.481131,0.063744,0.162704,0.086513,2,0.03319076156606515,-0.2346609877947482,0.2048398714024482,-0.028868382214378485,1.092737272151064,-0.11390900860117681,False,439
477,False,False,25956.77873348659,-1292399.5085267236,-0.9803112565364029,0.17144966954315977,0.9622434832101164,-0.2637964172776116,0.002779519059933344,254,0.34825543120473995,990,122461.48134200994,177036.47889461392,-54574.99755260398,990,0.500802,0.079642,0.42116,0.027925,0.263863,0.619939,1,0.002779519059933344,-0.2637964172776116,0.2589977093549549,-0.07366486859771681,1.0559871681295059,-0.15243174600492537,False,440
713,False,False,25916.552034123233,-1292439.7352260868,-0.9803417693042731,0.17114829200732018,0.9953661378818914,-0.16068495784127335,0.13706417541328242,138,0.25477287689269257,1132,146001.2921811793,204992.21717464816,-58990.924993468856,1132,0.564358,0.254784,0.309574,0.076179,0.195287,0.142946,2,0.2793300797498124,-0.14020546327186167,0.13706417541328242,-0.0549478547145732,0.7815976619133653,-0.14842431578473403,False,441
393,False,False,25869.286721667882,-1292487.0005385422,-0.9803776210030226,0.17079368237099257,0.8411858442495738,-0.25693634908011187,0.05477925764456604,128,0.2955892034233048,1070,124887.342481674,180334.771576128,-55447.429094454,1070,0.57653,0.220363,0.356167,0.096457,0.148561,0.111383,2,0.05477925764456604,-0.25693634908011187,0.17225379218303383,-0.04821702152791241,1.0921905071607432,-0.15969565734807623,False,442
247,False,False,25841.511810041982,-1292514.7754501682,-0.9803986888371842,0.17058504797071405,0.8113840400565215,-0.2501934534563167,0.11131054855554368,274,0.43449637919684003,859,109924.91437334604,163754.7638410727,-53829.84946772667,859,0.458569,0.160001,0.298568,0.066751,0.163357,0.325184,2,0.11131054855554368,-0.2501934534563167,0.12165589442137814,-0.1163187289633223,1.0731123461436383,-0.2232367550514458,False,443
542,False,False,25754.670011126753,-1292601.6172490835,-0.9804645601041204,0.16993151706305043,0.7490603554857145,-0.36755088483999065,-0.0060696120698890965,229,0.41935483870967744,882,95562.58422372238,142072.1888081038,-46509.604584381406,882,0.528196,0.2583,0.269896,0.062212,0.146258,0.243021,2,-0.0060696120698890965,-0.330946253765131,0.04221324029146345,-0.13246484898477973,1.4862422070983974,-0.2876259944972983,False,444
289,False,False,25666.923866020814,-1292689.3633941894,-0.9805311173359961,0.1692693109313126,1.069890738749521,-0.22836376490533306,0.010460191549399811,161,0.228439763001975,1172,139251.46061318688,195297.6379859615,-56046.17737277463,1172,0.574191,0.057651,0.51654,0.051705,0.289485,0.522188,1,0.010460191549399811,-0.22836376490533306,0.26628751942794016,-0.06250558317460941,1.0059600861838507,-0.09130603041460206,False,445
96,False,False,25666.748206747186,-1292689.539053463,-0.9805312505771202,0.16926798336624005,0.8413349983822693,-0.25019345345631694,0.0604246643620141,193,0.3548387096774194,980,114396.35626693486,164190.13976489578,-49793.78349796092,980,0.510798,0.140789,0.370009,0.096152,0.164169,0.260361,2,0.0604246643620141,-0.25019345345631694,0.06856616610530297,-0.0935540498479136,1.2651116340357045,-0.16359827694168105,False,446
134,False,False,25618.64412946514,-1292737.643130745,-0.9805677384960135,0.16890414576768475,0.960851212015629,-0.2806583892716883,-0.023456286296783757,238,0.32653061224489793,1023,122191.05037479878,175792.80740316067,-53601.757028361884,1023,0.492982,0.167823,0.325159,0.058326,0.282205,0.445582,1,-0.023456286296783757,-0.2806583892716883,0.2667872069343298,-0.07366486859771681,1.0709078930351974,-0.13898612589622372,False,447
581,False,False,25618.35709879341,-1292737.9301614168,-0.9805679562146034,0.16890197308720944,0.9402387150715432,-0.22735344314861028,0.0,62,0.1718235681369322,1258,152052.17323631444,210403.28072553384,-58351.1074892194,1258,0.695567,0.231824,0.463743,0.027216,0.136631,0.396225,2,0.29067303097775343,-0.19875082570674563,0.0,0.0,0.9848835827448998,-0.12928365916654816,False,448
978,False,False,25588.690722533614,-1292767.5965376766,-0.9805904587630772,0.16867730368769318,0.9472847928555369,-0.2582330120270102,0.018491340248303123,259,0.3568136932192232,977,122027.98796509049,176736.53016439502,-54708.54219930453,977,0.450106,0.266816,0.18329,0.047933,0.2729,0.56338,1,0.018491340248303123,-0.2582330120270102,0.21829108579519874,-0.07366486859771681,1.0622421445961927,-0.13200792087636737,False,449
284,False,False,25526.204420752507,-1292830.0828394576,-0.980637855891141,0.16820337078332637,0.8235576026113535,-0.26860833981737364,0.0011907531191546195,124,0.2784726793943384,1096,134259.9766451634,194479.6923375503,-60219.715692386904,1096,0.674412,0.29982,0.37459200000000004,0.023608,0.091505,0.742236,2,0.2828631366530736,-0.26860833981737364,0.0011907531191546195,-0.013438899885404476,0.9874173974720226,-0.20100444688947539,False,450
360,False,False,25111.91098178004,-1293244.37627843,-0.9809521058727096,0.1650364143784846,0.7182908012979358,-0.34625419531929214,-0.0034555679451198085,94,0.26398946675444374,1118,109036.25267220044,157898.45975369014,-48862.2070814897,1118,0.676019,0.230286,0.44573300000000005,0.04499,0.011617,0.670939,3,-0.0034555679451198085,-0.34625419531929214,0.0,0.0,1.5198987796258216,-0.1554872893932735,False,451
165,False,False,25025.108310177817,-1293331.1789500322,-0.981017947460785,0.1643673582634606,0.9067140764628216,-0.2764048552131474,0.11891998892136124,199,0.31928900592495063,1034,141621.21759452432,204315.45585849864,-62694.238263974315,1034,0.493754,0.08627,0.407484,0.085166,0.208485,0.677743,2,0.40729803041335444,-0.11768655891042967,0.11891998892136124,-0.06901114330081404,0.5892449994392688,-0.2484690075078163,False,452
336,False,False,25005.198076013283,-1293351.089184197,-0.9810330497774781,0.16421362163932463,0.9422854774895717,-0.23200960065289777,0.04967631381247539,120,0.23765635286372613,1158,135675.06663469493,190236.5852343813,-54561.51859968636,1158,0.598186,0.070678,0.527508,0.072186,0.168768,0.037189,2,0.04967631381247539,-0.23200960065289777,0.2048398714024482,-0.028868382214378485,0.9771770951751455,-0.08928241900730405,False,453
838,False,False,24970.449388444762,-1293385.8378717655,-0.9810594073622253,0.16394506531121222,1.0347999673507426,-0.16374821433766817,0.05257896717204247,97,0.21066491112574062,1199,143233.55309283428,198482.00631812998,-55248.4532252957,1199,0.571236,0.178093,0.39314299999999996,0.068636,0.173217,0.184174,3,0.20894363999713783,-0.16374821433766817,0.05257896717204247,-0.033386327503974855,0.962300957917007,-0.08928241900730427,False,454
279,False,False,24898.398813022428,-1293457.8884471876,-0.9811140591859535,0.16338722541426964,0.9266008556302704,-0.19480925190331866,0.12144936408553408,171,0.3127057274522712,1044,122425.44720205253,174391.89639119932,-51966.44918914679,1044,0.504585,0.069533,0.43505199999999994,0.047769,0.168414,0.41718,3,0.1374768190590332,-0.19480925190331866,0.12144936408553408,-0.06766814589109849,0.951862387180419,-0.1223779611080078,False,455
982,False,False,24835.330007246084,-1293520.9572529641,-0.9811618981551197,0.1628978191683743,0.9486383770773437,-0.19838908320568271,0.0718271627071303,130,0.26793943383805136,1112,128294.40030815086,180732.25299141734,-52437.85268326648,1112,0.516522,0.26596,0.25056200000000006,0.080216,0.174875,0.270025,3,0.18143614975013023,-0.19838908320568271,0.0718271627071303,-0.0508304493059446,0.9612588708916021,-0.11482284037347612,False,456
98,False,False,24747.031470229973,-1293609.25578998,-0.9812288743874701,0.16221088870452904,0.9911690527042303,-0.1581478470226143,0.12456223898229002,204,0.282422646477946,1090,142200.75488668127,202286.65192367518,-60085.897036993905,1090,0.467969,0.1534,0.314569,0.088408,0.242211,0.119117,2,0.1962618027483769,-0.15418403357284172,0.12456223898229002,-0.06901114330081393,0.8395575468073178,-0.15814784702261397,False,457
480,False,False,24716.004389354017,-1293640.282870856,-0.9812524090580108,0.16196902387801626,0.866137639543376,-0.2575120642227461,0.02125184967129723,101,0.21329822251481237,1195,129395.96681271253,180752.85148549447,-51356.88467278193,1195,0.641064,0.110446,0.5306179999999999,0.090273,0.17718,0.617603,1,0.12971254959761125,-0.22228123900990582,0.02125184967129723,0.0,1.1422860230468777,-0.18412607754029886,False,458
285,False,False,24713.652621598467,-1293642.6346386117,-0.9812541929215827,0.16195068086305575,0.8550517918091441,-0.2240690982305723,0.018770144726031557,71,0.1402238314680711,1306,146616.5831352377,203532.571687011,-56915.98855177328,1306,0.730958,0.182003,0.548955,0.047891,0.006176,0.063093,1,0.27783962804551043,-0.2240690982305723,0.018770144726031557,0.0,0.898385361025644,-0.13524048710044878,False,459
212,False,False,24646.011481983503,-1293710.2757782266,-0.9813055000987613,0.16142247803829268,0.8318457678814772,-0.24853879196002582,-0.02507495965123341,113,0.2896642527978934,1079,118161.7139573858,168626.4798607266,-50464.7659033408,1079,0.568149,0.159005,0.409144,0.06985,0.142352,0.151522,3,-0.02507495965123341,-0.24853879196002582,0.18744074435700497,-0.0377505567928732,1.128940258814199,-0.15301126474926885,False,460
817,False,False,24572.545496288032,-1293783.7417639222,-0.9813612255399075,0.16084741797707047,0.9896761180062057,-0.17039324151457225,0.12471878234929124,151,0.22909809084924293,1171,137283.1740738912,191187.85025076906,-53904.67617687787,1171,0.653034,0.254373,0.398661,0.005511,0.236762,0.307876,1,0.1334163608955936,-0.16141882217704873,0.12471878234929124,-0.07530061922918518,0.9275991347844621,-0.17039324151457258,False,461
737,False,False,24560.191330771402,-1293796.0959294387,-0.9813705964251803,0.16075057408062277,0.9193058600359959,-0.23634380920085873,0.0358833583082081,185,0.3238973008558262,1027,116454.96610929875,165924.64406534002,-49469.67795604127,1027,0.47174,0.137497,0.33424299999999996,0.0108,0.181647,0.543521,3,0.0358833583082081,-0.23634380920085873,0.1839051981163191,-0.07247929099029893,1.0026449613040849,-0.1223779611080078,False,462
261,False,False,24520.536442974877,-1293835.7508172353,-0.9814006754623721,0.16043944594613313,0.8692647052352828,-0.19480925190331866,0.15703827039892948,188,0.35615536537195525,978,118555.56164279827,173850.21745934812,-55294.65581654984,978,0.4683,0.141347,0.326953,0.026611,0.165627,0.263406,3,0.15703827039892948,-0.19480925190331866,0.16294865198494324,-0.09373674535963528,0.82230767180531,-0.16309984824211843,False,463
77,False,False,24473.257963439333,-1293883.0292967707,-0.9814365371486191,0.160067954958917,0.773117391142016,-0.23046607781455342,0.07288122217590742,257,0.4206714944042133,880,105546.25715187374,157032.80098157603,-51486.54382970229,880,0.501306,0.061635,0.43967100000000003,0.062422,0.157609,0.355071,2,0.07288122217590742,-0.2281580274056506,0.09166518240466792,-0.08902567393757177,1.0895399776547157,-0.2304660778145533,False,464
379,False,False,24453.718702013688,-1293902.5685581965,-0.9814513580749609,0.15991425023811234,0.7289649610416699,-0.25705857528213716,0.0,86,0.21132323897300856,1198,122041.74719779828,174642.88705400313,-52601.139856204856,1198,0.694883,0.218033,0.47685,0.052837,0.006716,0.155434,2,0.09275588499238019,-0.25705857528213716,0.0,0.0,1.237802517273491,-0.11716718223876921,False,465
368,False,False,24364.527680259605,-1293991.7595799505,-0.981519011275098,0.1592113293206947,0.7704824334429716,-0.25814303742705813,0.061589488073002574,265,0.4292297564186965,867,105462.29211034154,157729.8188137005,-52267.52670335895,867,0.450632,0.229204,0.22142799999999999,0.090568,0.163024,0.251461,2,0.061589488073002574,-0.25814303742705813,0.10707883809117535,-0.1163187289633223,1.0731123461436383,-0.2232367550514458,False,466
802,False,False,24319.737774554313,-1294036.5494856557,-0.9815529853275891,0.1588575269451311,0.9941858460266576,-0.20430810983188186,0.029765497108885874,161,0.24028966425279788,1154,138084.0984644107,195732.23334586094,-57648.13488145024,1154,0.606777,0.203601,0.403176,0.018656,0.272526,0.678362,1,0.029765497108885874,-0.20430810983188186,0.25764453378026775,-0.06250558317460952,0.8778575470205654,-0.110492724270424,False,467
687,False,False,24251.498055466756,-1294104.7892047435,-0.9816047465394458,0.1583174446377198,0.7760614911982884,-0.27052515704764757,-0.08058745541431311,208,0.4028966425279789,907,97205.19435284197,143522.02003224884,-46316.82567940687,907,0.468723,0.242534,0.226189,0.024668,0.144455,0.115537,3,-0.08058745541431311,-0.27052515704764757,0.15608852361269032,-0.09373674535963517,1.2815871164668806,-0.1975808025918434,False,468
546,False,False,24166.865425823875,-1294189.4218343862,-0.9816689421066538,0.15764585714543733,0.6510355959471257,-0.3835045034275074,-0.13952828568964615,121,0.3206056616194865,1032,83523.2217367229,125915.84333016683,-42392.621593443924,1032,0.678612,0.210351,0.468261,0.050636,0.007587,0.595722,2,-0.13952828568964615,-0.3835045034275074,0.0,0.0,1.808560121606439,-0.15733492318488906,False,469
946,False,False,24156.763724816417,-1294199.5235353936,-0.9816766044518825,0.1575655658625923,1.0508434328282406,-0.1657794599193253,0.09722630104487218,135,0.21000658327847269,1200,147331.69962482568,205913.36745181808,-58581.6678269924,1200,0.582115,0.063783,0.518332,0.032964,0.224235,0.202113,2,0.16283102163660135,-0.1657794599193253,0.09722630104487218,-0.06644576575605776,0.8933283286068658,-0.09804259265441007,False,470
553,False,False,24151.290661500054,-1294204.99659871,-0.9816807558814841,0.15752205265217412,0.8001361596148632,-0.2513173604853973,0.039303699398048675,186,0.34298880842659646,998,113656.0846474683,163681.06190283055,-50024.977255362246,998,0.550636,0.234846,0.31579,0.057571,0.162281,0.436697,2,0.039303699398048675,-0.2513173604853973,0.06961051639897353,-0.09266814579792104,1.1725621411259528,-0.16752842263907075,False,471
145,False,False,24070.527610106146,-1294285.759650104,-0.981742016295057,0.1568789935114705,0.7643566309943374,-0.23046607781455364,0.07103564691686448,255,0.4140882159315339,890,106379.83099799152,158175.53594413132,-51795.7049461398,890,0.539669,0.269524,0.27014499999999997,0.012413,0.160261,0.234675,2,0.07103564691686448,-0.22931496398127427,0.08351435536468088,-0.08744499327317612,1.0741827335055487,-0.23046607781455308,False,472
618,False,False,24059.551563889458,-1294296.7356963207,-0.9817503418488718,0.15679146014615286,0.6455805437554122,-0.37146934424397315,-0.04292430228526578,145,0.3403554970375247,1002,96297.46807157184,150343.37690517097,-54045.908833599126,1002,0.661628,0.274579,0.387049,0.089294,0.001154,0.026752,1,0.07893505320471328,-0.37146934424397315,-0.04292430228526578,-0.10444360045575374,1.329946434931359,-0.17423378115713595,False,473
863,False,False,24045.900823719086,-1294310.386436491,-0.9817606962123335,0.15668254975938334,0.8406636296477021,-0.2470470962128104,0.06779015161592228,148,0.293614219881501,1073,124766.30733078973,177426.77068047493,-52660.463349685204,1073,0.624649,0.288488,0.336161,0.021583,0.160785,0.304356,2,0.06779015161592228,-0.2470470962128104,0.16756218002106027,-0.061122763746682574,0.9287463704292918,-0.12912058141230465,False,474
555,False,False,24033.172176581997,-1294323.115083628,-0.9817703511495156,0.15658094968085168,0.7799868858131449,-0.3220825666813901,-0.02810052864013124,115,0.29295589203423306,1074,116042.36182026427,168912.7962509536,-52870.43443068933,1074,0.628619,0.269788,0.35883100000000007,0.017059,0.127845,0.15412,3,-0.02810052864013124,-0.3220825666813901,0.2521771853469601,-0.0337482048827189,0.9748038499599585,-0.15325900097731837,False,475
517,False,False,23928.267581019332,-1294428.0196791908,-0.9818499234142943,0.15574188737567352,0.8917226132347066,-0.19514209474618893,0.09414616593345237,146,0.250164581961817,1139,129175.23513899386,183343.33157442315,-54168.096435429296,1139,0.639275,0.289152,0.350123,0.035174,0.210249,0.126035,1,0.09414616593345237,-0.19514209474618893,0.11780220298799104,-0.0467270920710402,0.9564599072698148,-0.1276925552527879,False,476
391,False,False,23656.088843484176,-1294700.198416726,-0.9820563765105972,0.1535505144329532,0.6771298323136538,-0.3588147827778234,-0.04829147017358337,126,0.3186306780776827,1035,93491.17141415506,138999.6381383187,-45508.466724163634,1035,0.668649,0.118233,0.550416,0.049927,0.043714,0.351957,2,-0.04829147017358337,-0.3588147827778234,0.0,0.0,1.485644302021635,-0.23822138216107502,False,477
314,False,False,23641.474581850398,-1294714.8126783597,-0.9820674617246437,0.1534322578729399,0.9586704265783187,-0.15792821877708385,0.12681155090291463,204,0.2771560236998025,1098,142246.43913995277,202993.58349874077,-60747.144358788006,1098,0.466936,0.07436,0.39257600000000004,0.088049,0.245509,0.619194,2,0.1962618027483769,-0.15418403357284172,0.12681155090291463,-0.06901114330081393,0.7538685285596518,-0.1579282187770834,False,478
987,False,False,23598.95317804272,-1294757.3340821674,-0.982099715072406,0.15308783348492438,1.050277039210737,-0.19315561289798244,0.1419452322970376,99,0.1869651086240948,1235,142865.83809763586,199046.70362754806,-56180.865529912204,1235,0.598261,0.107806,0.49045500000000003,0.059913,0.217112,0.595151,2,0.1419452322970376,-0.19315561289798244,0.158273805294461,-0.028868382214378596,0.784169981806129,-0.08558432478000799,False,479
870,False,False,23571.054986839958,-1294785.2322733703,-0.9821208764166286,0.15286157614013662,0.7996923653448481,-0.2689623587916783,0.06873695342623054,216,0.3574720210664911,976,113188.89208793147,162678.35680200884,-49489.464714077374,976,0.559679,0.161638,0.39804100000000003,0.019562,0.172489,0.69128,2,0.09232019210920983,-0.2320096006528981,0.06873695342623054,-0.10676342132045658,1.0191018791247015,-0.21354265563844155,False,480
819,False,False,23501.68151042824,-1294854.605749782,-0.9821734976064254,0.1522979799143238,0.8470541473336528,-0.2899991923327452,0.007863191049353846,197,0.30283080974325216,1059,139918.40584466327,202186.74483103462,-62268.33898637135,1059,0.581795,0.299446,0.28234899999999996,0.000688,0.19156,0.742959,2,0.4220733454204857,-0.16374821433766829,0.007863191049353846,-0.11032913583207493,0.6397413776567515,-0.20854968446432476,False,481
783,False,False,23492.217791393236,-1294864.069468817,-0.9821806760293802,0.15222098830174224,0.7427597885929715,-0.22086220122556877,0.0317487937614338,233,0.402238314680711,908,107693.79365022846,160116.6861623318,-52422.89251210335,908,0.559882,0.277536,0.282346,0.01986,0.155799,0.55095,2,0.13878228370109413,-0.21921126801462287,0.0317487937614338,-0.10676342132045646,0.9994444673594092,-0.22086220122556943,False,482
725,False,False,23451.946282744404,-1294904.3409774657,-0.9822112227860028,0.15189307190437895,0.7665198763851117,-0.2293149639812745,0.029098540751216984,194,0.3568136932192232,977,110157.29748093366,160819.86010469234,-50662.562623758684,977,0.528681,0.153763,0.374918,0.073923,0.161737,0.15261,2,0.06984691073414018,-0.2293149639812745,0.029098540751216984,-0.09892614988056514,1.1301014667427038,-0.16359827694168105,False,483
727,False,False,23429.38345363344,-1294926.9038065767,-0.9822283371497973,0.1517091455680677,0.8087806368056359,-0.1969923428042435,-0.013572387492173266,83,0.2271231073074391,1174,133651.92418630162,192278.62830749073,-58626.704121189105,1174,0.648914,0.093672,0.555242,0.043951,0.115277,0.439318,3,0.16378216671332302,-0.1969923428042435,-0.013572387492173266,-0.013572387492173266,1.040910413218059,-0.1423194939149569,False,484
657,False,False,23383.38037644766,-1294972.9068837625,-0.9822632314174777,0.15133368224685162,1.0207552991361972,-0.232009600652898,0.004434577674620188,82,0.1586570111915734,1278,145929.29473658124,200245.15811113318,-54315.86337455193,1278,0.676397,0.098088,0.5783090000000001,0.03115,0.164672,0.553445,2,0.15182636843719188,-0.232009600652898,0.004434577674620188,-0.010242474916387967,1.0211503585060502,-0.08907605645724037,False,485
318,False,False,23321.496267238825,-1295034.7909929713,-0.9823101717702539,0.15082762962433027,0.6942365624336272,-0.3220825666813897,-0.10182621655069413,196,0.43120473996050035,864,92464.94696251368,146587.9524737676,-54123.00551125391,864,0.495945,0.264461,0.23148400000000002,0.071939,0.125567,0.415918,3,-0.10182621655069413,-0.3220825666813897,0.514902480858227,-0.11590884309235616,0.71400213816371,-0.2766309225567123,False,486
201,False,False,23217.336857462502,-1295138.9504027476,-0.9823891787964902,0.1499733391889908,0.947100386633333,-0.15792821877708385,0.133965738075275,207,0.2685977616853193,1111,142403.7504683807,203260.26174578906,-60856.51127740837,1111,0.53653,0.171362,0.36516799999999994,0.011017,0.248787,0.27898,2,0.18357881978993906,-0.15418403357284172,0.133965738075275,-0.0690111433008137,0.7298772405714338,-0.15792821877708385,False,487
668,False,False,23201.91965319412,-1295154.367607016,-0.9824008730588208,0.14984661950900469,0.9324862571662805,-0.20783138168248616,0.10846872993470469,215,0.28308097432521395,1089,134398.71359721737,191986.4670455766,-57587.75344835923,1089,0.500144,0.20694,0.293204,0.025846,0.247145,0.037879,2,0.10846872993470469,-0.20783138168248616,0.1799200623862356,-0.06901114330081337,0.7739765998027579,-0.1579282187770834,False,488
213,False,False,23193.79419804198,-1295162.4930621681,-0.9824070363814603,0.14977980513588784,0.9211846924661443,-0.16254272080610666,0.09339199529481412,217,0.28900592495062544,1080,137788.88064225903,197766.65687284822,-59977.776230589196,1080,0.511081,0.299604,0.21147700000000003,0.034787,0.227304,0.591605,2,0.18622710394882702,-0.14580293747914796,0.09339199529481412,-0.08610751707389985,0.7882493103629296,-0.16254272080610666,False,489
711,False,False,23188.65252534601,-1295167.634734864,-0.9824109364445507,0.14973751586215522,0.656754179517462,-0.29620419623037053,-0.07683983219636759,95,0.2587228439763002,1126,100744.02392001348,147191.82466827866,-46447.800748265174,1126,0.683112,0.191278,0.49183400000000005,0.039472,0.003055,0.601736,3,-0.07683983219636759,-0.29620419623037053,0.0,0.0,1.5118774979769793,-0.1554872893932735,False,490
524,False,False,23164.431819758665,-1295191.8554404515,-0.9824293083412993,0.149538199931865,0.6997992432982811,-0.24807141650776166,0.018770144726031557,125,0.29295589203423306,1074,122330.69560393556,182348.3258151877,-60017.63021125215,1074,0.655867,0.082906,0.5729609999999999,0.08137,0.081248,0.417753,1,0.2646772148682288,-0.24807141650776166,0.018770144726031557,0.0,0.7979008954346576,-0.21849934996480136,False,491
907,False,False,23054.049345750536,-1295302.2379144595,-0.9825130356880528,0.1486276382117142,0.8080304762626186,-0.2679162030537633,0.0261469497776059,148,0.28834759710335744,1081,121334.61028760909,172772.59653691557,-51437.98624930649,1081,0.623151,0.163449,0.459702,0.024106,0.165253,0.558653,2,0.0261469497776059,-0.2679162030537633,0.1648299752316198,-0.061122763746682574,0.9287463704292918,-0.12912058141230465,False,492
794,False,False,23051.590847400308,-1295304.69641281,-0.9825149005089467,0.14860731632398938,0.9842492934122009,-0.23200960065289788,0.0011907531191546195,78,0.1652402896642528,1268,141962.77655250652,195243.2215104427,-53280.44495793618,1268,0.69298,0.136517,0.556463,0.01335,0.169349,0.211559,2,0.12202107515490557,-0.23200960065289788,0.0011907531191546195,-0.013438899885404476,1.0520269404328757,-0.08907605645724048,False,493
514,False,False,23009.918610347806,-1295346.3686498622,-0.9825465097464915,0.14826257930109987,0.7648215245715166,-0.2898357991783982,0.004434577674620188,101,0.25082290980908495,1138,120151.08542617076,173344.1055953278,-53193.02016915704,1138,0.623517,0.072183,0.551334,0.084378,0.119666,0.151006,2,0.07311448273414123,-0.2898357991783982,0.004434577674620188,-0.010242474916387967,1.1347517166946948,-0.15649231428200117,False,494
346,False,False,22976.106561772474,-1295380.1806984376,-0.9825721568715532,0.1479824834408765,1.0769210933167237,-0.1350821143219929,0.13701763132958433,110,0.16787360105332455,1264,148294.46732258704,206713.9515445276,-58419.48422194057,1264,0.691242,0.135388,0.5558540000000001,0.001372,0.236143,0.524708,1,0.14347431482144857,-0.1350821143219929,0.13701763132958433,-0.028868382214378596,0.7671882849714389,-0.13102349502082777,False,495
631,False,False,22903.112991872702,-1295453.1742683374,-0.9826275239757307,0.14737663729598705,0.7569246465073842,-0.2862690351355689,0.018770144726031557,100,0.23831468071099407,1157,124975.75422233739,180164.2507785394,-55188.49655620201,1157,0.653675,0.130791,0.522884,0.081107,0.124732,0.010856,1,0.17920206984772014,-0.2694939879666739,0.018770144726031557,0.0,0.9064704293281767,-0.16300354746391188,False,496
602,False,False,22792.026323845,-1295564.2609363652,-0.9827117854679397,0.14645152082473745,0.9053419234335773,-0.16254272080610666,0.0630604910398167,211,0.28637261356155364,1084,137578.11150790245,197437.40696576858,-59859.29545786613,1084,0.518357,0.110938,0.407419,0.03548,0.227032,0.288258,2,0.19893846536613458,-0.14580293747914796,0.0630604910398167,-0.09292063115282767,0.7882493103629296,-0.16254272080610666,False,497
647,False,False,22783.60226727376,-1295572.6849929364,-0.9827181752858157,0.14638121298526707,0.750035569680516,-0.32208256668139024,-0.08383521909575953,105,0.27518104015799866,1101,111919.80983097907,161655.05404761486,-49735.244216635794,1101,0.585299,0.142262,0.443037,0.074498,0.137874,0.317462,3,-0.08383521909575953,-0.32208256668139024,0.23637971728351115,-0.0337482048827189,1.0113929612610653,-0.15516637591487747,False,498
941,False,False,22671.262683401892,-1295685.0245768083,-0.9828033871401205,0.14544153924055903,0.922754806360451,-0.23148648772792935,0.008105080386598074,155,0.2271231073074391,1174,131166.27705237496,185955.97080537843,-54789.69375300346,1174,0.614883,0.285551,0.32933199999999996,0.027622,0.264487,0.504283,1,0.008105080386598074,-0.23148648772792935,0.16030443760953395,-0.07245299453944254,0.9381971577366928,-0.11049272427042411,False,499
58,False,False,22639.14407460909,-1295717.143185601,-0.9828277497567388,0.14517216661619758,0.703738782991552,-0.23869760481378888,0.018770144726031557,126,0.2764976958525346,1099,122059.85757132352,179497.65164523554,-57437.794073912024,1099,0.68706,0.223602,0.46345800000000004,0.045322,0.090961,0.51379,1,0.2545990636685793,-0.21938686016502773,0.018770144726031557,0.0,0.7712458057000549,-0.19238534112782735,False,500
985,False,False,22627.563684477576,-1295728.7235757327,-0.9828365337176782,0.14507496591334434,0.7804557459605299,-0.19699234280424338,0.0556407096441387,89,0.24292297564186965,1150,122911.6457077983,176141.81498011565,-53230.16927231735,1150,0.592361,0.23928,0.35308100000000003,0.079936,0.140513,0.090531,3,0.0556407096441387,-0.19699234280424338,0.07004253542540928,-0.010242474916388189,1.003182991985689,-0.10922122987655725,False,501
245,False,False,22572.315181855414,-1295783.9720783548,-0.9828784408281885,0.14461066228605746,0.7401465605389045,-0.2540666572767528,-0.004990671689337756,207,0.35023041474654376,987,116121.27197993973,169482.7046367721,-53361.432656832374,987,0.567704,0.193082,0.374622,0.023557,0.165531,0.579959,2,0.12694763929764297,-0.2513173604853969,-0.004990671689337756,-0.1450035663049234,1.0130066765491037,-0.21354265563844121,False,502
501,False,False,22491.97804712221,-1295864.309213088,-0.9829393781753302,0.1439338217713655,0.9209056184292306,-0.19514209474618882,0.018770144726031557,67,0.15207373271889402,1288,136749.89762872204,190038.0418225359,-53288.144193813845,1288,0.705651,0.206351,0.4993,0.046676,0.187276,0.440187,1,0.09264224357963191,-0.19514209474618882,0.018770144726031557,0.0,1.0205679241724237,-0.08312616975304443,False,503
55,False,False,22381.048349710807,-1295975.2389104993,-0.983023520602141,0.14299591662982092,0.819027085252254,-0.2574425296100996,0.09275241013785207,224,0.32521395655036206,1025,130494.80793805396,191456.20917354865,-60961.40123549469,1025,0.481245,0.106837,0.37440799999999996,0.06272,0.21824,0.112025,2,0.25479442817961506,-0.17460865256668967,0.09275241013785207,-0.09699750275071828,0.632247720742835,-0.2574425296100997,False,504
57,False,False,22377.62489639348,-1295978.6623638168,-0.9830261173609613,0.14296690987546468,0.9114705625858827,-0.15418403357284172,0.11907596429237866,198,0.26793943383805136,1112,141897.5492342361,203238.6805648932,-61341.13133065711,1112,0.482671,0.260319,0.222352,0.082192,0.249919,0.238397,2,0.1962618027483769,-0.15418403357284172,0.11907596429237866,-0.06901114330081393,0.6715839249822007,-0.1537635370256628,False,505
129,False,False,22332.62836942587,-1296023.6588907843,-0.9830602481398732,0.14258531202240587,0.9130460946397906,-0.2132695250446981,0.0011907531191546195,86,0.1836734693877551,1240,142642.52315581197,198242.49223701708,-55599.96908120511,1240,0.679167,0.258845,0.420322,0.024276,0.158529,0.254557,2,0.19408779985312785,-0.2132695250446981,0.0011907531191546195,-0.013438899885404476,0.8680424800333988,-0.10491137644895732,False,506
854,False,False,22322.847330859793,-1296033.4399293503,-0.9830676672561324,0.14250227803829763,0.7272263889104323,-0.24292158228816574,0.018770144726031557,110,0.21132323897300856,1198,119145.18356221265,170744.0597142213,-51598.876152008655,1198,0.739484,0.144123,0.595361,0.014438,0.043108,0.052926,1,0.03736033308404796,-0.24292158228816574,0.018770144726031557,0.0,1.1122423330337243,-0.14636177506583536,False,507
625,False,False,22270.782630127815,-1296085.5046300823,-0.9831071593882935,0.14205977478472698,0.8102108312669722,-0.2577325946628036,0.10851524965920989,225,0.33113890717577354,1016,127321.35593582813,186919.4180858916,-59598.06215006347,1016,0.498873,0.224821,0.274052,0.042975,0.212137,0.224768,2,0.22195851107910736,-0.19620779363007101,0.10851524965920989,-0.07794858671243599,0.6441345147901738,-0.25773259466280374,False,508
337,False,False,22267.99090658329,-1296088.2963536268,-0.9831092769672602,0.1420360232740252,0.7699211777575773,-0.1969923428042435,-0.00951881681365263,75,0.21988150098749176,1185,133585.52470807356,192341.8524371911,-58756.32772911753,1185,0.618816,0.095242,0.523574,0.080639,0.120188,0.481761,3,0.19720229397875122,-0.1969923428042435,-0.00951881681365263,-0.010242474916387967,0.8778775309294278,-0.14231949391495669,False,509
679,False,False,22251.450526148914,-1296104.8367340611,-0.9831218231815076,0.1418952495482526,0.7401048226347583,-0.25436884940299986,-0.009749526090292449,109,0.26991441737985516,1109,115830.40800351986,166737.48971147818,-50907.08170795832,1109,0.594027,0.101455,0.49257199999999995,0.095661,0.147706,0.321435,2,0.0770437253903653,-0.2490657061519781,-0.009749526090292449,-0.028868382214378485,1.0863152526447437,-0.15969565734807623,False,510
218,False,False,22234.993841960895,-1296121.2934182493,-0.9831343059104536,0.1417551015059988,0.7549945923846331,-0.29490566586197453,-0.06734856498032082,128,0.28834759710335744,1081,107845.9654512044,154126.4276353872,-46280.46218418279,1081,0.605773,0.180936,0.424837,0.009117,0.143722,0.277052,3,-0.06734856498032082,-0.2601455666571353,0.07861628744801008,-0.039909596773859635,1.2102972163185939,-0.18793673180064063,False,511
335,False,False,22229.488555874374,-1296126.7987043357,-0.9831384817816803,0.1417081981998931,0.7188140614423941,-0.21853235161957407,0.004434577674620188,100,0.2685977616853193,1111,124001.60910679118,182867.62428398608,-58866.0151771949,1111,0.620665,0.228279,0.392386,0.093151,0.101058,0.577385,2,0.21172559276807124,-0.21853235161957407,0.004434577674620188,-0.010242474916387967,0.8264321161328807,-0.18938922042233597,False,512
264,False,False,22211.836882460564,-1296144.4503777495,-0.9831518709342063,0.1415577461294022,1.0149626272280652,-0.14995719641555205,0.13701763132958433,103,0.17248189598420013,1257,144461.97289556407,202431.74576577585,-57969.772870211775,1257,0.611102,0.212782,0.39832,0.086011,0.240206,0.163949,1,0.13811529232410913,-0.14995719641555205,0.13701763132958433,-0.028868382214378596,0.7164494486378903,-0.0890760564572406,False,513
611,False,False,22156.16681239188,-1296200.1204478182,-0.9831940978121806,0.14108259435409898,0.9520204555317316,-0.1858057594561453,0.12317850918551154,107,0.20934825543120475,1201,137362.79373020655,193237.99955650695,-55875.2058263004,1201,0.570836,0.240523,0.330313,0.080911,0.221196,0.32457,2,0.14735226743335184,-0.1858057594561453,0.12317850918551154,-0.03424492909617216,0.7192897060064112,-0.09457741009633214,False,514
596,False,False,21990.885232191733,-1296365.4020280184,-0.9833194672451611,0.1396660019645506,0.942989665429854,-0.16565821707905826,0.0824330967726854,129,0.21000658327847269,1200,141583.88159762885,199383.22768841765,-57799.34609078881,1200,0.534371,0.216215,0.31815600000000005,0.090669,0.239866,0.027508,2,0.1444424281789609,-0.16565821707905826,0.0824330967726854,-0.06973664180081152,0.7752016749398132,-0.11830735738523412,False,515
160,False,False,21973.937898563647,-1296382.3493616465,-0.9833323221416651,0.13952024857845524,0.9457119965862045,-0.1723373217380778,0.08708931335253745,128,0.20605661619486504,1206,140037.66386595613,196766.67870917975,-56729.01484322362,1206,0.548118,0.097778,0.45033999999999996,0.081622,0.233845,0.210382,2,0.12210628345251506,-0.1723373217380778,0.08708931335253745,-0.06674510378008569,0.8013938349355438,-0.11830735738523435,False,516
435,False,False,21896.629352930508,-1296459.6579072797,-0.983390962242509,0.1388541744672145,0.8484848474701485,-0.20783138168248616,0.08803473333806666,225,0.3067807768268598,1053,126073.04187907661,182397.60327509174,-56324.561396015124,1053,0.457191,0.165714,0.291477,0.035939,0.23573,0.06925,2,0.08803473333806666,-0.20783138168248616,0.13702983789306789,-0.08912786306211795,0.7699567161525009,-0.16229095176023922,False,517
878,False,False,21822.72438264109,-1296533.562877569,-0.9834470206623789,0.1382155884294325,0.7201442755910834,-0.28356268228785764,-0.009749526090292449,116,0.25806451612903225,1127,128762.21059511587,187514.62215416503,-58752.41155904916,1127,0.677054,0.133029,0.544025,0.008363,0.125385,0.220254,2,0.20777567116894846,-0.27347158419322937,-0.009749526090292449,-0.028868382214378485,0.8246418497463106,-0.2241189646345112,False,518
382,False,False,21802.94640572853,-1296553.3408544816,-0.9834620226592622,0.13804438817491715,0.8435419089729829,-0.20783138168248616,0.08803473333806666,229,0.30809743252139565,1051,124935.02748755035,180640.00456702104,-55704.977079470686,1051,0.460234,0.294309,0.165925,0.01668,0.237512,0.148521,2,0.08803473333806666,-0.20783138168248616,0.11900428800333351,-0.08912786306211784,0.7907735737949038,-0.16229095176023922,False,519
809,False,False,21778.78695353019,-1296577.5003066799,-0.983480348094072,0.13783508556082658,0.8578928607508391,-0.20025149050867785,0.036780839776580754,146,0.24292297564186965,1150,136126.60813689555,193967.37160778287,-57840.76347088732,1150,0.560659,0.291806,0.268853,0.05028,0.220281,0.391646,2,0.2214275586304879,-0.1656586908661256,0.036780839776580754,-0.08814007999239692,0.7198042161669407,-0.20025149050867808,False,520
282,False,False,21719.900015861254,-1296636.3872443489,-0.9835250150314075,0.13732411293089042,0.8681326155830847,-0.21072570525891798,0.09134837948213104,150,0.2271231073074391,1174,129465.45751252872,182478.54899628228,-53013.09148375355,1174,0.649649,0.140124,0.509525,0.004142,0.240481,0.24541,1,0.09422545755463463,-0.16141882217704873,0.09134837948213104,-0.07530061922918518,0.8188111135578009,-0.17039324151457236,False,521
824,False,False,21626.798996162168,-1296729.488264048,-0.9835956340443397,0.1365138959415515,0.7112366503381835,-0.3560623981413773,0.0011907531191546195,101,0.25608953258722844,1130,120360.78811119853,174100.83609012936,-53740.04797893083,1130,0.63011,0.257453,0.37265699999999996,0.074114,0.125984,0.231304,2,0.08675830458084866,-0.3560623981413773,0.0011907531191546195,-0.013438899885404476,0.9876615945573828,-0.1564923142820006,False,522
12,False,False,21577.653247747014,-1296778.634012463,-0.9836329120919282,0.13608502838297598,0.7576054039331973,-0.22044429005146104,-0.017466735344424555,100,0.2435813034891376,1149,117842.9622578829,167832.0187850383,-49989.05652715539,1149,0.600732,0.156174,0.444558,0.048197,0.151369,0.679339,3,-0.017466735344424555,-0.22044429005146104,0.07587547121275384,-0.01143323805634966,1.0412440919754111,-0.13984757569658923,False,523
788,False,False,21559.944791749665,-1296796.3424684606,-0.9836463443151963,0.13593029686561708,0.8547617628607859,-0.2420456098572682,0.018770144726031557,82,0.15668202764976957,1281,145943.7165359287,205359.1885506909,-59415.4720147622,1281,0.71242,0.104597,0.607823,0.038093,0.144799,0.067647,1,0.19655503084928716,-0.2335929810284958,0.018770144726031557,0.0,0.7686372106147115,-0.11987450372923703,False,524
646,False,False,21525.372007480393,-1296830.9152527298,-0.9836725684737211,0.13562790382511491,0.8989577318747759,-0.15277664194601404,0.11809714704477692,196,0.26793943383805136,1112,137681.41412134664,196786.80988050372,-59105.39575915708,1112,0.544989,0.157949,0.38703999999999994,0.012289,0.234264,0.726751,2,0.1989349808503622,-0.152293965099061,0.11809714704477692,-0.0690111433008136,0.6057409938131908,-0.1527766419460138,False,525
733,False,False,21452.89227443747,-1296903.3949857727,-0.9837275458222143,0.13499263807281792,0.8374592797261173,-0.20783138168248616,0.10313955550373266,221,0.29427254772876893,1072,128144.40750454065,185166.14973432562,-57021.74222978497,1072,0.486444,0.275587,0.21085699999999996,0.029364,0.245268,0.041115,2,0.10313955550373266,-0.20783138168248616,0.12758456397170037,-0.08912786306211795,0.7246710463470438,-0.15792821877708385,False,526
207,False,False,21433.660968899367,-1296922.6262913109,-0.9837421331577654,0.1348237802628358,0.6999984258245622,-0.24462791945961948,0.004434577674620188,106,0.2554312047399605,1131,122814.95118308434,180402.26060273178,-57587.30941964744,1131,0.652738,0.113144,0.539594,0.059282,0.09206,0.649605,2,0.1558068046727452,-0.24462791945961948,0.004434577674620188,-0.010242474916387967,0.8462455222176937,-0.1893892204223364,False,527
768,False,False,21402.68478183941,-1296953.6024783708,-0.9837656292243138,0.13455153225558192,0.7821079874327599,-0.2641222710358644,0.03293521219091322,211,0.31336405529953915,1043,135612.42632394555,198366.95394618518,-62754.527622239635,1043,0.551704,0.162837,0.38886699999999996,0.01713,0.210503,0.201107,2,0.3396032768029076,-0.1374144636201603,0.03293521219091322,-0.10151450492329783,0.5467458929687183,-0.2641222710358643,False,528
624,False,False,21377.556402992504,-1296978.7308572177,-0.9837846896096509,0.13433043876209827,0.7915761202940242,-0.2549384278162137,0.041225961659928645,198,0.30612244897959184,1054,132643.85144433065,193786.77135613366,-61142.91991180301,1054,0.507961,0.25614,0.251821,0.066479,0.212043,0.349608,2,0.29999188661622256,-0.1417732713505443,0.041225961659928645,-0.10151450492329817,0.5793283487042145,-0.2549384278162141,False,529
940,False,False,21345.210762352952,-1297011.0764978572,-0.9838092244345326,0.1340455244490273,0.5903487609022854,-0.3660147490783081,-0.14246887660881002,105,0.3087557603686636,1050,87943.97817714226,133139.60791315438,-45195.629736012124,1050,0.634766,0.157583,0.477183,0.086674,0.003687,0.666714,3,-0.14246887660881002,-0.3660147490783081,0.0,0.0,1.4891470618513853,-0.15057820905038155,False,530
839,False,False,21328.350536505237,-1297027.936723705,-0.9838220132580173,0.13389686952209967,0.680254320511046,-0.23046607781455342,0.0158268850532457,246,0.39302172481895986,922,103516.96748644381,154302.15388937754,-50785.18640293373,922,0.559022,0.108744,0.450278,0.005099,0.158745,0.273715,2,0.059514090821769505,-0.22865428242446428,0.0158268850532457,-0.13326464881226963,0.9816676977074803,-0.23046607781455342,False,531
722,False,False,21292.64050201203,-1297063.646758198,-0.9838491000439175,0.1335816937818648,0.7004023211133547,-0.25431408833851765,-0.00951881681365263,94,0.2337063857801185,1164,124570.4736402145,180274.72741516252,-55704.25377494801,1164,0.688482,0.225815,0.46266700000000005,0.008416,0.078624,0.465674,3,0.1369729437474554,-0.25431408833851765,-0.00951881681365263,-0.010242474916387967,0.8907458780339861,-0.22309216491288786,False,532
963,False,False,21279.252515133234,-1297077.034745077,-0.983859255103675,0.13346341815485752,1.0277677173558613,-0.17331009376864748,0.08130789296184115,98,0.16326530612244897,1271,139206.59520307055,193812.23715383408,-54605.64195076353,1271,0.599027,0.067118,0.531909,0.060578,0.226189,0.208719,2,0.08130789296184115,-0.17331009376864748,0.1318909771163954,-0.028868382214378596,0.7386108965388742,-0.08558432478000777,False,533
491,False,False,21259.65478591559,-1297096.6324742946,-0.9838741203790236,0.13329017083229133,0.8419379375799465,-0.16095499180324258,0.04709444568239696,203,0.27518104015799866,1101,134516.00138934067,193806.37735014685,-59290.37596080618,1101,0.542404,0.200444,0.34196,0.022919,0.228249,0.104787,2,0.17767126420664603,-0.16095499180324258,0.04709444568239696,-0.10151450492329783,0.7240357774352335,-0.15840086125680697,False,534
153,False,False,21250.568070589605,-1297105.7191896206,-0.9838810128370137,0.1332097974894959,0.924653337903269,-0.2096120449391573,0.07750106249138788,150,0.24226464779460172,1151,131763.8604175253,187611.825342101,-55847.964924575674,1151,0.45363,0.055754,0.397876,0.067602,0.232214,0.629946,3,0.07750106249138788,-0.2096120449391573,0.21681502574513312,-0.06457407901977619,0.6207956898338429,-0.08976146687681552,False,535
174,False,False,21194.08626320274,-1297162.2009970073,-0.983923855434218,0.1327095636688913,0.6818450552305768,-0.2272845365375844,0.018770144726031557,114,0.2521395655036208,1136,127081.69726568632,185926.41380527779,-58844.71653959146,1136,0.655068,0.079969,0.575099,0.086891,0.0931,0.211008,1,0.21157885387371667,-0.2193868601650274,0.018770144726031557,0.0,0.7170652673373092,-0.204743714989022,False,536
841,False,False,21188.000947767257,-1297168.286312443,-0.9839284712694777,0.13265560245109764,0.8497434700921624,-0.14789760203344382,-0.011316495651413572,174,0.2567478604344964,1129,132065.04494203517,188528.31091486613,-56463.265972830966,1129,0.512028,0.269462,0.24256600000000006,0.077068,0.224581,0.049316,2,0.1875360118479794,-0.14513684467682186,-0.011316495651413572,-0.11378012142306682,0.8046205852051971,-0.1478976020334436,False,537
784,False,False,21187.849432685358,-1297168.4378275247,-0.9839285861967423,0.13265425873406933,0.6103738399776867,-0.37375567802312937,-0.12056078149128302,135,0.3390388413429888,1004,96904.70740614284,149376.53317830694,-52471.8257721641,1004,0.662843,0.298556,0.36428699999999997,0.024402,0.051467,0.502993,3,-0.12056078149128302,-0.37375567802312937,0.0542312627592183,-0.10810868892363956,1.2853102005823218,-0.203029433239167,False,538
890,False,False,21187.070695423245,-1297169.2165647869,-0.9839291768847601,0.13264735234780556,0.8027360250014611,-0.20794649610588045,0.07961300840505925,231,0.3225806451612903,1029,120019.98900161902,175336.5055970001,-55316.51659538108,1029,0.454693,0.263056,0.191637,0.03243,0.2236,0.167378,2,0.07961300840505925,-0.20794649610588045,0.09906858734337787,-0.118846289714994,0.7855746497711393,-0.16254272080610677,False,539
656,False,False,21140.701468239666,-1297215.5857919704,-0.9839643488846449,0.13223573547238865,0.9533009860970384,-0.16593393337200946,0.13339083821874986,141,0.22448979591836735,1178,138713.6398187875,196484.73048915234,-57771.09067036485,1178,0.516741,0.145353,0.371388,0.028049,0.236089,0.100127,3,0.13339083821874986,-0.16593393337200946,0.18599024664150376,-0.06457407901977619,0.5727459602310174,-0.08976146687681552,False,540
589,False,False,21135.162313651013,-1297221.124946559,-0.9839685504458178,0.1321865143878469,0.8111083766523653,-0.21417288011591007,0.08164484436570185,233,0.3140223831468071,1042,122885.89230904366,178170.15430860873,-55284.261999565075,1042,0.456349,0.160379,0.29597,0.014395,0.232795,0.154895,2,0.09146740451623825,-0.21417288011591007,0.08164484436570185,-0.11884628971499422,0.7902353662215413,-0.16254272080610677,False,541
235,False,False,21108.555344715376,-1297247.7319154947,-0.9839887323717453,0.13194993402684907,0.6991476429318083,-0.29646920105420427,0.004434577674620188,96,0.2455562870309414,1146,121520.60352927491,176799.5570409734,-55278.95351169848,1146,0.638943,0.270928,0.36801500000000004,0.071004,0.116972,0.45535,2,0.0940026908359084,-0.29646920105420427,0.004434577674620188,-0.010242474916387967,0.9209606401907677,-0.15649231428200072,False,542
738,False,False,21073.399366420035,-1297282.8878937901,-0.9840153988947749,0.13163695695614508,0.6317624141869453,-0.22810865265543323,0.0,98,0.18959842001316657,1231,124599.23811142876,183058.60157647543,-58459.36346504667,1231,0.720116,0.090943,0.629173,0.023041,0.001386,0.24136,2,0.22331717285435015,-0.22810865265543323,0.0,0.0,0.7226439580873183,-0.15977065560340054,False,543
977,False,False,21044.908234890092,-1297311.37902532,-0.9840370099962694,0.13138299421864463,0.7656587228585827,-0.19875082570674552,0.0,62,0.17314022383146807,1256,149678.4141696893,215786.03721635538,-66107.62304666609,1256,0.700326,0.165122,0.535204,0.029545,0.102224,0.031799,2,0.3435179747452082,-0.19875082570674552,0.0,0.0,0.5664031766215247,-0.15733492318488884,False,544
703,False,False,21044.488140521487,-1297311.7991196886,-0.9840373286463738,0.13137924745883933,0.7949868473819621,-0.25248018367593306,0.14892547078564022,210,0.31599736668861095,1039,126274.73661616232,184953.60796529037,-58678.87134912805,1039,0.473265,0.076222,0.397043,0.079443,0.220744,0.689491,2,0.21666714363712525,-0.17460865256668945,0.14892547078564022,-0.070793816692313,0.5054790955968635,-0.2524801836759325,False,545
321,False,False,21036.705858520305,-1297319.58140169,-0.9840432316652136,0.13130982714675854,0.8646769008516576,-0.15418403357284172,0.08843161105171515,198,0.26201448321263987,1121,139418.40133654664,200709.03569843573,-61290.6343618891,1121,0.542252,0.149425,0.3928269999999999,0.007652,0.259392,0.096582,2,0.1962618027483769,-0.15418403357284172,0.08843161105171515,-0.06901114330081337,0.6156614116667352,-0.1447365034497351,False,546
117,False,False,20968.63788259592,-1297387.6493776143,-0.9840948626063956,0.13070172540298275,0.6114843615851638,-0.33429689343502167,-0.042526501845712494,113,0.2876892692560895,1082,94602.38476232355,141188.04781638514,-46585.66305406159,1082,0.675377,0.112102,0.563275,0.049735,0.04941,0.680069,2,-0.042526501845712494,-0.33429689343502167,0.0,0.0,1.189996686385261,-0.2382213821610758,False,547
22,False,False,20942.82523822134,-1297413.4620219888,-0.9841144420210227,0.13047069125517097,0.6022874933554846,-0.40099062993312373,-0.0930482842650634,110,0.3271889400921659,1022,92056.84725318567,141049.2773488186,-48992.43009563294,1022,0.629901,0.255214,0.37468700000000005,0.08379,0.016024,0.014122,3,-0.0930482842650634,-0.40099062993312373,0.0,0.0,1.3091444533241359,-0.18707019738723507,False,548
210,False,False,20919.386606910157,-1297436.9006532999,-0.9841322206985605,0.1302606996891995,0.9505630484638097,-0.14548246105806517,0.125123104717485,133,0.20144832126398945,1213,146691.06235785782,207003.76936428185,-60312.707006424025,1213,0.562463,0.084037,0.478426,0.044725,0.243354,0.718855,2,0.18635346462678037,-0.14548246105806517,0.125123104717485,-0.057977208683827164,0.567237447265486,-0.11830735738523424,False,549
521,False,False,20905.98408346684,-1297450.3031767432,-0.9841423867845972,0.1301405354906695,0.8698548680391324,-0.16374821433766817,0.019020149282376053,94,0.2073732718894009,1204,130912.68715164498,183409.74338124052,-52497.056229595546,1204,0.579551,0.158917,0.42063400000000006,0.056267,0.178064,0.033607,3,0.1042602803663597,-0.16374821433766817,0.019020149282376053,-0.0377505567928732,0.8578745808501325,-0.09294181700631943,False,550
103,False,False,20813.669920735465,-1297542.6173394746,-0.98421240895055,0.1293111161734195,0.8291067888991619,-0.2338723167972231,0.0029642721924245663,172,0.2804476629361422,1093,118138.25731450442,169126.93466028143,-50988.67734577702,1093,0.451209,0.297004,0.15420500000000004,0.029171,0.20888,0.580688,3,0.0029642721924245663,-0.2338723167972231,0.16959253597576063,-0.07247929099029893,0.7743063713863176,-0.10474204615410354,False,551
675,False,False,20799.206158544464,-1297557.0811016657,-0.9842233800077147,0.1291808850220375,0.866563492112058,-0.11753219998200304,0.0,56,0.10994075049374588,1352,156179.94121780357,219454.88871001548,-63274.94749221191,1352,0.702156,0.060685,0.641471,0.012676,0.09892,0.310975,3,0.25635719291963244,-0.11753219998200304,0.0,0.0,0.6555169402269632,-0.0899345252798548,False,552
495,False,False,20783.692945680243,-1297572.5943145298,-0.9842351470945138,0.1290411206721036,0.8132282105365416,-0.20783138168248616,0.08803473333806666,221,0.29427254772876893,1072,126858.47315784376,183799.52989179667,-56941.05673395291,1072,0.490123,0.190364,0.299759,0.004968,0.251615,0.60557,2,0.08803473333806666,-0.20783138168248616,0.12983992104606656,-0.08912786306211795,0.6906863341725902,-0.15792821877708385,False,553
599,False,False,20776.59278359889,-1297579.6944766112,-0.9842405327115505,0.12897712362202762,1.0410845607234422,-0.12832876718177466,0.0011907531191546195,73,0.12903225806451613,1323,146137.96753990027,202391.299815447,-56253.33227554674,1323,0.666666,0.068677,0.597989,0.03862,0.179602,0.419396,2,0.15982422612903213,-0.12832876718177466,0.0011907531191546195,-0.013438899885404476,0.7892265006522092,-0.0890760564572407,False,554
641,False,False,20744.691766650183,-1297611.59549356,-0.9842647302803391,0.12868935967443162,0.8585380763981071,-0.18880405137122802,0.08106878682111573,133,0.24753127057274524,1143,128383.83941780077,182686.4288657556,-54302.589447954815,1143,0.496895,0.202589,0.29430599999999996,0.077435,0.202618,0.185281,3,0.08106878682111573,-0.18880405137122802,0.13736828417126246,-0.07090526573943623,0.6871455247019773,-0.11432628335855421,False,555
931,False,False,20727.229143169672,-1297629.0581170404,-0.984277976034654,0.12853168126866565,0.9386732988442605,-0.1789419906013715,0.05081777444141489,114,0.17643186306780778,1251,134286.68818458877,188626.6311831787,-54339.94299858992,1251,0.658291,0.099654,0.5586369999999999,0.028968,0.232885,0.624962,1,0.05081777444141489,-0.1789419906013715,0.11159401712098838,-0.03968209648604015,0.7744658178285562,-0.12769255525278778,False,556
789,False,False,20689.699479082796,-1297666.5877811273,-0.9843064430465305,0.12819243260959623,0.9917990914310232,-0.08928241900730405,0.020419927458728226,67,0.13232389730085584,1318,151327.93203693622,211344.5317336635,-60016.599696727266,1318,0.657718,0.071647,0.586071,0.022068,0.168925,0.433243,3,0.2548911387286137,-0.08418938205909843,0.020419927458728226,-0.010242474916387967,0.6157315250195956,-0.08928241900730394,False,557
556,False,False,20676.42245165398,-1297679.8648085562,-0.9843165139412932,0.1280722922632287,0.6390665056335703,-0.31157493882623133,0.042350937371688824,133,0.3140223831468071,1042,112495.14639482675,168820.71910012254,-56325.572705295795,1042,0.663017,0.298431,0.36458599999999997,0.030397,0.083027,0.676225,2,0.042350937371688824,-0.31157493882623133,0.12078406623228122,-0.02367531003382195,0.769862337016338,-0.29044031722029384,False,558
237,False,False,20643.367648201933,-1297712.9196120081,-0.9843415866805606,0.1277729082375434,0.6627953653285544,-0.24131980927792618,-0.006284656667867261,217,0.3673469387755102,961,103067.21588581266,152572.6491670367,-49505.43328122403,961,0.564736,0.109114,0.455622,0.02341,0.157808,0.356471,2,0.03898482660008784,-0.23036901754612682,-0.006284656667867261,-0.14611546798304742,0.9994444673594092,-0.22086220122556943,False,559
644,False,False,20623.21435237301,-1297733.072907837,-0.9843568733644591,0.12759017950165852,0.8604765905595778,-0.15993643698785587,0.05796859602849325,184,0.24621461487820934,1145,139767.5594969572,200575.34310285217,-60807.783605894976,1145,0.486988,0.22148,0.26550799999999997,0.071153,0.290092,0.406743,2,0.20839182762099817,-0.15993643698785587,0.05796859602849325,-0.06901114330081382,0.6131538897110482,-0.14175156899302477,False,560
864,False,False,20554.640609017635,-1297801.6466511926,-0.9844088879405021,0.12696730778771248,0.7415728976334618,-0.2574425296100995,0.11696440373262473,224,0.32653061224489793,1023,117919.06617442322,174037.06129846157,-56117.99512403835,1023,0.472049,0.136868,0.335181,0.065934,0.220085,0.295498,2,0.12741675289148469,-0.22696053370874003,0.11696440373262473,-0.09699750275071828,0.632247720742835,-0.2574425296100997,False,561
932,False,False,20492.618651426805,-1297863.6686087833,-0.9844559328540737,0.1264024529461789,0.7138434491802177,-0.19699234280424327,-0.010242474916387967,66,0.19749835418038184,1219,134046.19254234963,192963.99011426434,-58917.79757191471,1219,0.644529,0.093426,0.551103,0.060451,0.111716,0.11068,3,0.1789595207273187,-0.19699234280424327,-0.010242474916387967,-0.010242474916387967,0.7561829319129152,-0.14296168116582497,False,562
423,False,False,20473.373724191602,-1297882.9135360185,-0.9844705305219584,0.1262268930444459,0.8528218374743692,-0.15066205715216086,0.08157530403627766,186,0.2455562870309414,1146,142629.07909113562,205281.79800097557,-62652.718909839954,1146,0.475293,0.177996,0.29729700000000003,0.088104,0.280024,0.232664,2,0.22173258574116295,-0.15066205715216086,0.08157530403627766,-0.06901114330081382,0.5493748227896316,-0.14175156899302477,False,563
52,False,False,20439.10494371648,-1297917.1823164937,-0.9844965240874356,0.12591393849614363,0.7824128507037983,-0.21417288011590974,0.08657548601647602,222,0.3015141540487163,1061,124050.18870349185,181070.85288042837,-57020.66417693652,1061,0.464884,0.25084,0.214044,0.064473,0.227958,0.625892,2,0.08657548601647602,-0.21417288011590974,0.1191985187163378,-0.09519134724326084,0.6807179721095229,-0.16254272080610666,False,564
365,False,False,20399.04327674676,-1297957.2439834634,-0.9845269116748859,0.12554752589932794,0.9552142053708794,-0.16439096546643706,0.13871095154402235,130,0.20934825543120475,1201,140552.03192071893,199426.86168380087,-58874.82976308194,1201,0.481942,0.158708,0.323234,0.005218,0.291125,0.279552,3,0.13871095154402235,-0.16439096546643706,0.16871676667195112,-0.07367861553551303,0.5328054194794616,-0.09657498272419629,False,565
736,False,False,20385.063269525544,-1297971.2239906846,-0.9845375157940882,0.12541952047795268,0.92121163720485,-0.17106425415475546,0.06642985975318494,74,0.15602369980250164,1282,134913.43234402948,187704.33504085822,-52790.902696828736,1282,0.638289,0.207737,0.430552,0.018126,0.186855,0.200807,3,0.07077580062883371,-0.17106425415475546,0.06642985975318494,-0.01143323805634966,0.7851767392617295,-0.09294181700631932,False,566
605,False,False,20384.93559909595,-1297971.3516611143,-0.9845376126347001,0.12541835114927458,0.8426383294535965,-0.18880405137122802,0.07244182974166158,150,0.24818959842001317,1142,127116.09452587625,181021.1647836703,-53905.070257794054,1142,0.546699,0.06661,0.48008900000000004,0.007511,0.205298,0.380518,3,0.07244182974166158,-0.18880405137122802,0.11852660966569206,-0.06799602767555701,0.6993752092511334,-0.11432628335855488,False,567
956,False,False,20384.687125170374,-1297971.6001350398,-0.9845378011072154,0.1254160753683924,0.9539182162420299,-0.16593393337200946,0.13339083821874986,122,0.2034233048057933,1210,142064.85213767487,200237.20339263804,-58172.35125496317,1210,0.532117,0.162528,0.36958899999999995,0.032532,0.237931,0.653883,3,0.13339083821874986,-0.16593393337200946,0.162681795568403,-0.06457407901977619,0.546904417647875,-0.0759831053527138,False,568
535,False,False,20348.19781891825,-1298008.089441292,-0.9845654789865601,0.12508161713778687,0.6396431338182038,-0.32208256668139,-0.07252554977660308,123,0.31994733377221857,1033,102036.7507519709,154268.2847584832,-52231.5340065123,1033,0.561022,0.147646,0.413376,0.0911,0.130481,0.571418,3,-0.07252554977660308,-0.32208256668139,0.22506312648172822,-0.0337482048827189,0.7908760490819371,-0.2766309225567125,False,569
587,False,False,20327.34080970442,-1298028.9464505056,-0.984581299451343,0.12489021860417204,0.7922057126943853,-0.24537780010954102,0.0,40,0.10796576695194207,1355,168457.60626796234,237873.95396223103,-69416.34769426868,1355,0.714717,0.220207,0.49451,0.068246,0.00187,0.214109,2,0.4584988962806751,-0.21612014411468172,0.0,0.0,0.39371657130089477,-0.15706364867385436,False,570
76,False,False,20322.044770480286,-1298034.2424897298,-0.9845853166045779,0.12484159236006498,0.6887767971389597,-0.249650616903899,0.0,77,0.2139565503620803,1194,125617.01384433158,182095.268763464,-56478.25491913242,1194,0.667187,0.187529,0.479658,0.054529,0.104048,0.479181,2,0.14935110586954914,-0.249650616903899,0.0,0.0,0.7681320065469026,-0.15733492318488895,False,571
329,False,False,20314.597601479396,-1298041.6896587308,-0.9845909654334057,0.12477319736495729,0.8137495934996474,-0.2312845077339606,0.02124093606164501,161,0.2672811059907834,1113,120899.01716901359,172966.73666749807,-52067.71949848448,1113,0.525458,0.089623,0.435835,0.000269,0.203109,0.01745,3,0.02124093606164501,-0.2312845077339606,0.16589247268463336,-0.07090526573943623,0.706166893697445,-0.11432628335855433,False,572
554,False,False,20294.564336179585,-1298061.7229240306,-0.984606161071712,0.12458910747862983,0.8199060599438456,-0.15185697943400567,-0.011316495651413572,170,0.2455562870309414,1146,133007.67747858126,189431.63754510987,-56423.96006652861,1146,0.536074,0.111922,0.4241520000000001,0.047199,0.23357,0.646719,2,0.17074809649535383,-0.15185697943400567,-0.011316495651413572,-0.11378012142306682,0.7533111075741643,-0.1478976020334436,False,573
244,False,False,20293.925605991517,-1298062.3616542185,-0.9846066455615227,0.12458323555971251,0.7854161402960568,-0.22565773374447984,0.0,53,0.15141540487162608,1289,139720.14039169307,196972.72502172174,-57252.584630028665,1289,0.681916,0.292405,0.38951099999999994,0.051423,0.141738,0.251113,2,0.1851573765982759,-0.19699234280424316,0.0,0.0,0.7123401504904443,-0.12928365916654816,False,574
740,False,False,20281.692008159414,-1298074.5952520508,-0.9846159249937598,0.12447074094865762,0.7194896008278586,-0.21326952504469832,0.03006740978813549,111,0.2567478604344964,1129,130237.55999365478,189070.93496163702,-58833.374967982236,1129,0.622327,0.295608,0.326719,0.059017,0.156829,0.139278,2,0.21608936290137493,-0.21326952504469832,0.03006740978813549,-0.03256349970031558,0.6190976664332211,-0.10603827438591595,False,575
549,False,False,20248.731832902504,-1298107.5554273077,-0.9846409259556207,0.12416737223197671,0.9119829096432063,-0.21481788027648574,0.052098405464378494,112,0.17643186306780778,1251,133132.65938604547,186984.80063922695,-53852.14125318147,1251,0.667473,0.192892,0.474581,0.007165,0.256284,0.329566,1,0.052098405464378494,-0.21481788027648574,0.11780220298799104,-0.0467270920710402,0.7217754264511107,-0.11049272427042389,False,576
304,False,False,20248.123360173788,-1298108.1639000364,-0.9846413874945344,0.12416176791777889,0.588945732128154,-0.2766309225567125,0.029490615829812272,148,0.37919684002633314,943,98617.10233381494,156409.53492303312,-57792.43258921818,943,0.60165,0.215595,0.38605500000000004,0.089807,0.082352,0.514854,2,0.029490615829812272,-0.24104235464652013,0.1185809755628866,-0.030736101423221474,0.7583080204204597,-0.27663092255671273,False,577
28,False,False,20222.287003105976,-1298134.0002571042,-0.9846609848957206,0.12392367344844302,0.9150833022291651,-0.15019460577013422,0.0011907531191546195,68,0.14614878209348256,1297,137832.2341446985,192914.79214889297,-55082.55800419446,1297,0.675831,0.113491,0.56234,0.030545,0.185289,0.657878,2,0.15584867521570445,-0.15019460577013422,0.0011907531191546195,-0.013438899885404476,0.7474809915708283,-0.08907605645724037,False,578
3,False,False,20217.03944986402,-1298139.247810346,-0.984664965271354,0.12387528372112033,1.0106518552327843,-0.10876296640346805,0.0,37,0.06188281764318631,1425,169369.00108884403,236052.81357363533,-66683.8124847913,1425,0.741107,0.097544,0.643563,0.054356,0.054832,0.135334,1,0.3740700322934476,-0.10521235521235528,0.0,0.0,0.47132525815441473,-0.10876296640346794,False,579
729,False,False,20209.04062633565,-1298147.2466338745,-0.9846710325413369,0.12380150330227901,0.8414924756734415,-0.15993643698785587,0.036721530078407394,185,0.24028966425279788,1154,139070.64491736467,199635.44926626346,-60564.80434889879,1154,0.509356,0.152892,0.356464,0.047572,0.289764,0.549366,2,0.20839182762099817,-0.15993643698785587,0.036721530078407394,-0.06901114330081382,0.6131538897110482,-0.14175156899302477,False,580
922,False,False,20206.603792102323,-1298149.6834681078,-0.9846728809295586,0.12377902132487928,0.8275172613787356,-0.1506620571521614,0.06722709207280553,193,0.25279789335088876,1135,137778.72705425037,198656.90124274656,-60878.174188496196,1135,0.524608,0.05695,0.46765799999999996,0.027105,0.274557,0.142243,2,0.18829534905850576,-0.1506620571521614,0.06722709207280553,-0.06901114330081348,0.5933533110054015,-0.14473650344973454,False,581
642,False,False,20159.970270568527,-1298196.3169896416,-0.9847082534020718,0.12334834900008329,0.9267998076217693,-0.16593393337200946,0.13339083821874986,129,0.2139565503620803,1194,140485.30227757234,198847.74148778286,-58362.43921021052,1194,0.48818,0.214074,0.274106,0.075076,0.239015,0.539682,3,0.13339083821874986,-0.16593393337200946,0.17334186336850643,-0.06457407901977619,0.5159526048356797,-0.08135728937817455,False,582
359,False,False,20038.981092977145,-1298317.306167233,-0.9848000261487568,0.12222709632161965,0.7412321135600372,-0.1969923428042435,0.0,35,0.14944042132982224,1292,139990.36038325258,197250.85168917227,-57260.491305919684,1292,0.626469,0.202477,0.42399200000000004,0.096834,0.13409,0.680422,3,0.16002917584152265,-0.1969923428042435,0.0,0.0,0.7274549218505832,-0.08928241900730405,False,583
296,False,False,20036.27594893503,-1298320.0113112752,-0.9848020780554139,0.1222019622569035,0.5901960221485317,-0.33652905624890084,-0.12243919070613907,81,0.21000658327847269,1200,101644.29003906895,147593.16078772335,-45948.8707486544,1200,0.682626,0.112556,0.57007,0.044537,0.006335,0.011521,3,-0.12243919070613907,-0.33652905624890084,0.0,0.0,1.2831780700254183,-0.12639208915049094,False,584
176,False,False,20025.407887743797,-1298330.8793724664,-0.9848103217003953,0.12210095626746398,0.7580636771543153,-0.2773644561157893,0.018770144726031557,79,0.17314022383146807,1256,132718.95144707055,187909.84638867,-55190.89494159946,1256,0.6793,0.128968,0.550332,0.066972,0.179358,0.173037,1,0.13202286504186334,-0.2222812390099057,0.018770144726031557,0.0,0.736400740603925,-0.17646141747864308,False,585
880,False,False,19997.667257746085,-1298358.6200024642,-0.9848313635312462,0.1218429319173584,0.8759382315300763,-0.15019460577013422,0.0011907531191546195,70,0.1553653719552337,1283,144295.0218772255,203049.85539840424,-58754.83352117875,1283,0.674285,0.144811,0.529474,0.025242,0.192384,0.179117,2,0.24763223338023033,-0.15019460577013422,0.0011907531191546195,-0.013438899885404476,0.6009431913919587,-0.1049113764489571,False,586
853,False,False,19937.5294115374,-1298418.7578486728,-0.9848769793080964,0.12128254408545902,0.8293560361519989,-0.1506620571521614,0.12164766059810317,169,0.24621461487820934,1145,139777.87133480146,201343.35780807104,-61565.486473269586,1145,0.483674,0.197516,0.286158,0.093688,0.266722,0.583049,2,0.18519720113865068,-0.1506620571521614,0.12164766059810317,-0.06901114330081393,0.49976864228580586,-0.1373764861335397,False,587
844,False,False,19930.750858312582,-1298425.5364018977,-0.9848821209782885,0.12121929050906388,0.8559130716993084,-0.2096120449391573,0.07750106249138788,150,0.24160631994733378,1152,128831.05607995641,184079.30465053231,-55248.2485705759,1152,0.470519,0.164736,0.305783,0.047483,0.231552,0.369523,3,0.07750106249138788,-0.2096120449391573,0.146083947311914,-0.09373674535963483,0.6139479466295119,-0.08976146687681585,False,588
108,False,False,19887.528681396772,-1298468.7585788134,-0.9849149058766756,0.12081554339218803,0.9020835392269577,-0.2162609350702075,0.044014105099416945,123,0.17774851876234365,1249,129019.09050093134,180802.7141911359,-51783.62369020455,1249,0.640185,0.097191,0.542994,0.020438,0.287143,0.569247,1,0.044014105099416945,-0.2162609350702075,0.05339413828029471,-0.07530061922918574,0.8083544341958,-0.07377049180327855,False,589
997,False,False,19887.45461094337,-1298468.8326492668,-0.9849149620606178,0.12081485085711852,0.6322829930905789,-0.35606239814137763,0.00598371944370335,112,0.2804476629361422,1093,108863.7758238856,160304.43944483192,-51440.66362094632,1093,0.616273,0.281914,0.33435899999999996,0.076484,0.1276,0.292874,2,0.03273836131640495,-0.35606239814137763,0.00598371944370335,-0.013438899885404476,0.9142468446433274,-0.15969565734807623,False,590
128,False,False,19886.53972088753,-1298469.7475393226,-0.9849156560232929,0.12080629675005139,0.8569711158052965,-0.15778372936089358,0.0970153631714441,80,0.16458196181698487,1269,146244.00293908812,206759.9736177201,-60515.97067863197,1269,0.627286,0.155965,0.471321,0.048808,0.208197,0.630609,2,0.20053079941599772,-0.15778372936089358,0.0970153631714441,-0.028868382214378485,0.509986991958463,-0.10491137644895732,False,591
308,False,False,19876.506474425896,-1298479.7807857844,-0.9849232664443593,0.12071246561126947,0.8816994264681403,-0.170904581939058,0.04164391409678703,114,0.17774851876234365,1249,132800.09494204578,188154.73350331347,-55354.6385612677,1249,0.640454,0.080015,0.5604389999999999,0.051283,0.231112,0.716755,1,0.04164391409678703,-0.170904581939058,0.13701763132958433,-0.028868382214378596,0.6782380927637834,-0.12769255525278778,False,592
667,False,False,19866.952786615573,-1298489.3344735946,-0.9849305131104561,0.12062308258913523,1.0181646304805485,-0.1295658435943956,0.006476855814584903,69,0.12113232389730086,1335,148674.61915637492,206530.66603958778,-57856.04688321287,1335,0.632671,0.169387,0.463284,0.079066,0.289146,0.141213,1,0.1941629522676127,-0.1295658435943956,0.006476855814584903,-0.028868382214378485,0.6529658208911409,-0.07377049180327855,False,593
691,False,False,19859.343999956433,-1298496.9432602536,-0.9849362845295577,0.12055187015075819,0.835560302382529,-0.16025852818519237,0.06929485655169998,180,0.2350230414746544,1162,141667.32896925128,203362.51594762647,-61695.18697837519,1162,0.536883,0.283868,0.253015,0.013497,0.294785,0.286144,2,0.20839182762099817,-0.15993643698785587,0.06929485655169998,-0.06901114330081337,0.536949653479565,-0.16025852818519237,False,594
623,False,False,19835.440602111037,-1298520.8466580992,-0.9849544157419442,0.12032800443685199,0.8149332619601398,-0.14501260170747432,0.014366002197698124,168,0.2350230414746544,1162,138008.79708454723,196877.74568532524,-58868.94860077801,1162,0.520328,0.123605,0.396723,0.060783,0.247208,0.431059,2,0.19208426497078412,-0.14501260170747432,0.014366002197698124,-0.10350237482802127,0.6403639318815366,-0.1432024034340158,False,595
315,False,False,19775.19410814133,-1298581.0931520688,-0.9850001139303262,0.11976276990428558,0.8352857204459476,-0.1620900964874633,-0.009749526090292449,77,0.17116524028966426,1259,137626.24441806282,193947.897023,-56321.652604937175,1259,0.6899,0.270417,0.41948299999999994,0.000587,0.184443,0.509362,2,0.20241335550534334,-0.1620900964874633,-0.009749526090292449,-0.028868382214378485,0.6608174710331114,-0.1049113764489572,False,596
732,False,False,19772.0394287908,-1298584.2478314193,-0.985002506818638,0.11973313304660671,0.6603503456007122,-0.19699234280424338,0.0,59,0.2086899275839368,1202,124479.85913406462,180137.91525175053,-55658.056117685905,1202,0.620909,0.234211,0.38669800000000004,0.097328,0.080225,0.556349,3,0.10751697521582293,-0.19699234280424338,0.0,0.0,0.7852583636415864,-0.1870701973872353,False,597
340,False,False,19745.010513100642,-1298611.2767471096,-0.9850230087997423,0.11947904619718908,0.7027921646307133,-0.2574425296100995,0.055414050814043714,236,0.3285055957867018,1020,117080.91438863953,173275.50498596678,-56194.590597327246,1020,0.51897,0.295304,0.22366600000000003,0.002606,0.214193,0.397799,2,0.14826929467101735,-0.22696053370874048,0.055414050814043714,-0.10025827573367085,0.6292613154566771,-0.2574425296100994,False,598
405,False,False,19683.96851416053,-1298672.3187460497,-0.9850693103947891,0.11890414825217444,0.9474839308064676,-0.16439096546643706,0.13757937515944496,117,0.1869651086240948,1235,142514.67133129705,201919.0555521778,-59404.38422088075,1235,0.53283,0.211569,0.321261,0.004693,0.291392,0.261276,3,0.13757937515944496,-0.16439096546643706,0.19141134796502057,-0.057104797485934666,0.45234308018031544,-0.09657498272419618,False,599
464,False,False,19577.67557036844,-1298778.6116898416,-0.9851499357498764,0.11789951484122119,0.7911562533502977,-0.16374821433766806,0.004434577674620188,69,0.17314022383146807,1256,132998.57677606193,187951.41432339133,-54952.8375473294,1256,0.615822,0.062466,0.553356,0.097488,0.176369,0.598772,2,0.15306833002741382,-0.16374821433766806,0.004434577674620188,-0.010242474916387967,0.6903803221684703,-0.08928241900730405,False,600
576,False,False,19569.927334394004,-1298786.359925816,-0.9851558129441139,0.11782610421306394,0.9032947185126211,-0.18724902264132526,0.05339413828029471,118,0.17445687952600394,1254,133434.27853887016,187294.84220296095,-53860.56366409079,1254,0.630992,0.25811,0.372882,0.0289,0.299389,0.381757,1,0.08341390310983487,-0.18724902264132526,0.05339413828029471,-0.07530061922918574,0.7147622389140369,-0.07377049180327855,False,601
1,False,False,19532.683829800324,-1298823.60343041,-0.9851840628982073,0.11747290209322969,0.5736969640033186,-0.37955186543032204,-0.0830978156814064,104,0.28505595786701776,1086,96103.84066710377,145258.4333732243,-49154.592706120544,1086,0.663368,0.21789,0.44547799999999993,0.046114,0.018091,0.182929,3,-0.0830978156814064,-0.37955186543032204,0.0,0.0,1.1302909038564724,-0.1917683788521769,False,602
777,False,False,19525.426721491727,-1298830.8605387185,-0.9851895675621427,0.11740401327163785,0.7155665992370116,-0.25778611367026627,-0.03447201723429594,186,0.2837393021724819,1088,127550.32083741977,185987.8229042854,-58437.50206686562,1088,0.538235,0.175473,0.36276200000000003,0.043343,0.215953,0.447985,2,0.26381164363131293,-0.16565869086612606,-0.03447201723429594,-0.13343313814854885,0.6001228122984172,-0.24445698083099554,False,603
452,False,False,19497.663462494205,-1298858.6237977159,-0.9852106265575492,0.11714027048472242,0.7967252386135233,-0.14501260170747432,0.014366002197698124,168,0.2337063857801185,1164,137615.38047790903,196685.91337456505,-59070.53289665602,1164,0.546932,0.228943,0.31798899999999997,0.034183,0.247907,0.483771,2,0.19208426497078412,-0.14501260170747432,0.014366002197698124,-0.10350237482802127,0.612430222318131,-0.1432024034340158,False,604
392,False,False,19490.793088567865,-1298865.4941716422,-0.985215837875607,0.11707495560821068,0.8747034815116279,-0.1146692235779534,0.0,49,0.12705727452271232,1326,144458.06082628385,201453.18849687817,-56995.12767059432,1326,0.705041,0.199541,0.5055000000000001,0.016991,0.176993,0.177708,2,0.18817261613900005,-0.1146692235779534,0.0,0.0,0.6404007989936453,-0.08907605645724048,False,605
751,False,False,19487.06735683827,-1298869.2199033718,-0.9852186639187378,0.11703952800463946,0.6395298696288815,-0.22406909823057242,0.018770144726031557,94,0.21066491112574062,1199,119650.78765732088,173315.47750528887,-53664.689847967995,1199,0.711294,0.298886,0.412408,0.046538,0.074862,0.322402,1,0.07075273117774095,-0.22406909823057242,0.018770144726031557,0.0,0.7864097733727797,-0.14409055161427586,False,606
74,False,False,19474.645512682713,-1298881.6417475275,-0.9852280861396318,0.11692136911992534,0.6130921462437232,-0.35606239814137763,0.03006740978813549,119,0.2843976300197498,1087,114385.43286109662,169863.31228180727,-55477.879420710655,1087,0.645676,0.232092,0.41358400000000006,0.036215,0.127153,0.117199,2,0.05656803691028123,-0.35606239814137763,0.03006740978813549,-0.03256349970031558,0.7893959334060214,-0.25363285100856403,False,607
979,False,False,19402.205400936462,-1298954.0818592736,-0.9852830334345674,0.11623105039442261,0.820539246936362,-0.24179049778940898,0.0060323291921819955,88,0.1869651086240948,1235,122353.74281883721,171484.5049480569,-49130.7621292197,1235,0.599362,0.252951,0.34641099999999997,0.037536,0.188013,0.23391,3,0.0060323291921819955,-0.24179049778940898,0.043318376724478025,-0.03775055679287309,0.8485121257777981,-0.0929418170063191,False,608
606,False,False,19373.866149337235,-1298982.4211108729,-0.985304529332052,0.11596040611458625,0.9807794917896027,-0.1327253142165573,0.0036535547857534656,90,0.13627386438446346,1312,139160.9804838069,193687.31585388616,-54526.335370079265,1312,0.656368,0.082009,0.574359,0.03394,0.288775,0.343808,1,0.11991092292609928,-0.1327253142165573,0.0036535547857534656,-0.039682096486040264,0.7236496173668092,-0.07377049180327844,False,609
889,False,False,19352.68120812855,-1299003.6060520816,-0.9853205985399084,0.11575787084477218,0.9537537957417973,-0.1295658435943956,0.013870678334989117,77,0.13429888084265965,1315,150959.74617010166,211327.0423525252,-60367.29618242354,1315,0.664669,0.166914,0.49775499999999995,0.041523,0.265277,0.749065,1,0.25103059241436565,-0.1295658435943956,0.013870678334989117,-0.028868382214378485,0.5257755439194192,-0.11049272427042389,False,610
571,False,False,19352.012860962994,-1299004.2743992473,-0.9853211054947976,0.11575147820916976,0.8173210637679112,-0.21157710663376106,0.025605216920940643,131,0.2034233048057933,1210,127504.9252980865,181466.88757425634,-53961.96227616984,1210,0.610242,0.105414,0.5048279999999999,0.046334,0.277079,0.235384,1,0.025605216920940643,-0.21157710663376106,0.11916081651102672,-0.06637494953062517,0.6859839121816744,-0.110492724270424,False,611
398,False,False,19315.27643305928,-1299041.010827151,-0.9853489708209303,0.11539981647596309,1.0455994235009445,-0.11361714124612354,0.022467908496735634,72,0.12113232389730086,1335,147567.7935648261,205425.47581743513,-57857.682252609025,1335,0.646155,0.181248,0.46490700000000007,0.074895,0.237671,0.06151,1,0.17984339186924547,-0.11361714124612354,0.022467908496735634,-0.013438899885404476,0.601131042116078,-0.09697801184976096,False,612
69,False,False,19308.919379804884,-1299047.3678804052,-0.9853537927748406,0.11533890657738,0.8281163917597063,-0.23273743893490284,-0.0018034597101239669,125,0.19486504279131006,1223,125189.55876882048,176968.3025409262,-51778.74377210572,1223,0.639568,0.1985,0.441068,0.017533,0.278505,0.724432,1,-0.0018034597101239669,-0.23273743893490284,0.11543865603875703,-0.07530061922918485,0.734188164298905,-0.11049272427042411,False,613
974,False,False,19306.255802506963,-1299050.031457703,-0.9853558131522785,0.11531338062581464,0.7660468255259365,-0.1518569794340051,-0.011316495651413572,171,0.24818959842001317,1142,131988.73936130857,189549.24761972408,-57560.5082584155,1142,0.520058,0.2447,0.275358,0.067462,0.2288,0.449797,2,0.17820071417029326,-0.1518569794340051,-0.011316495651413572,-0.11378012142306682,0.6573776815198282,-0.1478976020334436,False,614
414,False,False,19276.257619520977,-1299080.0296406893,-0.9853785673828881,0.11502569498914283,0.6098292692669031,-0.25431408833851765,-0.010242474916387967,85,0.2534562211981567,1134,112383.96639935579,165992.83907237425,-53608.87267301846,1134,0.628988,0.143764,0.485224,0.076049,0.08153,0.065171,3,0.016019837756578115,-0.25431408833851765,-0.010242474916387967,-0.010242474916387967,0.9168658570707837,-0.18707019738723507,False,615
362,False,False,19247.68559937537,-1299108.6016608349,-0.9854002398400392,0.11475133896791823,0.8372193208418128,-0.13150455956939788,-0.009749526090292449,75,0.15668202764976957,1281,145960.3757613483,206046.61066560925,-60086.23490426096,1281,0.649832,0.189894,0.45993799999999996,0.031767,0.206549,0.554687,2,0.2745315316682071,-0.13150455956939788,-0.009749526090292449,-0.028868382214378485,0.5250457519102274,-0.10491137644895732,False,616
10,False,False,19242.29659309666,-1299113.9906671136,-0.9854043275106719,0.11469955424462852,0.7788085438506082,-0.2379755144393324,-0.0012901687009527762,174,0.25806451612903225,1127,128680.06831906161,184918.7458775314,-56238.677558469775,1127,0.502888,0.122555,0.38033300000000003,0.079154,0.225429,0.706395,2,0.1947515802540547,-0.13654062691814084,-0.0012901687009527762,-0.1131068086527156,0.6126494236280327,-0.1478976020334437,False,617
550,False,False,19221.416789767118,-1299134.870470443,-0.985420165265254,0.11449879908504723,0.6450040892414246,-0.2184974828650107,0.0,74,0.21066491112574062,1199,127664.18476079908,185711.9294309325,-58047.74467013343,1199,0.641254,0.064508,0.576746,0.072524,0.070051,0.049891,3,0.13093539772175622,-0.2184974828650107,0.0,0.0,0.699603428143484,-0.20478297248833432,False,618
496,False,False,19197.175549195585,-1299159.1117110145,-0.9854385527382049,0.11426549606641645,0.8878045270490359,-0.1375801162527297,0.02544792768004811,92,0.1533903884134299,1286,142913.0871331053,201450.21530396404,-58537.12817085875,1286,0.695859,0.219087,0.476772,0.004787,0.243921,0.207371,1,0.19282826623751959,-0.1375801162527297,0.02544792768004811,-0.028868382214378485,0.5694439224353001,-0.13102349502082777,False,619
509,False,False,19167.21252085203,-1299189.0747393582,-0.9854612803033047,0.11397678549030799,0.8006137173341161,-0.15928322388968152,0.107510954122636,185,0.2488479262672811,1141,136486.35648629372,196280.84369823718,-59794.48721194346,1141,0.555024,0.117938,0.437086,0.010311,0.249571,0.699264,2,0.18433172130664355,-0.15418403357284172,0.107510954122636,-0.06901114330081348,0.461293882423615,-0.1557526901901567,False,620
26,False,False,19166.122330263308,-1299190.164929947,-0.9854621072349918,0.11396627379703328,0.6051526787212484,-0.35606239814137763,0.0011907531191546195,110,0.2764976958525346,1099,108607.79767780137,160559.92545770746,-51952.12777990609,1099,0.609952,0.266276,0.34367600000000004,0.086786,0.131534,0.565419,2,0.03273836131640495,-0.35606239814137763,0.0011907531191546195,-0.013438899885404476,0.8536473583788087,-0.15969565734807623,False,621
538,False,False,19148.84652175274,-1299207.4407384575,-0.9854752112863605,0.1137996326472297,0.7960430570161795,-0.232009600652898,0.004434577674620188,65,0.15273206056616195,1287,137502.9718149888,191962.36678619878,-54459.394971209986,1287,0.701472,0.151576,0.5498959999999999,0.011286,0.172558,0.186242,2,0.10899627140149026,-0.232009600652898,0.004434577674620188,-0.010242474916387967,0.7190593760122044,-0.08907605645724037,False,622
634,False,False,19081.597707857873,-1299274.6895523523,-0.9855262208765182,0.11314975913745329,1.0031443266102706,-0.1435959866392087,0.10704192151769609,71,0.14154048716260698,1304,149871.9331076584,210227.68349460736,-60355.75038694896,1304,0.582775,0.132932,0.44984300000000005,0.083698,0.244738,0.732516,2,0.16164302432706856,-0.1435959866392087,0.10704192151769609,-0.028868382214378485,0.48380892703079237,-0.07947552890085186,False,623
419,False,False,19078.32881291187,-1299277.9584472983,-0.9855287003996771,0.11311812080230133,0.5307207774785396,-0.2954228382887397,-0.015855047116111964,100,0.2903225806451613,1078,93335.44841778952,143803.9411324616,-50468.49271467207,1078,0.65564,0.268839,0.386801,0.087654,0.005874,0.61041,2,-0.015855047116111964,-0.2954228382887397,0.0,0.0,0.9385689838682509,-0.15057820905038133,False,624
436,False,False,19060.37331788047,-1299295.9139423296,-0.9855423200070662,0.1129442560280487,0.858035909453403,-0.16218401914135683,0.05071123005308631,112,0.17050691244239632,1260,143264.38618201652,202644.42648169489,-59380.04029967837,1260,0.621034,0.219545,0.401489,0.007851,0.267668,0.284047,2,0.15016843964226312,-0.16218401914135683,0.05071123005308631,-0.05494785471457342,0.577199322993321,-0.080475678595472,False,625
132,False,False,19045.744134515306,-1299310.5431256949,-0.9855534165395488,0.11280249922236951,0.7413723340422506,-0.19935680893503915,0.08538466694978397,214,0.2876892692560895,1082,125115.86619382123,183188.97081163735,-58073.10461781612,1082,0.451856,0.29492,0.15693599999999996,0.05342,0.26292,0.390588,2,0.08538466694978397,-0.19935680893503915,0.12352332253294374,-0.08912786306211773,0.5618242849338009,-0.14473650344973454,False,626
754,False,False,19040.672029783902,-1299315.6152304262,-0.9855572638339262,0.11275332931767856,0.7948480956181068,-0.21401273559760348,0.03531791655817562,110,0.2086899275839368,1202,125862.05880696562,178296.35633237212,-52434.297525406495,1202,0.565571,0.079439,0.48613200000000006,0.026192,0.201176,0.62642,3,0.03531791655817562,-0.21401273559760348,0.08534685179123835,-0.056336498220448505,0.6944938304701795,-0.11432628335855388,False,627
597,False,False,19039.62593630452,-1299316.6613239057,-0.9855580573170608,0.11274318693849938,0.6686145258841805,-0.2574425296100996,0.08993865643051402,232,0.337063857801185,1007,111687.5478863053,166420.57308093194,-54733.025194626636,1007,0.494754,0.244436,0.25031800000000004,0.009525,0.221078,0.146426,2,0.09130211319577652,-0.22696053370874003,0.08993865643051402,-0.118846289714994,0.6007052146291332,-0.2574425296100994,False,628
33,False,False,19016.318942162303,-1299339.968318048,-0.9855757361451344,0.11251709379426988,0.576987455150695,-0.2648819241309074,-0.007562387318769681,92,0.2593811718235681,1125,106157.36252931692,158948.46737374275,-52791.104844425834,1125,0.678563,0.279042,0.399521,0.030685,0.052446,0.02955,3,-0.007562387318769681,-0.2648819241309074,0.0,0.0,0.9161223536043384,-0.19176837885217712,False,629
185,False,False,18966.276982469986,-1299390.0102777402,-0.9856136939871653,0.11203087196693273,0.7863168297028386,-0.19514209474618882,0.02125184967129723,80,0.15009874917709018,1291,133886.13282536194,188444.0365995665,-54557.90377420455,1291,0.716659,0.235306,0.48135300000000003,0.014988,0.199983,0.480751,1,0.11857309087997137,-0.19514209474618882,0.02125184967129723,0.0,0.6602934902550179,-0.09351656975724254,False,630
178,False,False,18953.767238099623,-1299402.5200221105,-0.9856231828821562,0.11190915658839495,0.9354399948244819,-0.1295658435943955,0.02544792768004811,79,0.1369321922317314,1311,149136.35829749977,209250.3684704246,-60114.01017292484,1311,0.670123,0.115094,0.555029,0.032368,0.277507,0.25845,1,0.21717464258045038,-0.1295658435943955,0.02544792768004811,-0.028868382214378485,0.5185497865528386,-0.110492724270424,False,631
992,False,False,18933.791314953098,-1299422.4959452571,-0.9856383350252753,0.11171465893732058,0.9257637564252371,-0.11821386420473512,0.15130800203361439,106,0.17314022383146807,1256,147601.19936253087,209054.7438738287,-61453.544511297834,1256,0.552583,0.106583,0.44600000000000006,0.005763,0.292604,0.53749,3,0.18651303588358692,-0.11821386420473512,0.15130800203361439,-0.05710479748593511,0.3860329309151036,-0.09657498272419573,False,632
975,False,False,18929.85419779986,-1299426.4330624102,-0.98564132140854,0.11167630459703615,0.8554707838333979,-0.17742329143383562,0.14186672278442214,126,0.21066491112574062,1199,138983.7798803129,199340.3046160579,-60356.524735744984,1199,0.464261,0.105528,0.35873299999999997,0.062506,0.270534,0.740175,3,0.14186672278442214,-0.17742329143383562,0.21205224278101453,-0.06457407901977619,0.36776193422548764,-0.11415606540734469,False,633
208,False,False,18916.0156206765,-1299440.2716395336,-0.9856518182501428,0.11154144007016464,0.7607361069001798,-0.20826671889716875,0.08245760550531189,210,0.2738643844634628,1103,123265.3780907377,178312.40558891383,-55047.02749817613,1103,0.509892,0.052236,0.457656,0.001864,0.250421,0.749542,2,0.08245760550531189,-0.20826671889716875,0.12874882443634839,-0.06901114330081348,0.5481800142507243,-0.13601608617594874,False,634
969,False,False,18889.74270047961,-1299466.5445597304,-0.9856717467933225,0.11128516945290023,1.000758209583648,-0.12956584359439516,0.006476855814584903,65,0.11586570111915734,1343,155384.25909143547,216851.13488784217,-61466.875796406704,1343,0.692081,0.241061,0.45102,0.018549,0.292478,0.038491,1,0.24727885717006126,-0.12956584359439516,0.006476855814584903,-0.028868382214378485,0.5047303793934927,-0.07377049180327855,False,635
461,False,False,18851.88609673981,-1299504.4011634702,-0.9857004617955609,0.11091538625773589,0.8825013195328407,-0.13446126085246501,0.02544792768004811,88,0.1487820934825543,1293,142132.61802333526,199941.67503101492,-57809.05700767966,1293,0.627704,0.15252,0.47518400000000005,0.07299,0.264205,0.389946,1,0.17237006769414753,-0.13446126085246501,0.02544792768004811,-0.028868382214378485,0.5681098166389764,-0.11049272427042411,False,636
352,False,False,18847.159222594637,-1299509.1280376154,-0.9857040472255322,0.1108691706785907,0.7898325953112182,-0.1506620571521614,0.0546960578586857,161,0.21922317314022383,1186,141415.0494297069,202970.97635521015,-61555.92692550324,1186,0.566486,0.257002,0.30948400000000004,0.006966,0.274451,0.313861,2,0.20224708311459527,-0.1506620571521614,0.0546960578586857,-0.08694652006525505,0.4863628590531548,-0.12764745861698046,False,637
588,False,False,18826.3251225528,-1299529.9621376575,-0.9857198503132432,0.11066535629324048,0.7420471901737782,-0.15623054282034976,-0.03979091158256909,159,0.23633969716919026,1160,131281.31579520984,188360.23749434543,-57078.92169913559,1160,0.508767,0.053155,0.45561199999999996,0.083049,0.23027,0.302169,2,0.17750352110193823,-0.15185697943400567,-0.03979091158256909,-0.1264973792542472,0.6650892913405693,-0.1478976020334436,False,638
150,False,False,18801.329107354893,-1299554.9581528553,-0.9857388102980663,0.11042057860632104,0.8415522096479554,-0.15778372936089358,0.0970153631714441,78,0.1652402896642528,1268,142502.67892788773,202863.94238948732,-60361.26346159959,1268,0.603674,0.11653,0.487144,0.073672,0.211139,0.203111,2,0.18103462161410921,-0.15778372936089358,0.0970153631714441,-0.028868382214378485,0.45115302971445836,-0.0890760564572406,False,639
632,False,False,18787.44800083358,-1299568.8392593765,-0.9857493393990805,0.11028452828635427,0.8690961379809993,-0.13710591177119702,0.013870678334989117,89,0.1533903884134299,1286,137522.09797299615,193952.08663504457,-56429.98866204842,1286,0.612312,0.082718,0.529594,0.092565,0.243691,0.664334,1,0.15285748958041934,-0.13710591177119702,0.013870678334989117,-0.028868382214378485,0.6073468484634799,-0.0890760564572406,False,640
447,False,False,18771.23639581518,-1299585.050864395,-0.9857616362305024,0.11012553030088812,0.8618937066555562,-0.1511075413989773,0.15566313039202728,129,0.20408163265306123,1209,140556.62800605837,200796.44495763534,-60239.81695157697,1209,0.522458,0.127546,0.394912,0.021725,0.271398,0.3384,3,0.15566313039202728,-0.1511075413989773,0.15924925539948886,-0.0645740790197763,0.4011505299352913,-0.1141560654073448,False,641
215,False,False,18771.03958893054,-1299585.2476712796,-0.9857617855125186,0.11012359938140714,0.7577579585335067,-0.20493264413558576,0.09612147485825195,188,0.2468729427254773,1144,129330.71295196794,186962.21641799045,-57631.50346602251,1144,0.487522,0.146517,0.341005,0.046461,0.298701,0.253912,2,0.10723065314673641,-0.20493264413558576,0.09612147485825195,-0.0690111433008136,0.5466481938147463,-0.1602585281851927,False,642
666,False,False,18768.64443849349,-1299587.6428217166,-0.9857636022827347,0.1101000986334506,0.8375606284755159,-0.2031295816568799,0.06177693859513744,141,0.22119815668202766,1183,131206.04945189794,188142.37483409618,-56936.325382198236,1183,0.468906,0.136144,0.332762,0.004592,0.275603,0.669572,3,0.06177693859513744,-0.2031295816568799,0.20897279510540967,-0.0645740790197763,0.46212024409311514,-0.124197129618136,False,643
851,False,False,18753.4856938329,-1299602.8015663773,-0.9857751004982074,0.10995130595122182,0.7877781031541039,-0.15066205715216086,0.05124148789469851,162,0.21724818959842002,1189,141413.540032314,202948.0129655169,-61534.472933202895,1189,0.553631,0.050926,0.502705,0.019198,0.283316,0.440381,2,0.20755472799185481,-0.15066205715216086,0.05124148789469851,-0.0690111433008137,0.4773135682047194,-0.12764745861698046,False,644
50,False,False,18731.717435508872,-1299624.5698247012,-0.9857916121639342,0.10973746114209804,0.9071807114644963,-0.1295658435943956,0.013870678334989117,78,0.13627386438446346,1312,146357.10830949273,205355.2163108611,-58998.10800136838,1312,0.691547,0.213274,0.47827300000000006,0.014602,0.249059,0.475665,1,0.21088914286669413,-0.1295658435943956,0.013870678334989117,-0.028868382214378485,0.5257755439194192,-0.11049272427042389,False,645
62,False,False,18711.03382570714,-1299645.253434503,-0.9858073011017437,0.10953407945896076,0.766282819907763,-0.1602585281851926,0.06610933342736702,176,0.24094799210006584,1153,140019.8084993707,202406.16916085247,-62386.36066148177,1153,0.490568,0.209332,0.28123600000000004,0.068867,0.29343,0.410428,2,0.20839182762099817,-0.15993643698785587,0.06610933342736702,-0.06901114330081337,0.45240675113213813,-0.1602585281851927,False,646
607,False,False,18707.89679441593,-1299648.3904657941,-0.9858096806036444,0.10950321669279162,0.8303245746981767,-0.16218401914135683,0.047488838422591995,115,0.17774851876234365,1249,141895.90432478616,201409.63571425472,-59513.731389468565,1249,0.579953,0.210946,0.3690070000000001,0.04502,0.26804,0.035043,2,0.15016843964226312,-0.16218401914135683,0.047488838422591995,-0.057977208683827386,0.552794967553079,-0.09285990035778902,False,647
294,False,False,18667.44029418855,-1299688.8469660217,-0.9858403676801337,0.10910480992796057,0.7304972907093237,-0.20453279273919356,0.08822549756615894,207,0.2738643844634628,1103,127352.3153498247,185996.672803912,-58644.357454087294,1103,0.477029,0.15427,0.322759,0.022467,0.278949,0.114591,2,0.11563103409879072,-0.20453279273919356,0.08822549756615894,-0.0913133996827794,0.5376067852493502,-0.14175156899302432,False,648
716,False,False,18635.185997695768,-1299721.1012625145,-0.9858648332186263,0.1087866603677139,0.8093140673348764,-0.19153486693181387,0.08138066809687894,135,0.22975641869651087,1170,128245.90597212095,183476.8277868916,-55230.921814770656,1170,0.537575,0.170984,0.366591,0.028693,0.211623,0.540143,3,0.08138066809687894,-0.19153486693181387,0.11680567659981844,-0.06457407901977619,0.5430411841504099,-0.12238185427130954,False,649
825,False,False,18608.492748124812,-1299747.7945120854,-0.9858850805901668,0.10852301626177807,0.5723451376028614,-0.2766309225567125,0.006154513714175636,106,0.2916392363396972,1076,107548.95517740698,163642.2244994219,-56093.26932201491,1076,0.581541,0.20055,0.38099099999999997,0.09894,0.110465,0.294258,3,0.06060438824639047,-0.2520057997496421,0.006154513714175636,-0.030736101423221363,0.743785644391592,-0.2766309225567125,False,650
785,False,False,18550.33131419265,-1299805.9559460175,-0.9859291972181938,0.10794747268877347,0.784757529092864,-0.20771525130481083,0.0,29,0.0967741935483871,1372,141034.2137531777,197318.81573059395,-56284.601977416256,1372,0.72146,0.155426,0.5660339999999999,0.010891,0.118372,0.262374,3,0.09420030475769714,-0.20771525130481083,0.0,0.0,0.6953323110525449,-0.07862830619022854,False,651
741,False,False,18539.769092934803,-1299816.5181672752,-0.9859372088773788,0.10784279149177944,0.9070306987136477,-0.11821386420473512,0.11426611353975868,108,0.173798551678736,1255,147200.13326808382,208771.61201923678,-61571.47875115296,1255,0.541188,0.226171,0.315017,0.019212,0.298826,0.089918,3,0.20044384386314107,-0.11821386420473512,0.11426611353975868,-0.057104797485935,0.3860329309151036,-0.09657498272419573,False,652
334,False,False,18534.822067363493,-1299821.4651928467,-0.9859409612966747,0.1077937448730768,0.7588260945246229,-0.23684872582287542,0.00928586503642781,164,0.2587228439763002,1126,120037.25854513346,174069.396048324,-54032.13750319055,1126,0.461146,0.08937,0.371776,0.006216,0.224866,0.642785,3,0.00928586503642781,-0.23684872582287542,0.20774319531608754,-0.06457407901977619,0.5205462374503897,-0.1282707338012682,False,653
186,False,False,18507.711065169715,-1299848.5761950405,-0.985961525542058,0.10752476244339926,0.8565144784846537,-0.14252942424784332,0.02544792768004811,89,0.15075707702435814,1290,139819.9104860095,197224.69042644266,-57404.77994043316,1290,0.605054,0.119144,0.48590999999999995,0.090938,0.27092,0.457514,1,0.14913513876496287,-0.14252942424784332,0.02544792768004811,-0.028868382214378485,0.5706086833711981,-0.110492724270424,False,654
852,False,False,18491.87098359863,-1299864.4162766116,-0.985973540565405,0.10736745256879798,0.5821015469881974,-0.30469133520961433,0.004434577674620188,99,0.27123107307439104,1107,110044.18865240774,164040.6437129449,-53996.45506053716,1107,0.616751,0.287928,0.32882300000000003,0.092949,0.111349,0.414621,2,0.06920197881858381,-0.29646920105420405,0.004434577674620188,-0.010242474916387967,0.7218663784832766,-0.18938922042233608,False,655
479,False,False,18476.346947296926,-1299879.9403129132,-0.985985315862001,0.10721317228763838,0.6461200181308927,-0.2453778001095417,0.0,43,0.12969058591178406,1322,149641.69217112695,214172.8333331741,-64531.14116204713,1322,0.720621,0.280991,0.43962999999999997,0.047238,0.016663,0.055485,2,0.3535079819196627,-0.21612014411468194,0.0,0.0,0.3650711480173294,-0.15706364867385436,False,656
397,False,False,18448.877970046622,-1299907.4092901635,-0.9860061516387297,0.10693991620991805,0.6011105102764642,-0.2897572344784193,0.0,73,0.17972350230414746,1246,129604.56907410832,188822.59207331963,-59218.0229992113,1246,0.743738,0.286849,0.456889,0.000787,0.025292,0.243864,2,0.23058591551513552,-0.2208126953480677,0.0,0.0,0.4991946305775632,-0.20398800386501226,False,657
584,False,False,18414.382400330458,-1299941.9048598798,-0.986032317228449,0.10659627986069986,0.5028323679660516,-0.36075941608207396,-0.1481009722403005,155,0.4147465437788018,889,78305.0822520813,131166.91402789004,-52861.83177580875,889,0.599582,0.272286,0.327296,0.073059,0.069429,0.3105,3,-0.1481009722403005,-0.36075941608207396,0.24492157961358618,-0.1550290135396516,0.7363090941351054,-0.2766309225567125,False,658
42,False,False,18395.348183303093,-1299960.939076907,-0.9860467550683647,0.1064064357498502,0.5377200192854841,-0.32972218515842255,0.004434577674620188,127,0.2995391705069124,1064,99261.03555970927,150120.83706619663,-50859.80150648736,1064,0.673019,0.224397,0.448622,0.035763,0.065572,0.330261,2,0.013311625913651648,-0.31044165058848416,0.004434577674620188,-0.010242474916387967,0.807354447612818,-0.2702117935542928,False,659
822,False,False,18372.65607969239,-1299983.6311805178,-0.9860639674894909,0.10617989426334606,0.8016419150915616,-0.15394773458225364,0.0,31,0.059907834101382486,1428,160809.86977420765,226303.7043412946,-65493.834567086946,1428,0.726835,0.100379,0.626456,0.056828,0.035614,0.375932,2,0.3277161215968598,-0.15394773458225364,0.0,0.0,0.3837789404556884,-0.10876296640346805,False,660
32,False,False,18360.633897803502,-1299995.6533624067,-0.9860730865584444,0.10605977893699703,0.7310302482085244,-0.16374821433766784,0.004434577674620188,64,0.16919025674786042,1262,130712.93901360706,185287.38803427495,-54574.44902066789,1262,0.630788,0.234476,0.396312,0.081925,0.175421,0.071297,2,0.123292480487174,-0.16374821433766784,0.004434577674620188,-0.010242474916387967,0.6273207588140419,-0.08928241900730416,False,661
257,False,False,18349.507395544744,-1300006.7798646654,-0.9860815262362207,0.10594855400653325,0.8229763020119512,-0.16218401914135716,0.056409861531772965,105,0.16129032258064516,1274,143864.21330112367,204070.08604824607,-60205.8727471224,1274,0.570965,0.148063,0.42290199999999994,0.060318,0.286066,0.090885,2,0.1571535652507381,-0.16218401914135716,0.056409861531772965,-0.054947854714572975,0.5010700692636942,-0.09103585893256017,False,662
639,False,False,18316.679951395297,-1300039.6073088148,-0.9861064265188428,0.10562006970623083,0.7040982638018264,-0.16374821433766817,0.02290565124375621,81,0.19420671494404212,1224,129196.8735208734,185213.0405051362,-56016.16698426279,1224,0.619819,0.287344,0.332475,0.044252,0.166314,0.46844,3,0.15310049886738808,-0.16374821433766817,0.02290565124375621,-0.010242474916387967,0.5529018918304427,-0.11390900860117714,False,663
114,False,False,18284.00912385463,-1300072.2781363556,-0.9861312080045886,0.10529266467154708,0.888713794173018,-0.14585578440362412,0.0,17,0.065174456879526,1420,152013.34097190158,211603.30269281822,-59589.961720916646,1420,0.70616,0.293909,0.41225100000000003,0.058793,0.084539,0.574487,3,0.17404470160252972,-0.14585578440362412,0.0,0.0,0.557352041101808,-0.07862830619022865,False,664
35,False,False,18269.954953628163,-1300086.332306582,-0.9861418683779356,0.1051516731167732,0.8024910851487775,-0.16218401914135716,0.018106746540651475,117,0.17709019091507572,1250,139460.25573689427,198283.0441728769,-58822.78843598263,1250,0.533996,0.092693,0.441303,0.089587,0.280597,0.084659,2,0.1571535652507381,-0.16218401914135716,0.018106746540651475,-0.06973664180081096,0.5507906126901041,-0.09347289345391585,False,665
938,False,False,18231.086147916692,-1300125.2011122934,-0.9861713511559123,0.10476126931628604,0.7202752521796232,-0.20189730694029062,0.0696000370282357,198,0.25608953258722844,1130,127995.34043246911,185883.28721879574,-57887.94678632663,1130,0.474108,0.143596,0.330512,0.036099,0.296818,0.361699,2,0.12008424217494884,-0.20189730694029062,0.0696000370282357,-0.09131339968277907,0.521739965076645,-0.1602585281851926,False,666
90,False,False,18220.221231963525,-1300136.0660282467,-0.9861795924151668,0.10465201640910693,0.6985554692660392,-0.2067436828928899,0.0,38,0.08163265306122448,1395,148322.3165446077,208615.50244034448,-60293.185895736795,1395,0.705597,0.092948,0.612649,0.054747,0.004151,0.523376,3,0.24334974458881553,-0.2067436828928899,0.0,0.0,0.4654140004660623,-0.10719062509681176,False,667
930,False,False,18211.964459446135,-1300144.322800764,-0.9861858553446929,0.10456895352172668,0.8180968149574568,-0.19536592146184173,0.002519002229827816,98,0.15931533903884135,1277,128491.1391393612,180884.69631463397,-52393.55717527277,1277,0.687502,0.222968,0.46453399999999995,0.000102,0.255097,0.192112,1,0.07816289972368673,-0.19536592146184173,0.002519002229827816,-0.039682096486040264,0.6849219868670884,-0.11049272427042411,False,668
326,False,False,18196.189656480416,-1300160.0976037297,-0.9861978208528929,0.1044101720994508,0.9475201296971066,-0.11361714124612354,0.022467908496735634,67,0.12244897959183673,1333,148154.946560469,207599.95902568905,-59445.01246522006,1333,0.665414,0.243747,0.42166699999999996,0.054824,0.255909,0.401321,1,0.2096245353892412,-0.11361714124612354,0.022467908496735634,-0.013438899885404476,0.4712286770494609,-0.110492724270424,False,669
412,False,False,18196.156764297175,-1300160.1304959129,-0.9861978458022814,0.1044098409029508,0.7869992506690942,-0.1263209764096146,0.00598371944370335,70,0.15668202764976957,1281,140802.61623961892,199568.96168717142,-58766.34544755251,1281,0.625552,0.148352,0.47719999999999996,0.066641,0.198798,0.274165,2,0.20661393748554757,-0.1263209764096146,0.00598371944370335,-0.013438899885404476,0.49906470840452655,-0.1049113764489572,False,670
307,False,False,18181.430892326698,-1300174.8563678835,-0.9862090156750334,0.1042615136296936,0.783194063698394,-0.16565821707905826,0.0019966111692115707,120,0.18828176431863067,1233,135939.5717652313,193360.56956249973,-57420.99779726844,1233,0.5406,0.191892,0.34870799999999996,0.089023,0.26018,0.206976,2,0.1444424281789609,-0.16565821707905826,0.0019966111692115707,-0.06674510378008625,0.5855058788985792,-0.09154392170114978,False,671
243,False,False,18164.746815321152,-1300191.540444889,-0.9862216708860464,0.10409334108455037,0.9864024870597501,-0.11361714124612354,0.022467908496735634,67,0.11454904542462147,1345,149171.24510699473,208609.51538506016,-59438.270278065436,1345,0.711341,0.287513,0.423828,0.010565,0.251073,0.490331,1,0.20753431579675374,-0.11361714124612354,0.022467908496735634,-0.013438899885404476,0.4712286770494609,-0.110492724270424,False,672
944,False,False,18163.367437967005,-1300192.919822243,-0.986222717171764,0.10407943143927767,0.7958674248673647,-0.16218401914135716,0.018106746540651475,115,0.17643186306780778,1251,140733.04175687165,200203.55059273762,-59470.50883586597,1251,0.53576,0.290063,0.245697,0.088658,0.285595,0.323604,2,0.1688098740582089,-0.16218401914135716,0.018106746540651475,-0.06973664180081096,0.5263677501424142,-0.09347289345391585,False,673
500,False,False,18162.33745801978,-1300193.9498021903,-0.9862234984324575,0.10406904454388011,0.7913068535130311,-0.16218401914135716,0.018106746540651475,119,0.1823568136932192,1242,141302.2572769688,201563.382283547,-60261.12500657819,1242,0.537131,0.051632,0.485499,0.083334,0.276837,0.339766,2,0.18300624357169992,-0.16218401914135716,0.018106746540651475,-0.06973664180081096,0.5079654408421015,-0.11415606540734458,False,674
371,False,False,18127.52731077635,-1300228.7599494339,-0.9862499026356155,0.10371771026055532,0.902775153577726,-0.12956584359439516,0.02544792768004811,79,0.13298222514812377,1317,146231.11213260368,205382.24112474167,-59151.128992137994,1317,0.651193,0.245887,0.40530600000000006,0.048658,0.293343,0.668326,1,0.17850610979658832,-0.12956584359439516,0.02544792768004811,-0.028868382214378485,0.5000064203768122,-0.07377049180327866,False,675
996,False,False,18102.21526143747,-1300254.0719987727,-0.9862691023387484,0.10346188550462765,0.5311329639463503,-0.3104416505884836,-0.04295853513868897,99,0.26003949967083606,1124,100797.82687592968,150843.3028234782,-50045.47594754853,1124,0.690784,0.181738,0.5090459999999999,0.037746,0.061801,0.236273,2,-0.04295853513868897,-0.3104416505884836,0.0,0.0,0.8914765896857708,-0.21365812443506726,False,676
420,False,False,18093.170690212744,-1300263.1165699975,-0.9862759628295825,0.1033704011400074,0.6927615390693703,-0.20453279273919334,0.08353780525509835,209,0.2784726793943384,1096,123056.59006651021,180339.05858152854,-57282.468515018336,1096,0.47303,0.070291,0.402739,0.018485,0.272332,0.461589,2,0.08353780525509835,-0.20453279273919334,0.08822549756615894,-0.0913133996827794,0.534446370377905,-0.14473650344973454,False,677
37,False,False,18091.74399425225,-1300264.5432659579,-0.9862770450074234,0.10335596685985693,0.8896015917786546,-0.1605394595206422,0.10645498788096996,83,0.14746543778801843,1295,143225.45803555692,202224.44019985074,-58998.98216429382,1295,0.606261,0.199969,0.40629200000000004,0.050407,0.251281,0.462524,2,0.10645498788096996,-0.1605394595206422,0.158273805294461,-0.028868382214378596,0.4116773544332233,-0.08172532006971656,False,678
255,False,False,18051.835100032356,-1300304.4521601778,-0.9863073167136424,0.10295181221593341,0.7412853404542803,-0.1414524354582073,0.016017315186321435,140,0.20605661619486504,1206,138133.89590612907,198084.16842208363,-59950.272515954566,1206,0.501688,0.079206,0.422482,0.093864,0.271656,0.496389,2,0.19491439374049602,-0.1414524354582073,0.016017315186321435,-0.08471715620383968,0.4869058006912548,-0.1310405245849081,False,679
807,False,False,18034.66323836102,-1300321.6240218491,-0.986320341919224,0.10277768458598979,0.8011667487079617,-0.18638993939744763,0.0,41,0.08426596445029624,1391,146371.18864707253,205111.71185492785,-58740.52320785532,1391,0.746078,0.185747,0.560331,0.005888,0.092353,0.551341,2,0.16434534426699177,-0.18638993939744763,0.0,0.0,0.5489101517140227,-0.10876296640346805,False,680
744,False,False,17997.61507622987,-1300358.6721839802,-0.986348443702095,0.10240153399194263,0.8392359892665429,-0.1443742635361086,0.12981254793627195,94,0.1672152732060566,1265,144150.92105543893,204403.56790250004,-60252.646847061114,1265,0.588887,0.254044,0.33484300000000006,0.057358,0.254276,0.704005,2,0.1568873708626186,-0.1443742635361086,0.12981254793627195,-0.05494785471457331,0.3769478275573841,-0.09457741009633214,False,681
67,False,False,17993.778598466466,-1300362.5086617437,-0.98635135374834,0.10236254527759692,0.7626077276593101,-0.20174932779118826,0.0,45,0.10006583278472679,1367,147390.21818894058,207517.79862708063,-60127.58043814005,1367,0.738952,0.194926,0.5440260000000001,0.008554,0.093467,0.620774,2,0.18378565916219913,-0.18638993939744786,0.0,0.0,0.5200199849693403,-0.10876296640346805,False,682
950,False,False,17966.92561398643,-1300389.3616462238,-0.9863717222820509,0.10208945397740399,0.6976128451040605,-0.22628803647903584,0.0,27,0.08887425938117183,1384,151463.51994259603,214436.07082393486,-62972.55088133883,1384,0.728475,0.244177,0.484298,0.062988,0.04473,0.561109,2,0.2573308486113379,-0.21612014411468183,0.0,0.0,0.42897357794331104,-0.10876296640346805,False,683
429,False,False,17954.975455528274,-1300401.3118046818,-0.9863807867197705,0.10196781296993351,0.6532431270883066,-0.16341032305891168,0.0,65,0.11454904542462147,1345,144532.38027053146,206941.693828257,-62409.313557725545,1345,0.709604,0.083001,0.626603,0.045298,0.058633,0.741187,2,0.2770101537248948,-0.16341032305891168,0.0,0.0,0.40601665563547984,-0.14097112769197218,False,684
933,False,False,17904.54771303787,-1300451.7395471723,-0.9864190371858833,0.10145376262007155,0.5290631758198705,-0.3753453715647782,-0.13109594975406091,107,0.29624753127057274,1069,92987.2217014335,140674.86206056585,-47687.64035913235,1069,0.629225,0.148748,0.48047700000000004,0.073243,0.06851,0.299314,3,-0.13109594975406091,-0.3753453715647782,-0.00951881681365263,-0.010242474916387967,1.0803926165890152,-0.18707019738723496,False,685
604,False,False,17900.087693794165,-1300456.199566416,-0.986422420200996,0.10140823996984794,0.7217677809490582,-0.23684872582287542,0.00928586503642781,164,0.2574061882817643,1128,117955.73726314055,171067.95280439963,-53112.21554125908,1128,0.476304,0.121009,0.355295,0.005638,0.219817,0.051412,3,0.00928586503642781,-0.23684872582287542,0.146083947311914,-0.09373674535963483,0.547478194099579,-0.1323296789497842,False,686
906,False,False,17897.536734725214,-1300458.750525485,-0.9864243551552216,0.10138219851559183,0.870565998888348,-0.11382156537385868,0.044618342405456035,82,0.15207373271889402,1288,147288.6275965935,208025.6281152822,-60737.0005186887,1288,0.580393,0.265639,0.31475400000000003,0.070434,0.262072,0.743451,2,0.22432117048725075,-0.11382156537385868,0.044618342405456035,-0.028868382214378707,0.39939480051147,-0.08172532006971678,False,687
947,False,False,17893.695772425697,-1300462.5914877844,-0.9864272686030784,0.10134298222830185,0.594887380639684,-0.22054963176165876,-0.01759950550196976,179,0.34825543120473995,990,101555.13079425722,151093.67851766796,-49538.54772341074,990,0.510551,0.158105,0.352446,0.041725,0.157389,0.108099,3,-0.01759950550196976,-0.22054963176165876,0.08704226760230815,-0.07987992087031803,0.6755795284046158,-0.1630998482421181,False,688
579,False,False,17881.067044522642,-1300475.2202156875,-0.9864368477494936,0.10121399319768476,0.7205296540300695,-0.15066205715216086,0.042282260064776755,174,0.23107307439104674,1168,139102.60797869792,201359.60859685327,-62257.00061815535,1168,0.524007,0.245508,0.278499,0.044156,0.282766,0.405336,2,0.22173258574116295,-0.15066205715216086,0.042282260064776755,-0.07640288240457616,0.4042095686961982,-0.1480094316573749,False,689
214,False,False,17879.108365357974,-1300477.178894852,-0.9864383334473914,0.10119398056606443,0.8766502232470951,-0.13710591177119735,0.022467908496735634,77,0.13561553653719552,1313,137743.9089983697,193403.6400449027,-55659.73104653301,1313,0.62284,0.261853,0.36098699999999995,0.096064,0.239277,0.229926,1,0.1283738575168092,-0.13710591177119735,0.022467908496735634,-0.013438899885404476,0.5496840207318445,-0.09697801184976085,False,690
253,False,False,17876.84766057484,-1300479.4395996353,-0.9864400482378506,0.1011708797407922,0.6592676657340634,-0.24044709968967415,0.018770144726031557,64,0.15404871626069783,1285,126854.38550335517,180634.61474058632,-53780.22923723115,1285,0.702712,0.274313,0.42839900000000003,0.056111,0.144218,0.316417,1,0.025659697756714728,-0.24044709968967415,0.018770144726031557,0.0,0.7108480502499412,-0.10876296640346794,False,691
845,False,False,17868.172742495324,-1300488.1145177148,-0.9864466283392719,0.10108221318541877,0.7475261235629442,-0.16374821433766817,0.02290565124375621,69,0.16458196181698487,1269,131821.2960604817,186650.7795830592,-54829.4835225775,1269,0.629423,0.228122,0.40130099999999996,0.041038,0.178993,0.095793,3,0.09776992046995603,-0.16374821433766817,0.02290565124375621,-0.010242474916387967,0.5912310246749335,-0.09294181700631954,False,692
593,False,False,17793.113225155055,-1300563.174035055,-0.9865035625065115,0.10031352487043033,0.7347125655689214,-0.19718403856941935,0.0,41,0.09940750493745885,1368,142359.95274051453,200463.82676690747,-58103.874026392936,1368,0.697697,0.16137,0.536327,0.061071,0.10026,0.487876,2,0.1445149558591361,-0.19699234280424327,0.0,0.0,0.5546422643117472,-0.10876296640346805,False,693
915,False,False,17774.859589342614,-1300581.4276708674,-0.9865174082597338,0.10012617968151227,0.7731347347665637,-0.18441592915040772,0.10206013203468856,126,0.21263989466754443,1196,132367.25210040467,189456.81731602375,-57089.56521561908,1196,0.520835,0.214272,0.30656300000000003,0.046812,0.225857,0.453441,3,0.10206013203468856,-0.18441592915040772,0.12436331445352011,-0.06457407901977619,0.43447908318001693,-0.12238185427130988,False,694
971,False,False,17741.380361162057,-1300614.906899048,-0.9865428029337715,0.09978214998523427,0.7463270263215622,-0.16565821707905826,0.0020555735105844963,127,0.19749835418038184,1219,136580.31019154208,195442.2372638539,-58861.92707231181,1219,0.546091,0.266039,0.28005199999999997,0.074628,0.258848,0.593725,2,0.17194289318141354,-0.16565821707905826,0.0020555735105844963,-0.06973664180081085,0.5107379858695016,-0.11415606540734458,False,695
312,False,False,17678.657596128443,-1300677.6296640816,-0.9865903794240114,0.09913615599726011,0.7888503135009403,-0.16593393337200946,0.07674353906912845,108,0.1889400921658986,1232,134738.7343154876,191107.28138249816,-56368.54706701054,1232,0.52142,0.087199,0.43422099999999997,0.056047,0.23825,0.132523,3,0.11798782039019318,-0.16593393337200946,0.07674353906912845,-0.06457407901977608,0.4685878729012809,-0.0759831053527138,False,696
367,False,False,17661.840813510946,-1300694.446446699,-0.9866031352949243,0.0989626317193919,0.7521369461237548,-0.16218401914135683,0.0020555735105844963,119,0.1869651086240948,1235,136517.89712014992,194753.62057636786,-58235.72345621794,1235,0.55288,0.228622,0.32425800000000005,0.072274,0.269201,0.457411,2,0.15016843964226312,-0.16218401914135683,0.0020555735105844963,-0.06973664180081085,0.5324372908208357,-0.10475281943935522,False,697
11,False,False,17642.569739735438,-1300713.7175204747,-0.9866177527954906,0.09876361326343508,0.8250143933078391,-0.12916462600425827,0.07659711367992084,100,0.16458196181698487,1269,142923.85621353352,202935.9195441285,-60012.063330594974,1269,0.548499,0.183632,0.36486699999999994,0.090043,0.279671,0.222274,2,0.18692200030112205,-0.12916462600425827,0.07659711367992084,-0.05536666732127238,0.38065907509093533,-0.08810594228515134,False,698
332,False,False,17633.71173376213,-1300722.575526448,-0.986624471772795,0.09867207300829817,0.6622530815982957,-0.21460473235251987,0.06382476991240815,222,0.3008558262014483,1062,116779.41651851172,171685.7672616502,-54906.35074313849,1062,0.491623,0.085827,0.405796,0.013901,0.230055,0.719934,2,0.06382476991240815,-0.21460473235251987,0.1264138125135621,-0.09327662045733065,0.47155219703370865,-0.15694618061876686,False,699
130,False,False,17633.075898014973,-1300723.2113621952,-0.9866249540671135,0.0986655006900179,0.9031150449118135,-0.10969619923766427,0.0,16,0.04476629361421988,1451,149199.1876167616,207114.68461921666,-57915.49700245506,1451,0.744899,0.231037,0.513862,0.019738,0.077351,0.05717,3,0.1322472653992719,-0.1052123552123555,0.0,0.0,0.557352041101808,-0.07862830619022865,False,700
115,False,False,17601.540642865297,-1300754.746617345,-0.9866488741981543,0.09833928812659098,0.8071354249268604,-0.11361714124612343,0.004434577674620188,49,0.11915734035549704,1338,144196.20400849739,203024.62778283143,-58828.42377433405,1338,0.64301,0.091164,0.551846,0.069458,0.209412,0.607686,2,0.19490627427739327,-0.11361714124612343,0.004434577674620188,-0.010242474916387967,0.46654430020460236,-0.08907605645724048,False,701
146,False,False,17573.408658799763,-1300782.8786014104,-0.9866702128790081,0.09804786860889303,0.7358044911997008,-0.2096120449391573,0.05120292113617908,152,0.24160631994733378,1152,126132.69362977103,183124.01747117573,-56991.323841404694,1152,0.461777,0.195494,0.266283,0.024702,0.252487,0.129961,3,0.05120292113617908,-0.2096120449391573,0.18973052485577702,-0.06703831887268508,0.40514403773457897,-0.13161038341801135,False,702
948,False,False,17573.384935110113,-1300782.9023251,-0.9866702308739083,0.09804762269078426,0.8209722459966398,-0.1443742635361086,0.09126560520389249,101,0.16392363396971693,1270,139051.11526995854,196804.76746853592,-57753.65219857739,1270,0.631448,0.174854,0.456594,0.007058,0.258595,0.710948,2,0.13332729247070252,-0.1443742635361086,0.09126560520389249,-0.054947854714572975,0.4209199355037685,-0.09334525849203457,False,703
343,False,False,17547.954773532172,-1300808.332486678,-0.9866895201675716,0.09778385603490602,0.7877760076314052,-0.16593393337200946,0.13339083821874986,127,0.20605661619486504,1206,137745.06665220088,197676.62346106363,-59931.55680886275,1206,0.526664,0.173539,0.353125,0.032068,0.247656,0.609016,3,0.13339083821874986,-0.16593393337200946,0.15707988312228327,-0.06457407901977619,0.3380842710704841,-0.1316103834180119,False,704
799,False,False,17516.77256212051,-1300839.5146980896,-0.986713172507772,0.09745999246956383,0.9170656084455431,-0.08907605645724048,0.004434577674620188,54,0.10269914417379855,1363,145386.03365143825,202557.903029682,-57171.86937824375,1363,0.672559,0.073579,0.5989800000000001,0.036851,0.197995,0.287794,2,0.13446052775964468,-0.06407383159989022,0.004434577674620188,-0.010242474916387967,0.5372448491346384,-0.08907605645724037,False,705
8,False,False,17503.206697751815,-1300853.0805624584,-0.9867234624912157,0.0973189450458638,0.5387236921412436,-0.29787396393924714,0.018770144726031557,93,0.1672152732060566,1265,116932.10477028003,169410.38773014242,-52478.282959862394,1265,0.70839,0.102672,0.605718,0.062117,0.010559,0.205209,1,0.05188934220049313,-0.2327248426002957,0.018770144726031557,0.0,0.6333202903529909,-0.13524048710044878,False,706
832,False,False,17453.99232380984,-1300902.2949364004,-0.986760792592659,0.0968064852082322,0.7176324328186221,-0.16374821433766795,-0.00951881681365263,57,0.1487820934825543,1293,130516.3829677144,184337.44488617725,-53821.06191846286,1293,0.61541,0.271203,0.344207,0.083208,0.169769,0.001495,3,0.09885823657696124,-0.16374821433766795,-0.00951881681365263,-0.010242474916387967,0.6036400110914224,-0.08928241900730405,False,707
734,False,False,17437.272878455104,-1300919.0143817551,-0.9867734746312827,0.09663211454096499,0.7195203548716654,-0.14145243545820696,-0.01911294895205351,144,0.1902567478604345,1230,139799.9082613596,200141.93285735656,-60342.02459599695,1230,0.572353,0.073055,0.499298,0.01292,0.286576,0.401235,2,0.20333775351092775,-0.14145243545820696,-0.01911294895205351,-0.104401026161964,0.4773113012553347,-0.1310405245849081,False,708
628,False,False,17429.469770730208,-1300926.81748948,-0.9867793934468565,0.09655068652900067,0.7934500255117188,-0.1610554106025568,0.0003239023567347399,55,0.1283739302172482,1324,133753.88494259745,187627.28075345987,-53873.39581086242,1324,0.681873,0.271688,0.41018499999999997,0.000494,0.180363,0.232116,3,0.09602135909809784,-0.1610554106025568,0.0003239023567347399,-0.010242474916387967,0.5897341787858932,-0.08312616975304443,False,709
575,False,False,17360.047761476384,-1300996.2394987338,-0.986832051449799,0.09582490308261304,0.8533759371265333,-0.12318508069099521,0.0003239023567347399,49,0.10994075049374588,1352,141297.47588634014,197403.87405292323,-56106.398166583094,1352,0.677736,0.174166,0.5035700000000001,0.007232,0.194173,0.125754,3,0.1339027313690524,-0.12318508069099521,0.0003239023567347399,-0.010242474916387967,0.5305039966559055,-0.07377049180327866,False,710
759,False,False,17348.76995448088,-1301007.5173057292,-0.9868406058952889,0.09570676895714514,0.7312792579568418,-0.21388843594072537,0.0004770793433068743,73,0.15273206056616195,1287,121699.36988976364,171130.911035006,-49431.54114524236,1287,0.600382,0.190179,0.410203,0.066093,0.182795,0.587249,3,0.0004770793433068743,-0.21388843594072537,0.02290565124375621,-0.010242474916387967,0.6952196070476366,-0.09294181700631943,False,711
478,False,False,17336.463542553596,-1301019.8237176565,-0.986849940558495,0.09557778717062959,0.7390955633896903,-0.2096120449391573,0.06980611184244312,138,0.22317314022383147,1180,128095.16117655284,184941.80891244565,-56846.64773589281,1180,0.476605,0.220974,0.255631,0.055959,0.254963,0.035692,3,0.06980611184244312,-0.2096120449391573,0.1642363915148426,-0.06703831887268485,0.39191996973872434,-0.1141560654073448,False,712
808,False,False,17325.728343146766,-1301030.5589170633,-0.9868580834251165,0.09546521066227154,0.8785670488861738,-0.11361714124612354,0.018770144726031557,59,0.11323238973008558,1347,140377.66938356688,197730.1724717039,-57352.50308813702,1347,0.661418,0.160893,0.5005249999999999,0.080061,0.22161,0.470897,1,0.1581367943396046,-0.11361714124612354,0.018770144726031557,0.0,0.46843738186293105,-0.09351656975724254,False,713
155,False,False,17266.4453686999,-1301089.8418915102,-0.9869030507643857,0.09484247972657012,0.5452835317656336,-0.3007277100117205,0.0,71,0.16326530612244897,1271,124185.2986076554,181004.70156751495,-56819.40295985955,1271,0.73345,0.202937,0.530513,0.010284,0.039944,0.720312,2,0.1697833098030539,-0.22081269534806736,0.0,0.0,0.4760379314701384,-0.21978722845046184,False,714
662,False,False,17264.529893485436,-1301091.7573667248,-0.9869045036912105,0.0948223291211745,0.6213250635368409,-0.1969923428042435,0.0,52,0.13495720868992758,1314,130658.36980126132,187115.7149076326,-56457.34510637127,1314,0.700051,0.09546,0.604591,0.010957,0.098657,0.666785,3,0.052757803372670775,-0.1969923428042435,0.0,0.0,0.6399336901779185,-0.1423194939149568,False,715
310,False,False,17256.413657775287,-1301099.8736024348,-0.9869106600207161,0.09473692644671927,0.8266791373236435,-0.14347655260530578,0.0,14,0.05464121132323897,1436,152569.82136282502,213294.1486247795,-60724.32726195449,1436,0.729045,0.2665,0.46254500000000004,0.056678,0.079714,0.450562,3,0.17731502110559982,-0.14347655260530578,0.0,0.0,0.46574309750758425,-0.07862830619022865,False,716
905,False,False,17253.446116435625,-1301102.8411437746,-0.9869129109610487,0.09470569228039438,0.7138769137490537,-0.2007840256637191,0.0,39,0.10664911125740618,1357,143522.00913256657,202461.92489838766,-58939.91576582109,1357,0.69512,0.208089,0.487031,0.053905,0.146455,0.587304,2,0.13783204393692694,-0.16817063531676735,0.0,0.0,0.5163438407603873,-0.10876296640346805,False,717
228,False,False,17253.07741154316,-1301103.209848667,-0.9869131906311925,0.09470181124983457,0.6880834834588961,-0.14501260170747432,-0.009787824799016964,146,0.2119815668202765,1197,135862.7559301153,195507.33461343352,-59644.57868331822,1197,0.552114,0.09249,0.459624,0.040954,0.254543,0.083089,2,0.1870057850802036,-0.14501260170747432,-0.009787824799016964,-0.0992035583020946,0.46786283086060765,-0.1432024034340158,False,718
699,False,False,17250.997667490716,-1301105.2895927194,-0.9869147681592648,0.09467991832641842,0.5021543118655492,-0.3001181688113125,-0.048182454389325224,134,0.3107307439104674,1047,102520.49855861212,156640.7234826337,-54120.22492402159,1047,0.657579,0.091627,0.565952,0.044892,0.076883,0.244836,2,0.12011941627151734,-0.2448124839595489,-0.048182454389325224,-0.15502901353965193,0.618065823206333,-0.2702117935542928,False,719
43,False,False,17248.22593601152,-1301108.0613241987,-0.9869168705738443,0.09465073760941123,0.7379412231204762,-0.17133258444958333,0.007810862096126137,114,0.17050691244239632,1260,140293.01838570385,200330.06583410825,-60037.047448404395,1260,0.556364,0.087938,0.46842599999999995,0.064976,0.290776,0.519138,2,0.17008835930281396,-0.17133258444958333,0.007810862096126137,-0.06973664180081096,0.4626712963019708,-0.10299461834129797,False,720
269,False,False,17243.727509688746,-1301112.5597505213,-0.9869202827215059,0.09460336996769958,1.0431495606263612,-0.07991182874888192,0.018770144726031557,49,0.07636603028308098,1403,142264.57570997198,197264.5852843041,-55000.00957433213,1403,0.654771,0.072392,0.582379,0.095075,0.240967,0.161421,1,0.1007323851304891,-0.07991182874888192,0.018770144726031557,0.0,0.537705606356605,-0.06826240179331611,False,721
21,False,False,17218.61240247716,-1301137.674857733,-0.9869393330400383,0.09433872271551258,0.6724783631165222,-0.16073183786497702,0.0,41,0.07965766951942067,1398,153969.32746850495,219194.85844178684,-65225.530973281886,1398,0.747125,0.104338,0.642787,0.019992,0.014575,0.544469,2,0.34001395656382094,-0.16073183786497702,0.0,0.0,0.28495769153260264,-0.15706364867385436,False,722
30,False,False,17186.751395325908,-1301169.5358648843,-0.9869635002605834,0.09400252769223494,0.9443124811040892,-0.11361714124612354,0.018770144726031557,47,0.09150757077024359,1380,139256.9831678016,193954.0955633067,-54697.1123955051,1380,0.659651,0.158489,0.501162,0.087756,0.241202,0.384831,1,0.09709538412691598,-0.11361714124612354,0.018770144726031557,0.0,0.537705606356605,-0.06826240179331611,False,723
899,False,False,17156.590462139422,-1301199.6967980708,-0.9869863779405232,0.09368379240401614,0.5535795753833777,-0.22309216491288808,0.0,67,0.1988150098749177,1217,120227.43889612157,176408.4624348858,-56181.02353876422,1217,0.662263,0.179767,0.48249600000000004,0.047044,0.086884,0.691516,3,0.0876376539761472,-0.1969923428042435,0.0,0.0,0.5774178467818742,-0.22309216491288786,False,724
106,False,False,17126.561523954628,-1301229.7257362555,-0.9870091554995754,0.09336598736788382,0.8943033405675863,-0.10876296640346794,0.0,23,0.040157998683344305,1458,150655.75876479445,210178.91552071195,-59523.1567559175,1458,0.736223,0.163794,0.572429,0.069596,0.022988,0.748463,1,0.16038334485400774,-0.04112098439757783,0.0,0.0,0.475939964142573,-0.10876296640346794,False,725
433,False,False,17085.84422186902,-1301270.4430383411,-0.9870400403995672,0.09293432105029376,0.4845633363674834,-0.34945447624630044,-0.09400974668574813,105,0.2672811059907834,1113,91625.17652577187,139206.74233739995,-47581.56581162808,1113,0.694004,0.261219,0.432785,0.03977,0.033626,0.195683,2,-0.09400974668574813,-0.34945447624630044,0.0,0.0,0.8858750587400239,-0.21365812443506738,False,726
664,False,False,17031.512808266605,-1301324.7744519436,-0.9870812518794435,0.09235698578472684,0.6868429636761001,-0.15082738012849128,-0.04559159497535348,136,0.19420671494404212,1224,137196.0338561323,196645.1087184715,-59449.074862339214,1224,0.520652,0.264087,0.256565,0.071391,0.287568,0.526064,2,0.21311986404751715,-0.15082738012849128,-0.04559159497535348,-0.09920355830209471,0.47100875016533816,-0.1310405245849081,False,727
583,False,False,17016.854497417007,-1301339.432762793,-0.9870923705057142,0.0922009608541503,0.9661790767231372,-0.12519146901820744,0.018770144726031557,61,0.08097432521395655,1396,144875.4647946961,202142.35908681678,-57266.894292120676,1396,0.732343,0.076847,0.655496,0.002187,0.237055,0.190712,1,0.12903533683320667,-0.06407383159989022,0.018770144726031557,0.0,0.47943381578739475,-0.12519146901820744,False,728
924,False,False,17013.394576625746,-1301342.8926835845,-0.9870949949258536,0.09216411666342905,0.910580119814707,-0.11361714124612343,0.018770144726031557,49,0.09414088215931533,1376,143647.80264583798,201165.67723470638,-57517.874588868406,1376,0.698289,0.13125,0.5670390000000001,0.040604,0.265935,0.075301,1,0.14946098681678688,-0.11361714124612343,0.018770144726031557,0.0,0.45284916867298053,-0.11049272427042389,False,729
701,False,False,17005.89603191515,-1301350.391228295,-0.9871006827242,0.09208424430203022,0.7931471500267866,-0.1386737479042115,0.08871194154116901,93,0.14944042132982224,1292,142403.67121569335,202093.5583952194,-59689.887179526064,1292,0.587038,0.096048,0.4909899999999999,0.051389,0.288416,0.72994,2,0.16033787147767198,-0.1386737479042115,0.08871194154116901,-0.054947854714572975,0.3461766894730651,-0.08047567859547167,False,730
925,False,False,16994.34621864435,-1301361.9410415657,-0.98710944349197,0.09196116149344591,0.6525200817278575,-0.21546604923815782,0.018770144726031557,58,0.12771560236998025,1325,134372.2459954224,191418.67582014197,-57046.429824719584,1325,0.747735,0.211927,0.5358080000000001,0.016503,0.140813,0.408247,1,0.0900382840935432,-0.21546604923815782,0.018770144726031557,0.0,0.5303349643426416,-0.10876296640346794,False,731
219,False,False,16989.252941399638,-1301367.0343188106,-0.9871133068461285,0.09190686183424934,0.4917067826556381,-0.3618744923394094,-0.09387665662278233,61,0.19091507570770244,1229,103095.69299364029,151911.13941603183,-48815.44642239154,1229,0.654584,0.296764,0.3578200000000001,0.095261,0.014123,0.613066,3,-0.09387665662278233,-0.3618744923394094,0.0,0.0,0.8749382261888201,-0.10670532164969793,False,732
415,False,False,16979.419207849827,-1301376.8680523604,-0.9871207659326021,0.09180198552907481,0.9577886921902069,-0.11361714124612354,0.018770144726031557,43,0.08031599736668861,1397,143265.4331032593,199566.70874790475,-56301.275644645444,1397,0.714055,0.169654,0.544401,0.033623,0.281759,0.693667,1,0.12304449966127051,-0.11361714124612354,0.018770144726031557,0.0,0.4840538376194743,-0.06826240179331589,False,733
640,False,False,16973.570404715254,-1301382.7168554948,-0.9871252023684816,0.09173958428926277,0.7097030665432345,-0.23132472140386118,0.00032445179953599634,105,0.1672152732060566,1265,118549.00206752855,168081.99666967857,-49532.99460215002,1265,0.642213,0.18014,0.46207300000000007,0.037631,0.257088,0.006154,1,0.00032445179953599634,-0.23132472140386118,0.002483588792326241,-0.03977533646543485,0.6926027792539469,-0.11049272427042389,False,734
227,False,False,16972.59783044583,-1301383.6894297644,-0.9871259400858033,0.09172920609556434,0.8365842108613676,-0.11612885158400232,0.044618342405456035,76,0.13298222514812377,1317,144300.06910517096,203866.91702331763,-59566.84791814667,1317,0.590244,0.260634,0.32961,0.065331,0.273551,0.738249,2,0.18724418294629452,-0.11612885158400232,0.044618342405456035,-0.028868382214378707,0.36851834319643695,-0.08172532006971678,False,735
771,False,False,16938.050654822306,-1301418.2366053879,-0.9871521448196506,0.09136023623243616,0.7405939014321675,-0.19514209474618893,0.018770144726031557,75,0.11718235681369323,1341,134910.74920148763,189268.04552470607,-54357.29632321844,1341,0.726235,0.117265,0.60897,0.011836,0.19743,0.528668,1,0.07089590236395082,-0.19514209474618893,0.018770144726031557,0.0,0.5525298577601541,-0.12183817406883735,False,736
580,False,False,16854.935729115216,-1301501.3515310949,-0.9872151891776214,0.09046997591106654,0.784917156868593,-0.1642077436645435,0.0,23,0.06188281764318631,1425,138337.9991481004,192857.04017206022,-54519.04102395981,1425,0.720434,0.135892,0.584542,0.027717,0.111027,0.264051,3,0.050682331048897966,-0.1642077436645435,0.0,0.0,0.6041895091439207,-0.07862830619022865,False,737
324,False,False,16853.209869689177,-1301503.077390521,-0.9872164982770224,0.09045145111889541,0.6212539430613963,-0.16496480558918158,0.02290565124375621,86,0.18499012508229098,1238,126278.8594199271,180914.29873355545,-54635.43931362835,1238,0.659026,0.110239,0.548787,0.003878,0.154664,0.58169,3,0.092864698389578,-0.16496480558918158,0.02290565124375621,-0.010242474916387967,0.5075809929885322,-0.11390900860117703,False,738
560,False,False,16842.467713685313,-1301513.819546525,-0.987224646420364,0.09033611285650767,0.7221496794410043,-0.14145243545820696,-0.013173935353760657,128,0.19289005924950625,1226,138312.0637230184,197904.69635786474,-59592.63263484635,1226,0.545551,0.278161,0.26739,0.052244,0.285756,0.667742,2,0.2265128201293911,-0.14145243545820696,-0.013173935353760657,-0.08471715620383913,0.3915314287982876,-0.0946442885528821,False,739
875,False,False,16842.092487150843,-1301514.1947730593,-0.9872249310373057,0.09033208294956707,0.6526103973290144,-0.22406909823057253,0.018770144726031557,42,0.10467412771560237,1360,132250.92430688057,186957.8676716511,-54706.94336477053,1360,0.712962,0.178837,0.534125,0.067749,0.10434,0.017173,1,0.056434546972794264,-0.22406909823057253,0.018770144726031557,0.0,0.5648663207001157,-0.10876296640346794,False,740
670,False,False,16713.422642228794,-1301642.8646179812,-0.9873225297260406,0.08894574119500032,0.8227432560051025,-0.11361714124612354,0.02125184967129723,69,0.12244897959183673,1333,133876.0544086993,188908.64374539125,-55032.58933669195,1333,0.63703,0.182613,0.45441699999999996,0.088775,0.223964,0.452934,1,0.07660943262672548,-0.11361714124612354,0.02125184967129723,0.0,0.5201077000572683,-0.09351656975724265,False,741
79,False,False,16702.660699693864,-1301653.6265605162,-0.9873306928778676,0.08882938461765444,0.9600384176902603,-0.054934597550003295,0.0,8,0.015141540487162607,1496,149663.9172887045,207954.65624126047,-58290.738952555956,1496,0.736755,0.111623,0.625132,0.07776,0.053858,0.311911,2,0.09156327598218827,-0.019543773119605423,0.0,0.0,0.5301596405086835,-0.054934597550003295,False,742
617,False,False,16684.616004622498,-1301671.6712555876,-0.9873443801452972,0.08863414756206334,0.6509141327685607,-0.20493264413558576,0.1033885119154021,196,0.26003949967083606,1124,123853.99061825147,181260.72927050895,-57406.73865225748,1124,0.45411,0.186238,0.267872,0.005998,0.299871,0.704337,2,0.1033885119154021,-0.20493264413558576,0.13665204755307814,-0.08912786306211784,0.330332556039737,-0.15464672324809647,False,743
868,False,False,16623.06315623634,-1301733.2241039737,-0.9873910692300166,0.0879668402987992,0.47507178159130775,-0.35765168945967063,-0.10011968035549612,91,0.25608953258722844,1130,92998.73140744095,140529.45155982114,-47530.72015238019,1130,0.641649,0.107635,0.534014,0.099983,0.041094,0.287211,2,-0.10011968035549612,-0.35765168945967063,0.0,0.0,0.8472526616431897,-0.21365812443506682,False,744
778,False,False,16618.25424667876,-1301738.0330135315,-0.9873947168855131,0.08791461915456722,0.8036273004421255,-0.11361714124612354,0.0,17,0.05069124423963134,1442,155246.73590516028,218557.29247344768,-63310.5565682874,1442,0.733964,0.252479,0.48148499999999994,0.082742,0.008877,0.717892,1,0.23386652520561824,-0.11361714124612354,0.0,0.0,0.34684375556014024,-0.10876296640346805,False,745
582,False,False,16529.01586962492,-1301827.2713905852,-0.9874624060056062,0.0869432628437361,0.7510356093956545,-0.15909323872669,0.0913532060095057,91,0.1672152732060566,1265,139196.35944863336,198636.09676198626,-59439.7373133529,1265,0.543097,0.253563,0.28953400000000007,0.035679,0.27915,0.382809,3,0.14060868906050006,-0.15909323872669,0.0913532060095057,-0.06457407901977641,0.3278376920070778,-0.11415606540734491,False,746
198,False,False,16526.550125487534,-1301829.7371347225,-0.9874642763225768,0.08691636127070868,0.8307722778447959,-0.11897176532209175,0.0,19,0.03554970375246873,1465,157528.88252861233,221003.0228134071,-63474.14028479476,1465,0.742774,0.204956,0.537818,0.052782,0.017153,0.061201,2,0.23530910205422728,-0.03371917463512841,0.0,0.0,0.3378473531851345,-0.10876296640346805,False,747
693,False,False,16514.72158673132,-1301841.5656734789,-0.9874732485092842,0.08678726388209079,0.6421257419781173,-0.20493264413558576,0.09111324047475011,190,0.25477287689269257,1132,122941.13658488578,179675.67121176235,-56734.53462687657,1132,0.484069,0.265132,0.21893700000000005,0.004342,0.298498,0.676569,2,0.09111324047475011,-0.20493264413558576,0.12720991192511977,-0.08912786306211784,0.34275454675533634,-0.15464672324809647,False,748
320,False,False,16471.142564203234,-1301885.144696007,-0.9875063040823104,0.08631097330345305,0.581127362409956,-0.21612014411468194,0.0,57,0.14088215931533904,1305,132178.0450292608,190393.17169779143,-58215.12666853063,1305,0.714555,0.197449,0.5171060000000001,0.025334,0.089783,0.43605,2,0.11290000827031266,-0.21612014411468194,0.0,0.0,0.48001998758208053,-0.13639111750249355,False,749
704,False,False,16370.045642027342,-1301986.2416181827,-0.9875829881495485,0.08520198848888194,0.5320557512346996,-0.238924646812949,0.0,58,0.1421988150098749,1303,130880.7900912862,188947.2162737298,-58066.42618244361,1303,0.732607,0.238579,0.494028,0.023782,0.062696,0.187249,2,0.14781177031468218,-0.21612014411468194,0.0,0.0,0.4261960075160538,-0.14985527672936627,False,750
394,False,False,16332.37740148042,-1302023.9098587297,-0.9876115602744823,0.0847873248528308,0.46350181772406635,-0.2876300980875198,-0.04292430228526578,100,0.2587228439763002,1126,99100.25417747715,150667.40178804626,-51567.14761056911,1126,0.673503,0.201712,0.47179099999999996,0.085717,0.059084,0.328142,1,-0.0031588228437176014,-0.2876300980875198,-0.04292430228526578,-0.10444360045575374,0.7118950999329399,-0.1440905516142762,False,751
981,False,False,16328.49060687909,-1302027.796653331,-0.9876145084870701,0.08474449242805138,0.7603210955455665,-0.185225214662462,0.1051631911915949,73,0.1468071099407505,1296,138879.90182174754,197479.70773159183,-58599.80590984429,1296,0.545907,0.251694,0.29421300000000006,0.058821,0.286812,0.223881,3,0.1051631911915949,-0.185225214662462,0.11329383537278348,-0.039909596773859635,0.32711887107854554,-0.09657498272419651,False,752
730,False,False,16268.948164039773,-1302087.3390961704,-0.9876596726383808,0.08408727015718931,0.7995975332009416,-0.10413873539077734,0.0,18,0.03489137590520079,1466,148176.69899416735,207847.57369932576,-59670.87470515841,1466,0.727023,0.138958,0.588065,0.095128,0.054241,0.252828,1,0.13831494616936046,-0.0582406225302452,0.0,0.0,0.429213261126701,-0.068262401793316,False,753
474,False,False,16246.178561553606,-1302110.1086986565,-0.987676943843977,0.08383541165116193,0.6716804800449231,-0.17133258444958333,0.02956338879055953,110,0.16655694535878868,1266,140578.69303337665,201686.119269641,-61107.42623626435,1266,0.558488,0.093239,0.46524899999999997,0.064121,0.29537,0.091921,2,0.17008835930281396,-0.17133258444958333,0.02956338879055953,-0.05797720868382683,0.34858856478384737,-0.10299461834129742,False,754
957,False,False,16239.747810142999,-1302116.539450067,-0.9876818216994344,0.0837642266808385,0.6554066800918371,-0.1951420947461886,0.014639097728183836,48,0.08821593153390389,1385,131141.820846735,185334.77488471864,-54192.95403798364,1385,0.689516,0.124583,0.564933,0.087109,0.189486,0.71496,1,0.014639097728183836,-0.1951420947461886,0.018770144726031557,0.0,0.5710553214582759,-0.07841508379302775,False,755
111,False,False,16192.715289525946,-1302163.5719706842,-0.98771749682085,0.08324288587169804,0.7444359324731751,-0.10876296640346794,0.0,18,0.04739960500329164,1447,151242.56327923073,213714.05933333424,-62471.49605410351,1447,0.721718,0.155028,0.5666899999999999,0.075581,0.017975,0.343244,2,0.21035596856206928,-0.07619777240850978,0.0,0.0,0.3378473531851345,-0.10876296640346805,False,756
965,False,False,16191.524005616451,-1302164.7632545936,-0.9877184004338725,0.08322966446898028,0.6445385377942587,-0.16374821433766795,0.004434577674620188,55,0.14285714285714285,1302,127902.09638457156,182532.69043371742,-54630.59404914586,1302,0.636227,0.212316,0.423911,0.077212,0.186356,0.393891,2,0.09430140713599822,-0.16374821433766795,0.004434577674620188,-0.010242474916387967,0.47308943750810983,-0.0963615644384489,False,757
4,False,False,16146.726207401081,-1302209.561052809,-0.9877523804729926,0.08273188849286406,0.7427534742741372,-0.15155896060361462,0.044618342405456035,80,0.14549045424621462,1298,135216.25121223452,192053.2072562786,-56836.956044044084,1298,0.565252,0.209842,0.35541,0.091824,0.263294,0.517522,2,0.11922649146750874,-0.15155896060361462,0.044618342405456035,-0.028868382214378707,0.38104825279275345,-0.09154392170114967,False,758
986,False,False,16111.778146548628,-1302244.5091136615,-0.987778889286422,0.08234275853936945,0.689702667165852,-0.16593393337200946,0.07705044302772568,106,0.18630678077682686,1236,133606.4325219596,191644.62786195416,-58038.19533999456,1236,0.490812,0.262224,0.228588,0.086347,0.256718,0.250302,3,0.1292496024637202,-0.16593393337200946,0.07705044302772568,-0.06457407901977619,0.32469983775289046,-0.11415606540734469,False,759
968,False,False,16111.673531583865,-1302244.6137286262,-0.987778968638996,0.08234159264528507,0.5533498913334927,-0.23076548015231169,0.0,56,0.12771560236998025,1325,134900.02509516856,193760.47352795728,-58860.44843278872,1325,0.737172,0.278609,0.45856300000000005,0.014249,0.069682,0.014471,2,0.16864230672276515,-0.18638993939744786,0.0,0.0,0.3786659475614915,-0.16513626474080711,False,760
558,False,False,16083.296523148922,-1302272.9907370612,-0.9878004931758069,0.08202510824829345,0.7970882436080498,-0.14091895523888454,0.0,6,0.03489137590520079,1466,146468.17403162902,204471.94250198462,-58003.7684703556,1466,0.743353,0.268224,0.475129,0.05825,0.048398,0.203403,3,0.09727936297279371,-0.11361714124612365,0.0,0.0,0.46574309750758425,-0.07862830619022865,False,761
437,False,False,16080.209038737607,-1302276.0782214724,-0.9878028350953935,0.08199064592258987,0.8833442394458416,-0.11361714124612354,0.0011907531191546195,41,0.0967741935483871,1372,151946.55735118102,213736.14926555144,-61789.59191437042,1372,0.626941,0.238285,0.388656,0.075718,0.263429,0.235592,2,0.2236597105800744,-0.11361714124612354,0.0011907531191546195,-0.013438899885404476,0.3125449921819481,-0.07377049180327844,False,762
702,False,False,16046.508144786394,-1302309.7791154238,-0.9878283979074169,0.08161411909769956,0.5580147390356239,-0.20740834643645412,0.0,38,0.14088215931533904,1305,129506.00157152889,187445.29002648641,-57939.288454957525,1305,0.677643,0.210735,0.466908,0.083155,0.103139,0.414976,2,0.12293705191049753,-0.1969923428042435,0.0,0.0,0.42897663920571816,-0.11390900860117714,False,763
449,False,False,15998.437985649507,-1302357.8492745606,-0.9878648600987088,0.08107590709951307,0.6178616711565276,-0.2500409379318922,0.0035156022647608864,39,0.09216589861751152,1379,129580.48436421249,182586.2832764364,-53005.79891222392,1379,0.731623,0.146872,0.584751,0.055605,0.103386,0.683343,1,0.0035156022647608864,-0.22406909823057264,0.018770144726031557,0.0,0.5648663207001157,-0.10876296640346794,False,764
327,False,False,15977.664582387602,-1302378.6226778226,-0.9878806171466803,0.08084290258802707,0.8174329914465068,-0.09305436806112743,0.0,15,0.03423304805793285,1467,142492.95251842713,198521.51408244824,-56028.5615640211,1467,0.693135,0.07723,0.6159049999999999,0.074315,0.145916,0.623539,3,0.0594585867816555,-0.04724694648368055,0.0,0.0,0.5080971339260523,-0.07862830619022865,False,765
196,False,False,15956.28391459983,-1302400.0033456103,-0.9878968348171192,0.08060282268349495,0.7449306375660963,-0.11361714124612354,0.0,17,0.05069124423963134,1442,150367.30258218106,211885.09309621312,-61517.790514032065,1442,0.733682,0.273066,0.46061599999999997,0.080474,0.159374,0.107622,1,0.18471677570081213,-0.11361714124612354,0.0,0.0,0.34684375556014024,-0.10876296640346805,False,766
126,False,False,15940.640721440785,-1302415.6465387694,-0.9879087004966097,0.08042699787369645,0.5590250485244112,-0.24479424941191896,0.0,52,0.12969058591178406,1322,134871.4509120604,193353.1142957011,-58481.6633836407,1322,0.706722,0.212169,0.49455299999999996,0.051876,0.076056,0.682738,2,0.15288412970513865,-0.21612014411468172,0.0,0.0,0.38267500702935053,-0.156411804484883,False,767
937,False,False,15940.27018931448,-1302416.0170708958,-0.9879089815527475,0.08042283145894658,0.7758269178304563,-0.1252052234872939,-0.009749526090292449,58,0.11981566820276497,1337,141606.76654581912,200061.99753679024,-58455.23099097112,1337,0.660768,0.288541,0.37222700000000003,0.020139,0.241779,0.347668,2,0.17613321833903117,-0.1252052234872939,-0.009749526090292449,-0.028868382214378485,0.36865536239592855,-0.11830735738523435,False,768
487,False,False,15939.684376465248,-1302416.602883745,-0.9879094259036828,0.08041624417489257,0.7661016246115373,-0.14282883612536668,0.0,9,0.03949967083607637,1459,147532.60959193902,206708.45598026674,-59175.846388327715,1459,0.715427,0.215286,0.5001410000000001,0.094297,0.000687,0.5055,2,0.13185884372957002,-0.11361714124612365,0.0,0.0,0.4082749332896183,-0.10876296640346805,False,769
54,False,False,15939.392693758495,-1302416.8945664517,-0.9879096471509355,0.08041296421789079,0.7475385369953726,-0.15726310554715217,0.08777643257093204,68,0.12969058591178406,1322,139267.07486498012,197955.1470996051,-58688.07223462497,1322,0.596911,0.139513,0.45739799999999997,0.073308,0.250656,0.354504,2,0.08777643257093204,-0.15726310554715217,0.10704192151769609,-0.028868382214378485,0.32363443790145374,-0.07947552890085163,False,770
39,False,False,15919.482575104383,-1302436.8046851058,-0.9879247493800116,0.08018895752802746,0.5456404224926016,-0.19718403856941902,0.0,45,0.15799868334430547,1279,127134.63538086442,184782.55525123642,-57647.919870372,1279,0.67211,0.203474,0.468636,0.078486,0.097074,0.720775,2,0.1132779053660975,-0.19699234280424327,0.0,0.0,0.4299648361268178,-0.11390900860117692,False,771
184,False,False,15910.680379484455,-1302445.6068807256,-0.9879314260240304,0.08008985043515726,0.7513620210485369,-0.1554500436553895,0.0,16,0.03949967083607637,1459,143422.1522784874,200685.34326572053,-57263.19098723313,1459,0.715542,0.201208,0.5143340000000001,0.063999,0.030199,0.168152,3,0.0855026645897008,-0.1554500436553895,0.0,0.0,0.46574309750758425,-0.07862830619022865,False,772
801,False,False,15904.577458031765,-1302451.7098021784,-0.9879360552138114,0.0800211085931084,0.6689944186580541,-0.16593393337200946,0.0914924556726473,108,0.19091507570770244,1229,133577.95302603752,192309.99745495612,-58732.0444289186,1229,0.480469,0.143448,0.337021,0.095795,0.246761,0.205639,3,0.1292496024637202,-0.16593393337200946,0.0914924556726473,-0.06457407901977608,0.29036166123922746,-0.13161038341801146,False,773
292,False,False,15894.322340428063,-1302461.964919782,-0.9879438339286419,0.0799055478471058,0.7079919484995904,-0.16595642262691623,0.0003239023567347399,53,0.1217906517445688,1334,130763.66149046407,184339.55421402116,-53575.89272355709,1334,0.588377,0.183117,0.40526000000000006,0.095352,0.196365,0.08802,3,0.05765366940796968,-0.16595642262691623,0.0003239023567347399,-0.010242474916387967,0.50230422855095,-0.08928241900730383,False,774
705,False,False,15885.120868582722,-1302471.1663916274,-0.987950813431781,0.07980180725946018,0.6490567761746049,-0.27697888790113656,0.0,34,0.07373271889400922,1407,135327.3021861589,189903.9566719,-54576.654485741106,1407,0.732234,0.129532,0.6027020000000001,0.02874,0.109147,0.700083,2,0.034967130551067704,-0.21612014411468194,0.0,0.0,0.5348430302443219,-0.10876296640346805,False,775
199,False,False,15850.027468366214,-1302506.2597918438,-0.9879774324880678,0.07940569139571241,0.618181086384895,-0.19699234280424338,-0.011960408790816057,26,0.08624094799210007,1388,128145.4837754543,180425.3784776408,-52279.8947021865,1388,0.694459,0.120087,0.5743720000000001,0.048355,0.096482,0.076594,3,-0.011960408790816057,-0.19699234280424338,0.0,0.0,0.6041895091439207,-0.07862830619022865,False,776
124,False,False,15831.077736495243,-1302525.2095237148,-0.9879918062442777,0.0791914925288344,0.7398880769889821,-0.15726310554715217,0.0970153631714441,64,0.12903225806451613,1323,139851.93478998635,198766.61310160067,-58914.67831161432,1323,0.595082,0.293396,0.301686,0.0819,0.246566,0.066853,2,0.10054797755066769,-0.15726310554715217,0.0970153631714441,-0.028868382214378485,0.3112599349490228,-0.07947552890085141,False,777
125,False,False,15823.264127319148,-1302533.023132891,-0.9879977330254154,0.07910310888626015,0.5497413180853281,-0.2362187953100111,0.0,40,0.1250822909809085,1329,132801.98052817042,191662.5345978653,-58860.55406969489,1329,0.671248,0.121628,0.54962,0.090467,0.080571,0.508665,2,0.1490832027766984,-0.19699234280424327,0.0,0.0,0.3770338030425524,-0.16715536943415676,False,778
192,False,False,15818.204276349295,-1302538.0829838607,-0.988001571025066,0.07904585495868477,0.8247865004003136,-0.13882668994087788,-0.009749526090292449,47,0.09545753785385122,1374,145795.04422640917,205200.96998711085,-59405.92576070168,1374,0.680475,0.21755,0.46292500000000003,0.003751,0.291932,0.370392,2,0.1878045350367874,-0.13882668994087788,-0.009749526090292449,-0.028868382214378485,0.34482923543105004,-0.07377049180327844,False,779
13,False,False,15791.985916428075,-1302564.301343782,-0.9880214581831693,0.07874894045182201,0.5672056348370861,-0.2193868601650273,0.015624174707212557,41,0.10533245556287031,1359,126347.98558548049,179361.2013092201,-53013.21572373962,1359,0.701144,0.134692,0.566452,0.088394,0.084216,0.07478,1,0.015624174707212557,-0.2193868601650273,0.018770144726031557,0.0,0.5262564379737837,-0.13524048710044856,False,780
718,False,False,15785.80666159159,-1302570.4805986185,-0.9880261452733711,0.07867890250759713,0.6974079819752363,-0.1386737479042115,0.016565404127035777,82,0.14549045424621462,1298,139343.464270083,198239.96538359346,-58896.50111351046,1298,0.584401,0.290662,0.293739,0.061199,0.287962,0.158585,2,0.1844594570026492,-0.1386737479042115,0.016565404127035777,-0.05494785471457353,0.311025847136156,-0.08172532006971656,False,781
143,False,False,15740.581544919523,-1302615.7057152905,-0.988060449442213,0.0781656071093575,0.6701924563119724,-0.18320782321467655,0.07618078640726189,94,0.17445687952600394,1254,131429.5318636965,188274.80279347295,-56845.27092977645,1254,0.532242,0.100522,0.43172,0.052679,0.266259,0.5102,3,0.09685072495415636,-0.18320782321467655,0.07618078640726189,-0.04990603466276866,0.3334846255715864,-0.11415606540734469,False,782
619,False,False,15668.710536678927,-1302687.5767235311,-0.9881149650605896,0.07734735010596094,0.6200547286615803,-0.2705375118036226,-0.12911336691372022,26,0.07702435813034891,1402,122426.50641841588,169943.26495360222,-47516.75853518634,1402,0.684768,0.129316,0.5554520000000001,0.035213,0.148272,0.631506,3,-0.12911336691372022,-0.20828641351013355,0.0,0.0,0.7991676460978143,-0.07862830619022865,False,783
448,False,False,15665.926611269275,-1302690.3606489408,-0.9881170767245128,0.0773155919676849,0.7590087959976701,-0.13882668994087788,-0.0015864195986259322,59,0.11323238973008558,1347,138136.3752104036,194786.93186422912,-56650.55665382551,1347,0.631754,0.297604,0.33415000000000006,0.033171,0.291678,0.628321,2,0.13694859804956816,-0.13882668994087788,-0.0015864195986259322,-0.028868382214378485,0.38008163787731797,-0.07377049180327844,False,784
753,False,False,15621.366756685198,-1302734.9205035248,-0.9881508762785595,0.07680662550887862,0.44035143981751274,-0.34267589477632365,-0.01679569379622503,96,0.23107307439104674,1168,106175.49212694835,159805.57978207723,-53630.08765512888,1168,0.689137,0.111219,0.577918,0.043789,0.05331,0.645427,2,-0.01679569379622503,-0.34267589477632365,0.0,0.0,0.588822044219931,-0.21365812443506726,False,785
424,False,False,15561.437582692917,-1302794.8496775173,-0.9881963337732985,0.07612019642306533,0.61065817344025,-0.22628803647903584,0.0,37,0.08492429229756418,1390,131238.08566241004,184873.13690537924,-53635.0512429692,1390,0.719396,0.166373,0.553023,0.034349,0.138169,0.373245,2,0.00710579601893202,-0.21612014411468172,0.0,0.0,0.5451641370953226,-0.10876296640346805,False,786
425,False,False,15540.981038976308,-1302815.306221234,-0.9882118504768742,0.07588538224473584,0.7378190154867051,-0.16988645901291322,0.0,8,0.03554970375246873,1465,142689.66728253744,199459.74447564126,-56770.07719310382,1465,0.738442,0.235156,0.503286,0.051003,0.013148,0.31551,3,0.060280008509191685,-0.11361714124612365,0.0,0.0,0.46574309750758425,-0.07862830619022865,False,787
523,False,False,15533.223162034588,-1302823.0640981756,-0.988217734983981,0.07579626460777944,0.6554962387983246,-0.1918533282273479,0.037249891779787436,80,0.16392363396971693,1270,130858.5713109366,186566.95354301043,-55708.382232073825,1270,0.544471,0.134239,0.41023200000000004,0.070828,0.228972,0.565618,3,0.08802028913565918,-0.1918533282273479,0.037249891779787436,-0.050830449305944825,0.3763889883907503,-0.07598310535271369,False,788
455,False,False,15531.139407519782,-1302825.1478526904,-0.9882193155540705,0.07577232141459422,0.4866077112150763,-0.2351855391650688,0.018770144726031557,74,0.16589861751152074,1267,123030.78807942854,179591.3706815691,-56560.58260214055,1267,0.74575,0.290815,0.45493500000000003,0.018922,0.075859,0.398705,1,0.09185120766205479,-0.21546604923815793,0.018770144726031557,0.0,0.39625149059933373,-0.14507939994484564,False,789
163,False,False,15461.258496090582,-1302895.0287641196,-0.9882723216436264,0.07496780519909163,0.7841069031648109,-0.11361714124612354,0.0011907531191546195,46,0.10467412771560237,1360,148230.63816715384,209366.92497549433,-61136.28680834049,1360,0.685764,0.208521,0.47724300000000003,0.008968,0.251818,0.387401,2,0.21555878397225658,-0.11361714124612354,0.0011907531191546195,-0.013438899885404476,0.27043381646935627,-0.07377049180327844,False,790
557,False,False,15459.504642607084,-1302896.782617603,-0.9882736519770882,0.07494757467006785,0.5864285847414551,-0.19024316443210543,0.0,55,0.1421988150098749,1303,123587.24426258983,176714.93492823557,-53127.69066564574,1303,0.637943,0.296029,0.34191400000000005,0.077671,0.182544,0.271995,2,0.04946137342200463,-0.19024316443210543,0.0,0.0,0.47308943750810983,-0.0963615644384489,False,791
293,False,False,15436.461414612259,-1302919.8258455978,-0.9882911307331859,0.07468159531445595,0.6421020921331932,-0.1878317776260109,-0.018952637800825345,67,0.14154048716260698,1304,124990.40507712365,177273.66841024806,-52283.263333124414,1304,0.584134,0.256297,0.32783700000000005,0.084565,0.195426,0.144644,3,0.035416607247172216,-0.1878317776260109,-0.018952637800825345,-0.03338632750397463,0.5196467683518118,-0.08928241900730405,False,792
882,False,False,15411.473168328837,-1302944.8140918813,-0.9883100848251297,0.07439279078927585,0.8721873666045953,-0.0770068075699325,0.0,33,0.06649111257406189,1418,151944.88029149937,214430.54702817296,-62485.66673667359,1418,0.701765,0.083361,0.618404,0.037869,0.170517,0.731751,2,0.24110995158266824,-0.0770068075699325,0.0,0.0,0.24174922203114035,-0.06826240179331611,False,793
5,False,False,15377.945928848158,-1302978.341331362,-0.988335515916713,0.07400468165152385,0.6107410128840641,-0.20476142718435486,-0.05208014854033305,22,0.0684660961158657,1415,128401.74448395162,179878.87445167024,-51477.12996771862,1415,0.682866,0.148951,0.5339149999999999,0.068053,0.140087,0.066634,3,-0.05208014854033305,-0.20476142718435486,0.0,0.0,0.6222833507672854,-0.07862830619022865,False,794
364,False,False,15350.31509056962,-1303005.9721696405,-0.9883564744683165,0.07368429799982601,0.6213301058940053,-0.21612014411468172,0.0,39,0.08097432521395655,1396,131638.7659674994,185542.52652059443,-53903.760553095024,1396,0.722623,0.131758,0.590865,0.027822,0.14131,0.614371,2,0.012324162761925939,-0.21612014411468172,0.0,0.0,0.5163438407603873,-0.10876296640346805,False,795
499,False,False,15348.326458739044,-1303007.960801471,-0.9883579828859195,0.07366122096919603,0.6085466667899162,-0.19699234280424338,0.0,17,0.05924950625411455,1429,136561.25327711433,192393.32649705492,-55832.07321994059,1429,0.699552,0.181347,0.5182049999999999,0.080721,0.102353,0.290018,3,0.047136192204352056,-0.19699234280424338,0.0,0.0,0.46574309750758425,-0.07862830619022865,False,796
417,False,False,15343.07196676825,-1303013.215293442,-0.9883619685247195,0.07360023333948651,0.6062577093660572,-0.2581727624180258,0.0,25,0.0836076366030283,1392,138654.49680591864,196270.16491457666,-57615.66810865802,1392,0.735734,0.288947,0.446787,0.032818,0.11505,0.473975,2,0.0871109836670334,-0.18638993939744752,0.0,0.0,0.4113620593743905,-0.10876296640346805,False,797
413,False,False,15329.423456546252,-1303026.863803664,-0.9883723211967201,0.07344173691556222,0.5938549721815171,-0.21612014411468172,0.0,27,0.07965766951942067,1398,136073.75805347564,193077.5854518565,-57003.82739838085,1398,0.706283,0.14312,0.563163,0.066563,0.113685,0.265393,2,0.08614393838397971,-0.21612014411468172,0.0,0.0,0.4113620593743905,-0.10876296640346805,False,798
512,False,False,15290.905405344269,-1303065.381854866,-0.9884015379202828,0.0729938016087146,0.5662595427576729,-0.22628803647903561,0.0,23,0.09150757077024359,1380,140892.21562655602,201133.0820132769,-60240.86638672088,1380,0.723477,0.235705,0.48777200000000004,0.059527,0.099165,0.240738,2,0.14294843645202215,-0.21612014411468172,0.0,0.0,0.3378473531851345,-0.10876296640346805,False,799
493,False,False,15285.993717555111,-1303070.293542655,-0.9884052635351539,0.07293661481881375,0.7700496666374608,-0.10876296640346805,0.0,8,0.019749835418038184,1489,144013.23857561857,201261.45744967894,-57248.218874060374,1489,0.735256,0.171022,0.564234,0.072448,0.077599,0.469382,2,0.0854410141241555,-0.019543773119605312,0.0,0.0,0.4082749332896183,-0.10876296640346805,False,800
81,False,False,15274.453091668749,-1303081.8341685415,-0.9884140173341063,0.0728021869526827,0.543098390384313,-0.2269639278871859,0.0,31,0.10599078341013825,1358,130505.56367747198,186746.3646746238,-56240.80099715182,1358,0.688977,0.221946,0.467031,0.087041,0.084805,0.015723,2,0.0853273185046528,-0.1969923428042436,0.0,0.0,0.4073591285542919,-0.15706364867385436,False,801
913,False,False,15271.825230656832,-1303084.4620295533,-0.9884160106200164,0.0727715651818055,0.4105434741584608,-0.33371224821169476,-0.07992657576388373,104,0.31138907175773534,1046,90139.04210171156,140277.11409200242,-50138.07199029086,1046,0.617417,0.122448,0.494969,0.089432,0.060562,0.060593,3,-0.07992657576388373,-0.30017257957001,0.0,0.0,0.6598485325599035,-0.1870701973872354,False,802
834,False,False,15228.077579437806,-1303128.2096807724,-0.988449194101327,0.07226113862731753,0.8141036955192639,-0.11361714124612354,0.004434577674620188,37,0.08294930875576037,1393,147040.629141011,207244.34844387116,-60203.71930286015,1393,0.704594,0.260846,0.44374800000000003,0.002278,0.277901,0.474925,2,0.1751810246889658,-0.11361714124612354,0.004434577674620188,-0.010242474916387967,0.2900859793820252,-0.07377049180327866,False,803
353,False,False,15227.451236926625,-1303128.8360232834,-0.9884496691948335,0.07225382188784013,0.5992600413285987,-0.2159101064171881,-0.00951881681365263,55,0.1316655694535879,1319,119817.1918340235,170236.447222151,-50419.25538812751,1319,0.618247,0.108097,0.51015,0.076999,0.186922,0.533052,3,-0.005689616919836382,-0.2159101064171881,-0.00951881681365263,-0.010242474916387967,0.5461763051015096,-0.09294181700631954,False,804
162,False,False,15198.605941536103,-1303157.681318674,-0.988471548936804,0.07191658777015486,0.5142243919277714,-0.2453778001095409,0.0,32,0.08953258722843976,1383,131562.80490624686,187891.29641666354,-56328.49151041667,1383,0.713714,0.168709,0.545005,0.066245,0.050938,0.56006,2,0.07993799401783419,-0.2161201441146815,0.0,0.0,0.4073591285542919,-0.15706364867385436,False,805
157,False,False,15090.640319244863,-1303265.6469409652,-0.9885534430524802,0.07064959006965998,0.4711686085870088,-0.24537780010954147,0.0,37,0.1250822909809085,1329,133413.6807069235,193434.43820063496,-60020.757493711455,1329,0.720918,0.25797,0.46294799999999997,0.04571,0.04677,0.065802,2,0.18078279173645329,-0.21612014411468194,0.0,0.0,0.278020007138877,-0.15706364867385436,False,806
765,False,False,15080.219503051807,-1303276.0677571583,-0.9885613474530536,0.0705269000323403,0.7287579471764615,-0.1227060159502592,0.018046301357264705,42,0.0967741935483871,1372,145177.13917934732,205555.5562515346,-60378.417072187294,1372,0.636398,0.164058,0.47234,0.011749,0.297626,0.531267,3,0.1759662738455774,-0.1227060159502592,0.018046301357264705,-0.01143323805634966,0.259636585631817,-0.07377049180327855,False,807
507,False,False,15063.510211426334,-1303292.7770487838,-0.9885740217898675,0.07033002460857385,0.4231418884430976,-0.27509458830230915,-0.0032839352174806047,105,0.260697827518104,1123,102026.7710328466,154874.10684330584,-52847.33581045923,1123,0.652015,0.252249,0.399766,0.096282,0.088009,0.197715,1,-0.0032839352174806047,-0.26460411831084696,0.018770144726031557,0.0,0.48346914806448105,-0.19238534112782746,False,808
756,False,False,15004.697453833287,-1303351.589806377,-0.98861863246011,0.06963561757980896,0.41736326152325864,-0.32901136435110356,0.0,64,0.20605661619486504,1206,104077.30962936343,155954.69442721273,-51877.3847978493,1206,0.663669,0.224671,0.43899799999999994,0.098735,0.018756,0.331873,2,0.0039516719259733435,-0.2945505741580866,0.0,0.0,0.49456371988986225,-0.16715536943415676,False,809
170,False,False,14966.697635768747,-1303389.5896244415,-0.9886474560933203,0.06918574236761743,0.545178236625849,-0.22228123900990548,0.018770144726031557,38,0.10204081632653061,1364,129794.76018658768,184959.83171250744,-55165.07152591976,1364,0.716897,0.288206,0.428691,0.073532,0.177646,0.42297,1,0.028783539870007813,-0.22228123900990548,0.018770144726031557,0.0,0.42799198038229247,-0.10876296640346805,False,810
239,False,False,14946.070480336246,-1303410.216779874,-0.9886631022093452,0.06894114090774695,0.7383843783166867,-0.12709609472728567,0.0,8,0.017774851876234364,1492,139514.40105947707,194580.63445677585,-55066.23339729878,1492,0.735966,0.185388,0.550578,0.052507,0.085316,0.298474,3,0.01969236667402474,-0.052603947855884514,0.0,0.0,0.46574309750758425,-0.07862830619022865,False,811
911,False,False,14939.509015797377,-1303416.7782444127,-0.9886680792133631,0.06886327455227592,0.6066949070007783,-0.17748768046056596,0.03163226380796069,87,0.1619486504279131,1273,130567.00131615039,187119.86404085287,-56552.862724702485,1273,0.513694,0.069972,0.44372199999999995,0.077389,0.268278,0.351709,3,0.10453216817191668,-0.17748768046056596,0.03163226380796069,-0.0670551041014179,0.31109161524586604,-0.11415606540734469,False,812
18,False,False,14905.44805243683,-1303450.8392077733,-0.9886939151453412,0.0684586065635735,0.5603846714620948,-0.232750116746828,0.0,20,0.05727452271231073,1432,134747.31692364364,190637.9854645254,-55890.66854088177,1432,0.72832,0.122758,0.6055619999999999,0.035522,0.027685,0.138413,3,0.06223782414740331,-0.232750116746828,0.0,0.0,0.40321194685385686,-0.0941818578129816,False,813
426,False,False,14891.732886733987,-1303464.5543734762,-0.9887043183768769,0.06829544298822787,0.6022972746740722,-0.20976097844073371,0.003615519829243574,80,0.15931533903884135,1277,126217.93840049121,180015.5820597589,-53797.64365926768,1277,0.577637,0.193375,0.384262,0.042436,0.226215,0.634286,3,0.0639109443305006,-0.20976097844073371,0.003615519829243574,-0.039909596773859746,0.39467364007034367,-0.07446400503731121,False,814
220,False,False,14882.33378192518,-1303473.9534782849,-0.9887114477886297,0.06818355338223614,0.629623632284903,-0.16903213549039864,0.0,23,0.051349572086899276,1441,146802.07757659245,208013.19279158264,-61211.11521499019,1441,0.711888,0.05883,0.6530579999999999,0.070244,0.116092,0.661692,2,0.16211578332461518,-0.10521235521235506,0.0,0.0,0.2806240131555011,-0.10876296640346805,False,815
757,False,False,14868.819741170735,-1303487.4675190395,-0.9887216984628101,0.06802257507068821,0.4785815535620275,-0.21401638319072636,0.0,60,0.11981566820276497,1337,131511.28276423045,190003.58697364543,-58492.304209414986,1337,0.7375,0.132534,0.604966,0.010686,0.07039,0.624713,2,0.13488500434247452,-0.18937034286211318,0.0,0.0,0.310160913597177,-0.16513626474080711,False,816
750,False,False,14833.369941763494,-1303522.9173184466,-0.9887485878551162,0.06759971884591143,0.7660099738431126,-0.11361714124612365,-0.010242474916387967,24,0.07636603028308098,1403,150533.17673488066,212396.09983962844,-61862.92310474778,1403,0.636819,0.226411,0.410408,0.065752,0.274052,0.602358,3,0.21989647904584464,-0.11361714124612365,-0.010242474916387967,-0.010242474916387967,0.22853642632476823,-0.07377049180327855,False,817
574,False,False,14819.156575123212,-1303537.1306850868,-0.9887593689821739,0.06742994062909347,0.6859681360321751,-0.11830735738523424,0.0011907531191546195,54,0.1119157340355497,1349,141166.13425557665,200493.16687031763,-59327.03261474098,1349,0.603598,0.230101,0.37349699999999997,0.097574,0.229744,0.54147,2,0.17016192686878595,-0.11361714124612354,0.0011907531191546195,-0.013438899885404476,0.26491310863302475,-0.11830735738523435,False,818
586,False,False,14806.033975357272,-1303550.253284853,-0.9887693227404202,0.06727307095722534,0.732620301112996,-0.09663538553287321,0.0,6,0.015141540487162607,1496,142662.5035886217,199548.67850757085,-56886.17491894914,1496,0.700812,0.065073,0.6357389999999999,0.097701,0.073809,0.088561,3,0.0552753815527538,-0.019543773119605423,0.0,0.0,0.40304931150496115,-0.07862830619022865,False,819
70,False,False,14734.775700526448,-1303621.5115596836,-0.98882337358807,0.0664192077880763,0.6886137639530874,-0.10876296640346805,0.0,12,0.027649769585253458,1477,147175.81894058592,207580.44671119863,-60404.627770612715,1477,0.742491,0.12519,0.617301,0.056986,0.101167,0.194101,2,0.13735082571999313,-0.019543773119605312,0.0,0.0,0.2955347960642385,-0.10876296640346805,False,820
790,False,False,14722.154699927523,-1303634.1325602827,-0.9888329468731681,0.0662676158249127,0.5366361446907999,-0.20740834643645434,0.0,25,0.09084924292297564,1381,132265.6150775771,188323.1909924135,-56057.5759148364,1381,0.696627,0.270064,0.42656299999999997,0.074732,0.132285,0.161152,2,0.043116796440833216,-0.1969923428042436,0.0,0.0,0.4113620593743905,-0.10876296640346805,False,821
543,False,False,14713.050105841468,-1303643.2371543688,-0.9888398528925607,0.06615819241692167,0.6012877656947283,-0.19185332822734735,0.06989725713767081,83,0.15997366688610928,1276,131601.11810320793,189062.29509954576,-57461.17699633783,1276,0.543519,0.280378,0.26314099999999996,0.066396,0.253559,0.400424,3,0.09415709899475333,-0.19185332822734735,0.06989725713767081,-0.039909596773859635,0.25684278795014337,-0.13161038341801157,False,822
598,False,False,14700.913845104953,-1303655.3734151053,-0.9888490584926354,0.06601224512165449,0.5698794408409464,-0.25933612788932325,0.0,26,0.06583278472679395,1419,132346.32536351334,186799.83036227472,-54453.504998761375,1419,0.684179,0.081069,0.60311,0.092408,0.09246,0.647707,2,0.018801705134983804,-0.1969923428042435,0.0,0.0,0.44296125251941754,-0.10876296640346805,False,823
829,False,False,14682.214343802143,-1303674.072916408,-0.988863242443881,0.06578717328340522,0.671011739975394,-0.11764312159844847,0.0,19,0.03489137590520079,1466,146467.3303760931,206823.85972388246,-60356.52934778936,1466,0.746391,0.127845,0.618546,0.039937,0.124479,0.674762,2,0.13329370916210692,-0.04396989165928,0.0,0.0,0.2955347960642385,-0.10876296640346805,False,824
650,False,False,14680.234488018223,-1303676.0527721918,-0.9888647442046744,0.06576332925239159,0.49044916926120014,-0.24452152339924582,-0.04212151553038035,54,0.1316655694535879,1319,118128.18593115118,169947.1620811227,-51818.97614997151,1319,0.685223,0.246095,0.439128,0.080569,0.18348,0.6074,1,-0.04212151553038035,-0.24452152339924582,0.018770144726031557,0.0,0.5043412519162027,-0.10876296640346805,False,825
266,False,False,14680.019266792273,-1303676.2679934178,-0.9888649074543422,0.06576073711328845,0.7255052864064699,-0.11361714124612365,0.0027606726019149264,36,0.0836076366030283,1392,144287.79231899272,204033.07687750526,-59745.28455851253,1392,0.621841,0.159986,0.461855,0.040305,0.298079,0.225124,3,0.16220855124433475,-0.11361714124612365,0.0027606726019149264,-0.010242474916387967,0.259636585631817,-0.07377049180327855,False,826
107,False,False,14666.020130720603,-1303690.2671294895,-0.9888755260831658,0.06559206243854843,0.6347520432921183,-0.11361714124612343,0.004434577674620188,37,0.10401579986833442,1361,137593.74901753067,196073.22451159387,-58479.4754940632,1361,0.700597,0.189572,0.5110250000000001,0.011623,0.21664,0.507945,2,0.14351002336407914,-0.11361714124612343,0.004434577674620188,-0.010242474916387967,0.27688165104860873,-0.0890760564572406,False,827
805,False,False,14660.598634651264,-1303695.688625559,-0.9888796383979639,0.06552670311048958,0.5336908035141485,-0.2777120265421933,-0.058620129057070924,20,0.07965766951942067,1398,123859.52211369411,175111.3657871693,-51251.8436734752,1398,0.678177,0.230899,0.44727800000000006,0.083982,0.130976,0.64141,3,-0.058620129057070924,-0.2777120265421933,0.0,0.0,0.557352041101808,-0.07862830619022865,False,828
351,False,False,14657.430975075842,-1303698.8562851343,-0.9888820411320397,0.065488505777473,0.749587475831466,-0.07862830619022865,0.0,4,0.015799868334430547,1495,135882.27784775355,189743.03498057945,-53860.75713282591,1495,0.725776,0.151467,0.574309,0.085319,0.103519,0.094045,3,0.0,0.0,0.0,0.0,0.46574309750758425,-0.07862830619022865,False,829
101,False,False,14632.170533536411,-1303724.1167266737,-0.9889012016896094,0.06518365523118641,0.699026139010458,-0.10876296640346805,0.0,8,0.017774851876234364,1492,143533.18021712202,201407.43643442876,-57874.25621730674,1492,0.708157,0.07756,0.6305970000000001,0.09711,0.096684,0.412528,2,0.0854410141241555,-0.019543773119605312,0.0,0.0,0.34803921568627416,-0.10876296640346805,False,830
961,False,False,14603.261227560728,-1303753.0260326494,-0.988923129984908,0.06483422996206123,0.5519183126710273,-0.2581727624180259,0.0,20,0.07044107965766952,1412,140046.59005018914,198737.08123066736,-58690.49118047822,1412,0.746976,0.292522,0.45445399999999997,0.039626,0.12032,0.535898,2,0.09154913621448824,-0.18638993939744775,0.0,0.0,0.3378473531851345,-0.10876296640346805,False,831
991,False,False,14603.261227560728,-1303753.0260326494,-0.988923129984908,0.06483422996206123,0.5519183126710273,-0.2581727624180259,0.0,20,0.07044107965766952,1412,140046.59005018914,198737.08123066736,-58690.49118047822,1412,0.748592,0.263851,0.48474100000000003,0.040185,0.072655,0.472472,2,0.09154913621448824,-0.18638993939744775,0.0,0.0,0.3378473531851345,-0.10876296640346805,False,832
328,False,False,14570.656037992265,-1303785.6312222178,-0.9889478616829197,0.06443943972068245,0.42647662257865,-0.26596519687016684,-0.06931015700989351,79,0.18104015799868334,1244,104982.64995171402,154129.38821804186,-49146.73826632784,1244,0.680828,0.290462,0.390366,0.081426,0.090877,0.124703,1,-0.06931015700989351,-0.26596519687016684,0.018770144726031557,0.0,0.5367312484358595,-0.1266464026572478,False,833
206,False,False,14537.95767149725,-1303818.329588713,-0.9889726640575214,0.06404278054427626,0.48714289918526554,-0.2074083464364539,0.0,31,0.1119157340355497,1349,131268.502694983,189937.2066411326,-58668.70394614959,1349,0.671635,0.138354,0.533281,0.09288,0.101496,0.638839,2,0.11059777490339107,-0.19699234280424327,0.0,0.0,0.30902096150533676,-0.11390900860117703,False,834
862,False,False,14533.58668256922,-1303822.700577641,-0.9889759795413327,0.06398970033508711,0.7960503120062512,-0.11361714124612354,0.0,18,0.05332455562870309,1438,146214.87346754715,205812.18153368146,-59597.30806613431,1438,0.74449,0.236063,0.508427,0.008788,0.2018,0.215463,2,0.1605661192125305,-0.11361714124612354,0.0,0.0,0.25228424662530813,-0.06826240179331589,False,835
89,False,False,14522.620914599482,-1303833.6663456107,-0.9889842972988886,0.06385647612966094,0.7219119657308023,-0.11361714124612354,0.0011907531191546195,39,0.08953258722843976,1383,140777.78689908664,199089.3729312606,-58311.586032173946,1383,0.625268,0.232672,0.39259600000000006,0.079831,0.241888,0.717459,2,0.12437068980686017,-0.11361714124612354,0.0011907531191546195,-0.013438899885404476,0.2900859793820252,-0.07377049180327866,False,836
197,False,False,14521.321365214855,-1303834.9658949953,-0.9889852830334713,0.06384068221439554,0.6641266624191563,-0.12578090360277838,0.0011907531191546195,48,0.10928242264647794,1353,139269.71933354647,197593.37018317872,-58323.65084963225,1353,0.632861,0.282158,0.350703,0.063878,0.260937,0.664686,2,0.14166125253220008,-0.12578090360277838,0.0011907531191546195,-0.013438899885404476,0.27043381646935627,-0.07377049180327844,False,837
926,False,False,14489.80326504183,-1303866.4839951682,-0.9890091901521141,0.0634572693135167,0.5296644409235243,-0.2356444785558366,-0.08889256995624306,24,0.08097432521395655,1396,122015.75078721429,172053.32168160594,-50037.570894391654,1396,0.666514,0.125484,0.54103,0.074065,0.142147,0.178003,3,-0.08889256995624306,-0.2356444785558366,0.0,0.0,0.590350686125559,-0.07862830619022865,False,838
53,False,False,14485.424653707129,-1303870.862606503,-0.9890125114176757,0.0634039491517151,0.4351686853763057,-0.2524010005912275,0.0,65,0.12705727452271232,1326,119553.86045160923,173030.66676344178,-53476.80631183255,1326,0.71723,0.116908,0.600322,0.033063,0.056302,0.489465,2,0.01662365909024066,-0.2524010005912275,0.0,0.0,0.42485614260343807,-0.1443551963339128,False,839
231,False,False,14483.962191279845,-1303872.3250689304,-0.9890136207251075,0.06338613714670571,0.7962853597174187,-0.08537752829009904,-0.010242474916387967,34,0.06649111257406189,1418,141848.953873683,199571.51442016856,-57722.56054648556,1418,0.645471,0.069491,0.57598,0.057447,0.210602,0.561781,3,0.11823199831340614,-0.06407383159989022,-0.010242474916387967,-0.010242474916387967,0.30865947718345876,-0.07377049180327855,False,840
710,False,False,14462.753194413724,-1303893.5340657965,-0.9890297081796682,0.06312765420769573,0.6169945516573395,-0.17390394600231107,0.018046301357264705,59,0.10730743910467412,1356,132147.07751150455,187214.62288063858,-55067.54536913402,1356,0.593746,0.076732,0.517014,0.061897,0.23536,0.191283,3,0.07198697491679895,-0.17390394600231107,0.018046301357264705,-0.01143323805634966,0.32523817004062616,-0.07446400503731143,False,841
720,False,False,14431.399080239851,-1303924.8881799702,-0.9890534909116026,0.06274494867045122,0.665036968901623,-0.09628860002933881,-0.0015864195986259322,65,0.11125740618828177,1350,134522.68724647362,190743.21095643833,-56220.523709964706,1350,0.630599,0.056095,0.574504,0.039807,0.262564,0.69011,2,0.09313593655251129,-0.09347348068902683,-0.0015864195986259322,-0.028868382214378485,0.3222810840677086,-0.07377049180327866,False,842
152,False,False,14404.269979805036,-1303952.0172804052,-0.9890740688848689,0.06241325321765845,0.7208047659989036,-0.11361714124612354,0.0,25,0.07768268597761685,1401,143362.06359384395,202543.21398622554,-59181.15039238159,1401,0.704851,0.215972,0.488879,0.014575,0.243212,0.451676,2,0.14522132717588554,-0.11361714124612354,0.0,0.0,0.25777171957895284,-0.07377049180327855,False,843
936,False,False,14379.752941150738,-1303976.5343190595,-0.9890926655562629,0.06211304574352838,0.7739578451239326,-0.11361714124612354,0.0,19,0.05464121132323897,1436,144688.63809666436,203792.5340125559,-59103.89591589154,1436,0.693586,0.233572,0.46001400000000003,0.060871,0.203804,0.01828,2,0.14828186810635935,-0.11361714124612354,0.0,0.0,0.25228424662530813,-0.06826240179331589,False,844
434,False,False,14321.88585514591,-1304034.4014050642,-0.9891365589154132,0.0614027752737325,0.5873047289449398,-0.1879849754034033,0.0,38,0.09545753785385122,1374,139468.89074821037,197988.46886338,-58519.57811516963,1374,0.735317,0.247762,0.48755499999999996,0.002859,0.1648,0.072407,2,0.12140281240371364,-0.1879849754034033,0.0,0.0,0.27714017628037957,-0.07377049180327855,False,845
833,False,False,14249.68208370012,-1304106.60517651,-0.9891913269414343,0.06051316938108253,0.5622695687091073,-0.19185332822734735,0.06020712068964995,78,0.15470704410796576,1284,131512.4835978519,189255.35750731674,-57742.87390946483,1284,0.547889,0.242911,0.30497799999999997,0.06314,0.248633,0.085374,3,0.09415709899475333,-0.19185332822734735,0.06020712068964995,-0.039909596773859635,0.22838576762390495,-0.1223924152840159,False,846
721,False,False,14233.883470337587,-1304122.4037898725,-0.9892033105103035,0.06031801714629936,0.7309141831303323,-0.0865967747323022,-0.009749526090292449,47,0.08229098090849243,1394,142804.4475293513,201894.72885633717,-59090.28132698586,1394,0.683453,0.068362,0.6150909999999999,0.006638,0.286482,0.150599,2,0.1380828465982198,-0.0865967747323022,-0.009749526090292449,-0.028868382214378485,0.26300325405395775,-0.07377049180327855,False,847
65,False,False,14213.661616744383,-1304142.6256434657,-0.9892186491966576,0.060067963075306485,0.377430584626835,-0.3233271183363815,0.0,87,0.2086899275839368,1202,112067.54346006045,168654.32817765317,-56586.784717592716,1202,0.724087,0.192003,0.532084,0.010128,0.066915,0.437911,2,0.08951415991384137,-0.2490228243007112,0.0,0.0,0.30458713981912733,-0.24668005430545303,False,848
122,False,False,14206.18696468794,-1304150.1002955223,-0.9892243188719408,0.059975459875806214,0.8010556522171878,-0.07377049180327866,0.0,22,0.052666227781435156,1439,144010.85486561037,202373.77711982917,-58362.92225421881,1439,0.728026,0.134484,0.593542,0.004854,0.253945,0.579516,2,0.12159361562914572,-0.04461472968455904,0.0,0.0,0.26660733145481785,-0.07377049180327855,False,849
221,False,False,14196.263742297328,-1304160.0235179127,-0.9892318458375164,0.05985259144024102,0.7386219330517101,-0.11361714124612354,0.0,18,0.059907834101382486,1428,144576.07080670088,204111.627827461,-59535.55702076011,1428,0.729451,0.220634,0.508817,0.021299,0.207664,0.550252,2,0.15517576768953156,-0.11361714124612354,0.0,0.0,0.22892672607661124,-0.06826240179331611,False,850
685,False,False,14184.624019835108,-1304171.663240375,-0.9892406748032329,0.059708378127508066,0.47165413629788094,-0.278969384438876,-0.07904845607809619,29,0.1152073732718894,1344,120467.84505327618,171830.83106476613,-51362.98601148995,1344,0.647128,0.172476,0.4746520000000001,0.082629,0.149482,0.519814,3,-0.07904845607809619,-0.21743784793329068,0.0,0.0,0.5402139356246038,-0.08928241900730405,False,851
454,False,False,14154.45587364905,-1304201.831386561,-0.9892635579543791,0.059334142202071005,0.6867851060393109,-0.11361714124612343,0.004434577674620188,32,0.08294930875576037,1393,140965.84936499575,199482.86578363526,-58517.01641863951,1393,0.637496,0.108361,0.5291349999999999,0.076249,0.260458,0.358234,2,0.12039122405902947,-0.11361714124612343,0.004434577674620188,-0.010242474916387967,0.25777171957895284,-0.07377049180327855,False,852
689,False,False,14134.889773748711,-1304221.3974864613,-0.9892783992382487,0.05909106885839943,0.5905287346848449,-0.16535480065187336,0.0,32,0.08821593153390389,1385,135099.78538816754,192392.0710890819,-57292.28570091436,1385,0.65406,0.115773,0.538287,0.071227,0.219412,0.388929,2,0.10698511190451843,-0.16535480065187336,0.0,0.0,0.27688165104860873,-0.0890760564572406,False,853
568,False,False,14126.46833431838,-1304229.8189258918,-0.9892847870709701,0.058986361328823955,0.7055370896762814,-0.11361714124612354,0.0,24,0.06649111257406189,1418,142162.9327589813,200644.07653657085,-58481.14377758955,1418,0.719843,0.195523,0.52432,0.003612,0.273056,0.714363,2,0.12313451752972382,-0.11361714124612354,0.0,0.0,0.25777171957895284,-0.07377049180327855,False,854
6,False,False,14058.873964318793,-1304297.4132958914,-0.9893360587724463,0.05814403883972874,0.6694153862155795,-0.0992279871370989,0.0,21,0.04937458854509546,1444,134769.11798406302,188689.29691740125,-53920.17893333823,1444,0.692477,0.081758,0.610719,0.025167,0.201489,0.103898,3,0.033243615633717916,-0.0992279871370989,0.0,0.0,0.3606543269755491,-0.06826240179331611,False,855
450,False,False,14052.001404207345,-1304304.2858560027,-0.9893412717487698,0.058058207849320365,0.6625197448079224,-0.11591567870523856,0.018770144726031557,33,0.07570770243581304,1404,135241.08547065128,191202.1876766877,-55961.10220603642,1404,0.710738,0.221209,0.489529,0.059418,0.24629,0.032705,1,0.07259467883722781,-0.11591567870523856,0.018770144726031557,0.0,0.2859566749037272,-0.06826240179331577,False,856
399,False,False,14031.65162860945,-1304324.6356316006,-0.9893567074665606,0.05780385522762921,0.43221920768283767,-0.2834048673230496,0.0,52,0.10335747202106649,1362,124084.28332303438,177963.53710067205,-53879.25377763767,1362,0.738676,0.145732,0.592944,0.020641,0.067273,0.374731,2,0.025424237217010592,-0.18638993939744763,0.0,0.0,0.3683752655087609,-0.16513626474080711,False,857
370,False,False,14005.470449965802,-1304350.8168102442,-0.9893765664219103,0.05747616271535683,0.6645400695257981,-0.11361714124612354,0.004434577674620188,29,0.07965766951942067,1398,139363.03784332788,197329.92268681954,-57966.88484349166,1398,0.637523,0.243478,0.394045,0.075689,0.296121,0.140289,2,0.10797868494180696,-0.11361714124612354,0.004434577674620188,-0.010242474916387967,0.25847514046783027,-0.07377049180327844,False,858
795,False,False,13985.304373578861,-1304370.9828866313,-0.9893918628001214,0.057223408734351944,0.7477300677158605,-0.07377049180327855,0.0003239023567347399,30,0.06188281764318631,1425,143756.67435545367,202725.24316582593,-58968.568810372264,1425,0.650868,0.065932,0.584936,0.036934,0.293829,0.499339,3,0.13355816547440136,-0.06407383159989066,0.0003239023567347399,-0.010242474916387967,0.2333532052537446,-0.07377049180327855,False,859
357,False,False,13974.063417123944,-1304382.2238430863,-0.9894003892937283,0.057082386851668776,0.5842713837253446,-0.166853349592056,0.018046301357264705,48,0.10730743910467412,1356,139338.3600536199,198606.29636171638,-59267.93630809648,1356,0.646406,0.249307,0.39709900000000004,0.003924,0.277247,0.048078,3,0.15668582159711208,-0.166853349592056,0.018046301357264705,-0.01143323805634966,0.18669678913149412,-0.07377049180327844,False,860
688,False,False,13965.885603764615,-1304390.4016564456,-0.9894065923311305,0.05697973374227994,0.727937886954079,-0.11361714124612365,0.0,14,0.050032916392363395,1443,142212.5704069286,200238.27284047173,-58025.702433543134,1443,0.676534,0.209654,0.46687999999999996,0.0671,0.278354,0.482611,3,0.11475428985041058,-0.11361714124612365,0.0,0.0,0.252821875719242,-0.06826240179331577,False,861
638,False,False,13962.978802067422,-1304393.3084581427,-0.9894087971992115,0.05694323364236431,0.6906211696180837,-0.08326925842895927,-0.009749526090292449,48,0.0836076366030283,1392,137876.83430800357,194894.95461676965,-57018.12030876608,1392,0.660438,0.074742,0.585696,0.021028,0.294137,0.221047,2,0.0972277018114247,-0.08326925842895927,-0.009749526090292449,-0.028868382214378485,0.2850980246659953,-0.07377049180327844,False,862
902,False,False,13940.560271240887,-1304415.7269889694,-0.9894258021098288,0.05666151570970013,0.6556349811324371,-0.11361714124612354,0.0,26,0.08163265306122448,1395,139046.7415632092,196945.4974950039,-57898.7559317947,1395,0.650294,0.199459,0.45083500000000004,0.065477,0.244255,0.533799,2,0.10835376994384727,-0.11361714124612354,0.0,0.0,0.25777171957895284,-0.07377049180327855,False,863
374,False,False,13925.213968636217,-1304431.073291574,-0.9894374425918084,0.056468451548773224,0.5040520977311225,-0.2593361278893236,0.0,21,0.05924950625411455,1429,134561.90952575408,190906.94138868237,-56345.0318629283,1429,0.683889,0.094616,0.5892729999999999,0.09977,0.092982,0.445223,2,0.04086717632495218,-0.1969923428042436,0.0,0.0,0.3378473531851345,-0.10876296640346805,False,864
15,False,False,13924.330024401144,-1304431.957235809,-0.9894381130814505,0.05645732568372552,0.620320763070799,-0.10876296640346794,0.0,27,0.040157998683344305,1458,142126.38162778786,201257.88462571052,-59131.50299792265,1458,0.741893,0.078477,0.663416,0.059728,0.135461,0.030629,1,0.1278640501399455,-0.04396989165928,0.0,0.0,0.2345752152197247,-0.10876296640346794,False,865
241,False,False,13913.429720167998,-1304442.8575400421,-0.9894463811834335,0.05632007931288707,0.6268040918336673,-0.11591567870523856,0.018770144726031557,39,0.07899934167215274,1399,137936.94272490728,196295.647275549,-58358.704550641734,1399,0.688129,0.233488,0.45464099999999996,0.079685,0.223181,0.282604,1,0.12444010451961662,-0.11591567870523856,0.018770144726031557,0.0,0.21456751826584441,-0.07841508379302797,False,866
14,False,False,13901.71289699453,-1304454.5743632156,-0.9894552686316043,0.05617245205303312,0.7148458714581066,-0.11361714124612354,0.0,17,0.053982883475971036,1437,141352.8179125108,199188.2151445543,-57835.3972320435,1437,0.697033,0.280554,0.416479,0.055434,0.221878,0.330889,2,0.11010842262507592,-0.11361714124612354,0.0,0.0,0.25228424662530813,-0.06826240179331589,False,867
814,False,False,13901.191323504283,-1304455.0959367058,-0.989455664255682,0.056165878024378335,0.7070187770767108,-0.11361714124612365,0.0,12,0.05793285055957867,1431,140604.08182976636,198227.11612474843,-57623.03429498206,1431,0.693784,0.218659,0.47512499999999996,0.025985,0.294421,0.493798,3,0.10528169498027284,-0.11361714124612365,0.0,0.0,0.2577057402323486,-0.06826240179331611,False,868
859,False,False,13885.406815905066,-1304470.880444305,-0.9894676371250434,0.055966829174499244,0.4957086447479962,-0.21612014411468194,-0.016169754339294906,25,0.06714944042132982,1417,128296.71733353703,182004.07904145113,-53707.3617079141,1417,0.707132,0.139181,0.567951,0.061634,0.139774,0.744395,2,-0.016169754339294906,-0.21612014411468194,0.0,0.0,0.4113620593743905,-0.10876296640346805,False,869
916,False,False,13861.359022646566,-1304494.9282375635,-0.9894858778642812,0.055663213935739586,0.5406666430293087,-0.19185332822734735,0.02043421293198855,65,0.12969058591178406,1322,130839.82842292986,187316.88120051622,-56477.05277758636,1322,0.617306,0.293584,0.323722,0.016876,0.253103,0.345105,3,0.09100390850773676,-0.19185332822734735,0.02043421293198855,-0.018223938223938196,0.24507208088389043,-0.07599187761692017,False,870
939,False,False,13858.756727213595,-1304497.5305329966,-0.9894878517581809,0.05563033233524384,0.6609521353233826,-0.0865967747323022,-0.009749526090292449,47,0.08492429229756418,1390,140385.1086605961,198712.31927396008,-58327.210613363975,1390,0.674982,0.080424,0.5945579999999999,0.014158,0.284046,0.208184,2,0.1380828465982198,-0.0865967747323022,-0.009749526090292449,-0.028868382214378485,0.22971744711057518,-0.07377049180327844,False,871
372,False,False,13850.517127312949,-1304505.7701328972,-0.9894941016619286,0.055526185952439855,0.47013716284812984,-0.22628803647903573,0.0,21,0.07899934167215274,1399,132765.43608577893,189469.2740194776,-56703.83793369867,1399,0.716188,0.272233,0.44395500000000004,0.068796,0.139004,0.659746,2,0.03528381577597495,-0.21612014411468183,0.0,0.0,0.3378473531851345,-0.10876296640346805,False,872
281,False,False,13845.406434649307,-1304510.8808255608,-0.9894979782260358,0.05546156216645848,0.6999179931086937,-0.11361714124612365,0.0,14,0.05595786701777485,1434,141496.63091361782,199582.60198859277,-58085.97107497495,1434,0.698477,0.234545,0.463932,0.042125,0.266614,0.342662,3,0.11475428985041058,-0.11361714124612365,0.0,0.0,0.2420141874051207,-0.06826240179331622,False,873
63,False,False,13818.060811332178,-1304538.226448878,-0.9895187204363027,0.055115443261002595,0.7054655757789178,-0.11361714124612365,0.0,15,0.051349572086899276,1441,140731.17529638959,198280.3369963569,-57549.16169996731,1441,0.646691,0.283671,0.36302,0.099684,0.229456,0.284298,3,0.10295494348701939,-0.11361714124612365,0.0,0.0,0.252821875719242,-0.06826240179331577,False,874
252,False,False,13798.299232235771,-1304557.9880279743,-0.9895337099951097,0.054864961291228864,0.6890808752816098,-0.11361714124612354,0.0,17,0.06188281764318631,1425,140121.61042759515,197772.34551332612,-57650.735085730965,1425,0.669679,0.223385,0.446294,0.071878,0.226576,0.143902,2,0.10495242631643698,-0.11361714124612354,0.0,0.0,0.24876862601541538,-0.068262401793316,False,875
229,False,False,13787.396590636425,-1304568.8906695738,-0.9895419798700326,0.05472664002070138,0.6213055223663728,-0.10730062653542205,0.0,19,0.05661619486504279,1433,132074.67104111545,185510.98272066476,-53436.31167954931,1433,0.628443,0.073914,0.5545289999999999,0.09159,0.195616,0.409196,3,0.021978804369513272,-0.10730062653542205,0.0,0.0,0.3490883109989982,-0.08928241900730383,False,876
301,False,False,13749.971562751178,-1304606.315697459,-0.9895703675132265,0.05425113541056081,0.4813502708471857,-0.20740834643645456,0.0,19,0.059907834101382486,1428,132991.32130048305,189100.4093764464,-56109.088075963344,1428,0.686817,0.170094,0.516723,0.097286,0.135692,0.005494,2,0.02776834218159263,-0.1969923428042435,0.0,0.0,0.3378473531851345,-0.10876296640346805,False,877
806,False,False,13724.124603054708,-1304632.1626571554,-0.9895899729567217,0.05392210560589583,0.6309345911655984,-0.11361714124612354,0.018770144726031557,30,0.06649111257406189,1418,135133.85846660638,191051.85687629398,-55917.9984096876,1418,0.710222,0.263425,0.446797,0.068532,0.280878,0.148251,1,0.064429280956521,-0.11361714124612354,0.018770144726031557,0.0,0.2655859072417912,-0.068262401793316,False,878
966,False,False,13705.859943639618,-1304650.4273165704,-0.9896038270715704,0.05368928608996715,0.5209303717787723,-0.19185332822734735,0.02503625759867023,63,0.13495720868992758,1314,130265.0748539258,186926.81563161692,-56661.74077769111,1314,0.546354,0.281327,0.265027,0.092687,0.255866,0.127671,3,0.09100390850773676,-0.19185332822734735,0.02503625759867023,-0.022065302952747112,0.2255774331369309,-0.08810594228515167,False,879
758,False,False,13694.413707220394,-1304661.8735529897,-0.9896125092741963,0.05354324903499452,0.5363770192176835,-0.15894134639959578,0.018046301357264705,56,0.1152073732718894,1344,137634.97825775435,197016.85683756386,-59381.878579809505,1344,0.578703,0.112877,0.46582599999999996,0.069064,0.272018,0.212265,3,0.15411984398734524,-0.15894134639959578,0.018046301357264705,-0.01143323805634966,0.16553415570396868,-0.07599187761691961,False,880
522,False,False,13657.907751796878,-1304698.3795084134,-0.9896401997822755,0.05307680584234187,0.6298354789807639,-0.12096664058129303,0.0,23,0.07241606319947334,1409,136861.5575536897,193761.236007568,-56899.678453878296,1409,0.712037,0.204218,0.507819,0.012731,0.248117,0.27643,2,0.0858812882491069,-0.12096664058129303,0.0,0.0,0.25777171957895284,-0.07377049180327855,False,881
373,False,False,13649.843638053931,-1304706.4436221563,-0.989646316576211,0.05297362899561753,0.5246105102938043,-0.16760612450400836,-0.009749526090292449,64,0.12244897959183673,1333,124261.01238514997,177770.25123287438,-53509.23884772441,1333,0.614072,0.051763,0.562309,0.070125,0.239437,0.071148,2,0.03593213647110183,-0.15726310554715206,-0.009749526090292449,-0.028868382214378485,0.33061161979132736,-0.11830735738523435,False,882
224,False,False,13645.356904186034,-1304710.930356024,-0.9896497198549083,0.05291620116133333,0.6694608459638877,-0.11361714124612365,0.0,15,0.05859117840684661,1430,139896.64753413052,197551.9205457518,-57655.27301162129,1430,0.642637,0.207156,0.435481,0.09219,0.223257,0.556889,3,0.10295494348701939,-0.11361714124612365,0.0,0.0,0.2371635835862802,-0.06826240179331589,False,883
910,False,False,13641.946267865485,-1304714.3409923445,-0.9896523068917766,0.05287253627195465,0.8113590099223358,-0.06826240179331611,0.0,12,0.030941408821593155,1472,141168.7034333563,198119.7643726443,-56951.060939288,1472,0.664821,0.107367,0.557454,0.079582,0.297406,0.702606,3,0.08889751466334195,-0.04240572161825207,0.0,0.0,0.252821875719242,-0.06826240179331577,False,884
23,False,False,13633.059583163013,-1304723.227677047,-0.9896590476224791,0.05275872113635294,0.6661016492512316,-0.12475848011684676,0.0,14,0.06056616194865043,1427,138340.1353349982,195322.48698645685,-56982.35165145865,1427,0.634026,0.161163,0.472863,0.084241,0.270293,0.466531,3,0.08821252104444821,-0.12475848011684676,0.0,0.0,0.2527938540973811,-0.06826240179331577,False,885
427,False,False,13633.059583163013,-1304723.227677047,-0.9896590476224791,0.05275872113635294,0.6661016492512316,-0.12475848011684676,0.0,14,0.06056616194865043,1427,138340.1353349982,195322.48698645685,-56982.35165145865,1427,0.686392,0.175184,0.511208,0.035054,0.275391,0.043037,3,0.08821252104444821,-0.12475848011684676,0.0,0.0,0.2527938540973811,-0.06826240179331577,False,886
27,False,False,13620.925266347156,-1304735.361993863,-0.9896682517480506,0.05260321236834531,0.6612985637103056,-0.1255570613822491,0.0,18,0.05727452271231073,1432,138136.6905646211,195003.39889073404,-56866.708326112945,1432,0.702516,0.283085,0.41943100000000005,0.040527,0.188169,0.042669,3,0.08721962238466086,-0.1255570613822491,0.0,0.0,0.252821875719242,-0.06826240179331577,False,887
482,False,False,13620.925266347156,-1304735.361993863,-0.9896682517480506,0.05260321236834531,0.6612985637103056,-0.1255570613822491,0.0,18,0.05727452271231073,1432,138136.6905646211,195003.39889073404,-56866.708326112945,1432,0.694793,0.184015,0.510778,0.053589,0.180262,0.21664,3,0.08721962238466086,-0.1255570613822491,0.0,0.0,0.252821875719242,-0.06826240179331577,False,888
776,False,False,13579.055677434684,-1304777.2315827755,-0.9897000106809863,0.05206573894809985,0.6577436355957162,-0.11361714124612354,0.0,17,0.06056616194865043,1427,139778.69090155725,197554.10194583295,-57775.41104427571,1427,0.673247,0.262549,0.41069800000000006,0.075387,0.242663,0.169937,2,0.10495242631643698,-0.11361714124612354,0.0,0.0,0.22892672607661124,-0.06826240179331611,False,889
690,False,False,13509.260916025696,-1304847.0263441845,-0.9897529514240035,0.05116671391189853,0.3514883213717501,-0.2455918320085111,-0.024182896929337172,65,0.17774851876234365,1249,108044.31777395307,160917.47340391716,-52873.155629964094,1249,0.658647,0.119995,0.538652,0.09585,0.055243,0.531968,2,-0.024182896929337172,-0.23102303461887885,0.0,0.0,0.38440501539840644,-0.14097112769197218,False,890
265,False,False,13488.757656290794,-1304867.5296039192,-0.9897685035626272,0.05090187563568538,0.6441518223115997,-0.13402265423911686,0.0,15,0.06188281764318631,1425,136899.728811002,193416.58329011482,-56516.85447911284,1425,0.627418,0.145765,0.481653,0.090766,0.252133,0.572778,3,0.07669411149923322,-0.13402265423911686,0.0,0.0,0.2527938540973811,-0.06826240179331577,False,891
724,False,False,13488.757656290794,-1304867.5296039192,-0.9897685035626272,0.05090187563568538,0.6441518223115997,-0.13402265423911686,0.0,15,0.06188281764318631,1425,136899.728811002,193416.58329011482,-56516.85447911284,1425,0.635847,0.241547,0.39430000000000004,0.083587,0.257963,0.655074,3,0.07669411149923322,-0.13402265423911686,0.0,0.0,0.2527938540973811,-0.06826240179331577,False,892
7,False,False,13421.724464823805,-1304934.5627953864,-0.9898193495987972,0.05003366562970446,0.7405625667248288,-0.11361714124612365,0.0,12,0.03949967083607637,1459,141091.65127753784,198769.6611486342,-57678.00987109635,1459,0.728961,0.231631,0.49732999999999994,0.026377,0.261399,0.484922,3,0.10353945796056707,-0.11361714124612365,0.0,0.0,0.21624327684922817,-0.026314056119088325,False,893
761,False,False,13421.724464823805,-1304934.5627953864,-0.9898193495987972,0.05003366562970446,0.7405625667248288,-0.11361714124612365,0.0,12,0.03949967083607637,1459,141091.65127753784,198769.6611486342,-57678.00987109635,1459,0.718503,0.208939,0.509564,0.041473,0.281156,0.08238,3,0.10353945796056707,-0.11361714124612365,0.0,0.0,0.21624327684922817,-0.026314056119088325,False,894
577,False,False,13414.064212522084,-1304942.2230476881,-0.9898251600556334,0.049934220357153336,0.5940245801387163,-0.11361714124612354,0.0,23,0.07109940750493746,1411,134824.89570974876,191104.14338465338,-56279.24767490462,1411,0.661819,0.164274,0.497545,0.061598,0.281462,0.105412,2,0.06589822724153915,-0.11361714124612354,0.0,0.0,0.25847514046783027,-0.07377049180327844,False,895
749,False,False,13369.553713165446,-1304986.7335470447,-0.9898589221727384,0.049355446708808204,0.7531199498070067,-0.068262401793316,0.0,17,0.03620803159973667,1464,138213.90317943186,194304.1371189934,-56090.233939561556,1464,0.670713,0.147367,0.523346,0.082548,0.240645,0.608253,2,0.06761334331196034,-0.0540883923026535,0.0,0.0,0.25228424662530813,-0.06826240179331589,False,896
591,False,False,13356.89371158111,-1304999.393548629,-0.9898685250408755,0.049190534118482176,0.6417580405224655,-0.1340226542391163,0.0,17,0.05464121132323897,1436,136247.67953772203,192326.45354642835,-56078.77400870633,1436,0.648633,0.123114,0.5255190000000001,0.068311,0.233332,0.656752,3,0.06616852149267216,-0.1340226542391163,0.0,0.0,0.2527938540973811,-0.06826240179331577,False,897
300,False,False,13309.055782385904,-1305047.2314778243,-0.9899048110810436,0.04856620489411201,0.5767251317373144,-0.11361714124612365,0.0,22,0.07307439104674128,1408,136195.98887132175,193339.1884278484,-57143.19955652664,1408,0.657927,0.240176,0.41775100000000004,0.056443,0.235113,0.127084,3,0.08332610227933257,-0.11361714124612365,0.0,0.0,0.22853642632476823,-0.07377049180327855,False,898
782,False,False,13288.806604268717,-1305067.4806559414,-0.9899201704936036,0.048301370419457035,0.7253487866221199,-0.06826240179331611,0.0,15,0.04213298222514812,1455,137014.18966910787,192808.7698065824,-55794.58013747452,1455,0.710014,0.179387,0.5306270000000001,0.021914,0.205581,0.359646,3,0.06073370018590207,-0.06717344056133356,0.0,0.0,0.2527938540973811,-0.06826240179331577,False,899
895,False,False,13279.332084644695,-1305076.9551755656,-0.9899273571090242,0.04817733968618154,0.36920686973145583,-0.28343471286403243,-0.03531055206504974,34,0.1217906517445688,1334,114902.47849211839,167252.14024733123,-52349.661755212845,1334,0.682235,0.189012,0.493223,0.084657,0.071165,0.545379,2,-0.03531055206504974,-0.2714943501305922,0.0,0.0,0.37653958100930063,-0.15706364867385436,False,900
770,False,False,13256.803498428724,-1305099.4837617814,-0.9899444454988879,0.04788212175809847,0.6048074322366436,-0.12191881636662683,0.0,20,0.06385780118499013,1422,135040.85142493778,191102.91335406722,-56062.06192912944,1422,0.644903,0.173928,0.47097500000000003,0.094986,0.230535,0.241915,2,0.061590051371538834,-0.11427062304867064,0.0,0.0,0.24876862601541538,-0.068262401793316,False,901
663,False,False,13217.777814962466,-1305138.5094452477,-0.9899740472718256,0.04736973166593539,0.46752215675600095,-0.1483970139570796,0.0,48,0.07044107965766952,1412,130878.29849239934,186882.1458639445,-56003.847371545155,1412,0.739643,0.055201,0.684442,0.000892,0.123239,0.512209,2,0.06082933660623646,-0.125021336356396,0.0,0.0,0.24598532099878256,-0.12928365916654816,False,902
772,False,False,13202.402839322962,-1305153.884420887,-0.9899857095028841,0.04716751844051603,0.6785105224921745,-0.11361714124612365,0.0,13,0.04081632653061224,1457,139557.23648174352,196768.22500609598,-57210.98852435246,1457,0.714945,0.274167,0.44077800000000006,0.05308,0.15712,0.576545,3,0.08550674775566325,-0.11361714124612365,0.0,0.0,0.21624327684922817,-0.026314056119088325,False,903
458,False,False,13188.08017508978,-1305168.2070851203,-0.9899965735343842,0.046978968526872666,0.5959754041335411,-0.12647079279954476,0.0,18,0.06188281764318631,1425,136208.12830462825,192888.43072508855,-56680.3024204603,1425,0.659348,0.240309,0.41903900000000005,0.085564,0.231665,0.592345,2,0.07313803949834696,-0.11361714124612354,0.0,0.0,0.22892672607661124,-0.06826240179331611,False,904
745,False,False,13176.688097926482,-1305179.5991622836,-0.9900052146561154,0.04682887617072096,0.9121252815991507,-0.04724694648368055,0.0,10,0.019749835418038184,1489,140739.517774355,197561.33728175572,-56821.81950740074,1489,0.729848,0.210212,0.519636,0.042283,0.207102,0.363756,3,0.0833924716165102,-0.04724694648368055,0.0,0.0,0.21624327684922817,-0.026314056119088325,False,905
843,False,False,13141.928620248482,-1305214.3586399616,-0.9900315804253796,0.046370244819997186,0.4665324012539393,-0.19086618937421063,-0.025865948648172377,30,0.08163265306122448,1395,122447.51068788666,173854.31610665424,-51406.80541876757,1395,0.632232,0.11647,0.515762,0.082418,0.192818,0.637088,3,-0.025865948648172377,-0.18381853601469544,0.0,0.0,0.3490883109989982,-0.08928241900730383,False,906
188,False,False,13141.158413561565,-1305215.1288466486,-0.9900321646427831,0.04636007093218519,0.567112274554711,-0.13724163461291727,0.0,20,0.06978275181040158,1413,133450.97899739427,189018.65157139488,-55567.67257400061,1413,0.70325,0.253206,0.45004400000000006,0.023958,0.168134,0.318374,3,0.048948186533815496,-0.12689823153350333,0.0,0.0,0.2527938540973811,-0.06826240179331577,False,907
803,False,False,13110.461107920797,-1305245.8261522893,-0.9900554491721151,0.04595417562635529,0.5787408380388998,-0.13553344380069043,0.0,19,0.06451612903225806,1421,134621.63225668596,190760.09797171908,-56138.46571503312,1421,0.721948,0.254515,0.46743300000000004,0.020057,0.218695,0.650823,2,0.06682203501069295,-0.13553344380069043,0.0,0.0,0.22892672607661124,-0.06826240179331611,False,908
780,False,False,13095.279793236703,-1305261.0074669735,-0.9900669645074086,0.045753147571311326,0.6824779752374647,-0.07123196498129802,0.0,17,0.044107965766951945,1452,135520.2839578372,190845.54650889194,-55325.26255105474,1452,0.672702,0.088714,0.5839880000000001,0.044689,0.25976,0.728942,3,0.04528608201639517,-0.07123196498129802,0.0,0.0,0.2527938540973811,-0.06826240179331577,False,909
443,False,False,13066.067235750903,-1305290.2200244593,-0.9900891228251321,0.04536577296105637,0.5357719957339385,-0.18798497540340264,0.0,33,0.05924950625411455,1429,131071.25131220571,185143.91364946117,-54072.66233725546,1429,0.670856,0.150314,0.5205420000000001,0.081755,0.167422,0.077704,2,0.015522982618002779,-0.18798497540340264,0.0,0.0,0.2866343213687583,-0.06826240179331577,False,910
565,False,False,13059.80359661586,-1305296.4836635944,-0.9900938739225369,0.045282619615441,0.7059309442977059,-0.07655801359391601,0.0,15,0.030941408821593155,1472,134613.6701274031,189201.6172381344,-54587.9471107313,1472,0.686639,0.127329,0.55931,0.068145,0.258017,0.139921,3,0.03080443502679886,-0.07655801359391601,0.0,0.0,0.2669526005945382,-0.06826240179331611,False,911
404,False,False,13056.290211585794,-1305299.9970486243,-0.9900965388963865,0.045235962882112624,0.7029306783384368,-0.06826240179331589,0.0,14,0.031599736668861095,1471,136290.16614616348,191764.07761991376,-55473.91147375028,1471,0.74308,0.174517,0.5685629999999999,0.018088,0.265741,0.518426,2,0.04960896357969924,-0.054408504226232446,0.0,0.0,0.2439194656891277,-0.06826240179331611,False,912
481,False,False,13056.290211585794,-1305299.9970486243,-0.9900965388963865,0.045235962882112624,0.7029306783384368,-0.06826240179331589,0.0,14,0.031599736668861095,1471,136290.16614616348,191764.07761991376,-55473.91147375028,1471,0.748451,0.154727,0.5937239999999999,0.013545,0.218001,0.441339,2,0.04960896357969924,-0.054408504226232446,0.0,0.0,0.2439194656891277,-0.06826240179331611,False,913
567,False,False,13056.290211585794,-1305299.9970486243,-0.9900965388963865,0.045235962882112624,0.7029306783384368,-0.06826240179331589,0.0,14,0.031599736668861095,1471,136290.16614616348,191764.07761991376,-55473.91147375028,1471,0.740078,0.157472,0.582606,0.022231,0.225106,0.059198,2,0.04960896357969924,-0.054408504226232446,0.0,0.0,0.2439194656891277,-0.06826240179331611,False,914
510,False,False,13032.281653858037,-1305324.0056063521,-0.990114749874678,0.04491685561700076,0.6982512882767589,-0.068262401793316,0.0,16,0.03225806451612903,1470,136071.62892763404,191479.62616068817,-55407.997233054135,1470,0.697916,0.120376,0.5775399999999999,0.059638,0.297255,0.280338,2,0.04767889025984373,-0.054408504226232446,0.0,0.0,0.2439194656891277,-0.06826240179331611,False,915
837,False,False,13003.142034959248,-1305353.1452252509,-0.9901368528670029,0.04452888998073523,0.47436974537039844,-0.17265396717816106,0.0027606726019149264,50,0.10204081632653061,1364,131806.46026664504,188481.66678625264,-56675.2065196076,1364,0.589648,0.259378,0.33026999999999995,0.07584,0.257569,0.22581,3,0.0935447135413987,-0.17265396717816106,0.0027606726019149264,-0.010242474916387967,0.18580825133307188,-0.0744640050373111,False,916
536,False,False,12998.420171620206,-1305357.86708859,-0.9901404344961761,0.044465954709018485,0.5139969266378087,-0.13553344380069043,0.0,28,0.07965766951942067,1398,132302.9005473002,188825.1134718381,-56522.21292453789,1398,0.653294,0.223075,0.430219,0.082021,0.204423,0.09289,2,0.07280381185723361,-0.13553344380069043,0.0,0.0,0.2116306847490963,-0.08928241900730416,False,917
82,False,False,12978.008765669158,-1305378.278494541,-0.9901559169618405,0.04419368206975127,0.4178744439554301,-0.19514209474618882,0.018770144726031557,46,0.10664911125740618,1357,124459.3019825402,178822.31652102162,-54363.014538481424,1357,0.696158,0.232444,0.46371400000000007,0.067543,0.19693,0.075973,1,0.02084069969212954,-0.19514209474618882,0.018770144726031557,0.0,0.24788302562435804,-0.06826240179331611,False,918
19,False,False,12954.128007346037,-1305402.159252864,-0.9901740310016899,0.04387467712949378,0.5091460684310916,-0.16817063531676757,0.0,34,0.06056616194865043,1427,132574.4153649228,188005.18574862235,-55430.770383699535,1427,0.679771,0.159524,0.520247,0.076354,0.155639,0.182021,2,0.04536732272063526,-0.16817063531676757,0.0,0.0,0.23919389154351056,-0.068262401793316,False,919
347,False,False,12899.265144342544,-1305457.0221158676,-0.9902156455967228,0.04313994368452945,0.5980877236111616,-0.07446400503731121,0.0,29,0.052666227781435156,1439,139273.27539403603,197190.5912268037,-57917.315832767665,1439,0.688507,0.055703,0.6328039999999999,0.01967,0.216291,0.747456,3,0.09365952223563712,-0.06407383159989022,0.0,0.0,0.17945895245113652,-0.07446400503731121,False,920
136,False,False,12895.219289727049,-1305461.067970483,-0.9902187144595596,0.04308565773209483,0.6807070086973521,-0.11361714124612365,0.0,8,0.029624753127057275,1474,143821.4742242318,203157.991826005,-59336.5176017732,1474,0.741599,0.241996,0.499603,0.043801,0.238625,0.123655,3,0.12651562036412045,-0.11361714124612365,0.0,0.0,0.14469955468162632,0.0,False,921
901,False,False,12894.803880122532,-1305461.4833800877,-0.9902190295561754,0.043080083097864375,0.6473662391280998,-0.07792029032445169,0.0,17,0.04476629361421988,1451,133058.78768663065,187591.78047295727,-54532.99278632662,1451,0.725195,0.1507,0.574495,0.003162,0.204856,0.325835,3,0.02928377545506433,-0.07792029032445169,0.0,0.0,0.2527938540973811,-0.06826240179331577,False,922
311,False,False,12845.473995171938,-1305510.8132650382,-0.9902564472750631,0.04241702780200196,0.6135334465938616,-0.11361714124612354,0.0,12,0.041474654377880185,1456,139716.53032222032,197816.15190607926,-58099.62158385894,1456,0.749225,0.282502,0.46672300000000005,0.025501,0.255442,0.478021,2,0.10260553295433561,-0.11361714124612354,0.0,0.0,0.16501084125286525,-0.06826240179331577,False,923
451,False,False,12844.508527110307,-1305511.7787330998,-0.9902571796021821,0.04240402952898181,0.3089950516245046,-0.3676733060478954,-0.12787358221731615,46,0.16129032258064516,1274,99857.8128177287,147486.86554389136,-47629.052726162656,1274,0.666093,0.180617,0.485476,0.073861,0.053456,0.537968,3,-0.12787358221731615,-0.3308477880791013,0.0,0.0,0.47278058148571156,-0.1725699142039494,False,924
38,False,False,12836.621863770024,-1305519.66539644,-0.990263161796386,0.04229781940928623,0.49271772631192473,-0.11764312159844847,0.0,24,0.03686635944700461,1463,139448.7360632491,198404.2354764663,-58955.499413217214,1463,0.736901,0.073261,0.66364,0.041871,0.132623,0.641231,2,0.10575258647204477,-0.04492763390506449,0.0,0.0,0.16089458173693827,-0.10876296640346805,False,925
923,False,False,12820.694587580412,-1305535.5926726297,-0.9902752429586207,0.04208315986503619,0.4648916546330917,-0.17777702957100494,0.0003239023567347399,46,0.0901909150757077,1382,128731.3673656121,183877.64849357563,-55146.281127963535,1382,0.610644,0.096913,0.5137309999999999,0.071616,0.261074,0.516527,3,0.044018440661983016,-0.17777702957100494,0.0003239023567347399,-0.010242474916387967,0.22761656114814888,-0.07446400503731121,False,926
891,False,False,12815.405858528657,-1305540.8814016816,-0.9902792545669415,0.042011831932429855,0.6421361274511157,-0.0718705367748893,0.0,16,0.03949967083607637,1459,134649.14158925912,189921.85588813465,-55272.71429887554,1459,0.690198,0.112489,0.577709,0.058013,0.296525,0.716026,2,0.042812853410898244,-0.058800387183178815,0.0,0.0,0.22892672607661124,-0.06826240179331611,False,927
49,False,False,12748.208046617347,-1305608.0792135927,-0.9903302254710595,0.041103405175556995,0.5758892072353612,-0.07377049180327855,0.0,21,0.048716260697827515,1445,131907.01985543474,186535.38104369823,-54628.36118826349,1445,0.641843,0.072725,0.569118,0.093417,0.280484,0.378056,2,0.024990817279917366,-0.04840945595510193,0.0,0.0,0.2437387566503344,-0.07377049180327844,False,928
99,False,False,12741.08247413094,-1305615.2047860792,-0.9903356303624044,0.041006842672533406,0.5744626363775729,-0.07377049180327833,0.0,21,0.050032916392363395,1443,131860.00281739503,186494.51560910782,-54634.5127917128,1443,0.653943,0.084494,0.5694490000000001,0.081207,0.269866,0.694269,2,0.024990817279917366,-0.04840945595510193,0.0,0.0,0.24304357261880205,-0.07377049180327855,False,929
683,False,False,12645.854369521188,-1305710.432890689,-0.9904078628124104,0.039712011971630545,0.49489096539180805,-0.13553344380069043,0.0,22,0.06912442396313365,1414,133367.17900544644,190108.8552949504,-56741.67628950396,1414,0.660949,0.183953,0.476996,0.086178,0.206903,0.339307,2,0.07173421683045667,-0.13553344380069043,0.0,0.0,0.17994313990645794,-0.08928241900730438,False,930
333,False,False,12631.377432820618,-1305724.9098273895,-0.9904188438627081,0.039514455267436244,0.576218801915205,-0.07269988052065368,0.0,25,0.044107965766951945,1452,134115.24956912227,189812.8058020723,-55697.55623295004,1452,0.713598,0.086732,0.6268659999999999,0.046252,0.173774,0.145286,2,0.04861467230662542,-0.07269988052065368,0.0,0.0,0.2045775980833382,-0.06826240179331611,False,931
144,False,False,12626.11243380847,-1305730.1748264018,-0.9904228374713122,0.03944256064791496,0.5897775377702629,-0.11361714124612354,0.0,9,0.03357472021066491,1468,146008.0124243424,207416.17759172985,-61408.16516738746,1468,0.730086,0.278371,0.45171500000000003,0.060226,0.200181,0.213163,2,0.16892807902834295,-0.11361714124612354,0.0,0.0,0.08014450677784812,-0.068262401793316,False,932
338,False,False,12624.377507273244,-1305731.9097529368,-0.9904241534482996,0.0394188643998048,0.6204424021203085,-0.068262401793316,0.0,17,0.03357472021066491,1468,135649.79776769964,191466.64172760086,-55816.84395990122,1468,0.664496,0.054938,0.6095579999999999,0.093054,0.216482,0.687892,2,0.048033561919173406,-0.0540883923026535,0.0,0.0,0.2045775980833382,-0.06826240179331611,False,933
251,False,False,12592.791915216458,-1305763.4953449937,-0.990448111760906,0.0389869814800996,0.56824760805571,-0.08928241900730371,0.0,17,0.051349572086899276,1441,133819.07712439183,189482.39418255957,-55663.31705816774,1441,0.644198,0.12976,0.5144380000000001,0.082963,0.181072,0.394641,3,0.046905116671208,-0.08552747108506675,0.0,0.0,0.2028589520373274,-0.08928241900730427,False,934
511,False,False,12592.229500124817,-1305764.0577600852,-0.9904485383641672,0.03897928316114041,0.3166859429883883,-0.3704526250584106,-0.17401385157079474,35,0.09743252139565503,1371,104657.75962304084,150878.02095990104,-46220.2613368602,1371,0.681421,0.14464,0.5367810000000001,0.073776,0.042035,0.43247,3,-0.17401385157079474,-0.326819490748519,0.0,0.0,0.5245085555092803,-0.15557652056527038,False,935
526,False,False,12587.012997386608,-1305769.2742628236,-0.9904524951873633,0.03890786617652364,0.44773403853354776,-0.2084290293830785,-0.01513160297283378,28,0.06649111257406189,1418,128904.50997140424,182399.7049039921,-53495.19493258785,1418,0.7038,0.2801,0.42369999999999997,0.057165,0.163763,0.26836,2,-0.01513160297283378,-0.184515261838456,0.0,0.0,0.27804009504017224,-0.068262401793316,False,936
222,False,False,12564.17287699975,-1305792.1143832104,-0.9904698198822183,0.038594880537038634,0.5583855883296576,-0.11361714124612354,0.0,12,0.04542462146148782,1450,139128.9394391655,197470.57887501444,-58341.63943584895,1450,0.699188,0.225109,0.47407900000000003,0.072673,0.296052,0.435169,2,0.10260553295433561,-0.11361714124612354,0.0,0.0,0.13949844268739908,-0.06826240179331589,False,937
258,False,False,12560.551981562958,-1305795.7352786472,-0.9904725664048933,0.038545218648735835,0.6304854394192793,-0.11361714124612365,0.0,4,0.02238314680710994,1485,140992.0901985956,199192.6595546356,-58200.56935604001,1485,0.718992,0.255956,0.46303599999999995,0.075253,0.283082,0.218069,3,0.09727936297279371,-0.11361714124612365,0.0,0.0,0.14469955468162632,0.0,False,938
561,False,False,12560.551981562958,-1305795.7352786472,-0.9904725664048933,0.038545218648735835,0.6304854394192793,-0.11361714124612365,0.0,4,0.02238314680710994,1485,140992.0901985956,199192.6595546356,-58200.56935604001,1485,0.704005,0.216663,0.487342,0.084741,0.205921,0.095014,3,0.09727936297279371,-0.11361714124612365,0.0,0.0,0.14469955468162632,0.0,False,939
836,False,False,12560.551981562958,-1305795.7352786472,-0.9904725664048933,0.038545218648735835,0.6304854394192793,-0.11361714124612365,0.0,4,0.02238314680710994,1485,140992.0901985956,199192.6595546356,-58200.56935604001,1485,0.70313,0.292867,0.41026300000000004,0.09658,0.203482,0.034352,3,0.09727936297279371,-0.11361714124612365,0.0,0.0,0.14469955468162632,0.0,False,940
305,False,False,12554.65764355182,-1305801.6296166584,-0.9904770373799008,0.0384643501275288,0.5479132432530764,-0.07377049180327866,0.0,20,0.04739960500329164,1447,133412.11790800284,188965.46028430844,-55553.342376305605,1447,0.727579,0.114232,0.613347,0.011548,0.230856,0.479309,2,0.042980055868746314,-0.058649477182334264,0.0,0.0,0.20372940718357846,-0.07377049180327877,False,941
402,False,False,12548.130984225174,-1305808.156275985,-0.9904819879834589,0.038374769395481456,0.5945593306894833,-0.068262401793316,0.0,15,0.03949967083607637,1459,134476.07737766203,189999.80893815795,-55523.731560495915,1459,0.723733,0.104926,0.618807,0.009867,0.24962,0.335489,3,0.04128008985430731,-0.06717344056133356,0.0,0.0,0.20506779170058542,-0.068262401793316,False,942
616,False,False,12525.930038353383,-1305830.3572218567,-0.990498827851472,0.03806976225194947,0.7693981049932808,-0.04724694648368055,0.0,10,0.017774851876234364,1492,138205.44867015933,194659.72812050043,-56454.2794503411,1492,0.675288,0.05035,0.624938,0.089191,0.245837,0.314436,3,0.06352330466601441,-0.04724694648368055,0.0,0.0,0.17777673356081225,-0.026314056119088325,False,943
123,False,False,12501.896166670816,-1305854.3910935393,-0.9905170580309121,0.03773906479233746,0.4847605766678268,-0.12709609472728567,0.0,8,0.013824884792626729,1498,135206.6506310387,190950.5483723559,-55743.897741317196,1498,0.733167,0.074154,0.6590130000000001,0.053394,0.147091,0.569845,3,0.01969236667402474,-0.052603947855884514,0.0,0.0,0.22604587180041347,-0.07862830619022865,False,944
102,False,False,12476.131911374372,-1305880.1553488357,-0.9905366007414413,0.03738396843919345,0.6122137642708776,-0.11361714124612365,0.0,4,0.02304147465437788,1484,140856.35755252343,199128.27485639334,-58271.91730386991,1484,0.71734,0.268471,0.44886899999999996,0.093227,0.299568,0.019085,2,0.09727936297279371,-0.11361714124612365,0.0,0.0,0.13700597426470607,-0.0067210477941176405,False,945
518,False,False,12474.21896568549,-1305882.0682945247,-0.9905380517495698,0.037357578842432515,0.3328417351528631,-0.2081210496657252,0.0,41,0.06583278472679395,1419,132127.73471590722,190773.38216696016,-58645.64745105294,1419,0.746412,0.06256,0.6838519999999999,0.020736,0.025597,0.428751,2,0.1326599557328889,-0.15706513230225094,0.0,0.0,0.10132073642649675,-0.15706364867385436,False,946
660,False,False,12431.184801605012,-1305925.102458605,-0.9905706940364055,0.03676301707941754,0.5335407905449543,-0.11761997503334987,0.0,13,0.0467412771560237,1448,137679.5080253529,195541.05904271107,-57861.55101735817,1448,0.668379,0.283352,0.38502699999999995,0.096701,0.234316,0.70192,2,0.09093477761033508,-0.11761997503334987,0.0,0.0,0.13949844268739908,-0.06826240179331589,False,947
951,False,False,12204.234026135959,-1306152.0532340743,-0.9907428408055772,0.033598753331080644,0.4861040844703835,-0.08928241900730405,0.0,22,0.05332455562870309,1438,131045.407414398,186316.87850457703,-55271.47109017904,1438,0.645053,0.057226,0.587827,0.099094,0.189972,0.303348,2,0.0343069605119668,-0.07700680756993206,0.0,0.0,0.17994313990645794,-0.08928241900730438,False,948
541,False,False,12191.004558371547,-1306165.2827018385,-0.9907528756253693,0.033412791842807765,0.5158405048261219,-0.11361714124612354,0.0,6,0.028966425279789335,1475,141857.32622676663,201678.9839043347,-59821.65767756806,1475,0.723031,0.213109,0.509922,0.079708,0.20301,0.639664,2,0.12864570266975006,-0.11361714124612354,0.0,0.0,0.08014450677784812,-0.068262401793316,False,949
912,False,False,12183.234793474736,-1306173.0524667355,-0.9907587691497313,0.0333034968036936,0.5387375892059156,-0.06826240179331611,0.018770144726031557,31,0.037524687294272545,1462,136961.80499638765,194845.35736831694,-57883.55237192928,1462,0.706861,0.053465,0.653396,0.077148,0.222271,0.598026,1,0.09147113913968674,-0.06709902449516392,0.018770144726031557,0.0,0.09565581509125298,-0.06826240179331611,False,950
142,False,False,12174.146532447181,-1306182.140727763,-0.9907656627801674,0.03317558106122864,0.7366331080006399,-0.04724694648368055,0.0,8,0.01119157340355497,1502,138371.6941333221,195131.1544055019,-56759.4602721798,1502,0.749881,0.187829,0.562052,0.028585,0.193212,0.731116,3,0.06352330466601441,-0.04724694648368055,0.0,0.0,0.14469955468162632,0.0,False,951
249,False,False,12157.140656820518,-1306199.1466033896,-0.9907785620819655,0.03293601211425701,0.4999919859136418,-0.11361714124612354,0.0,7,0.031599736668861095,1471,141142.66964179333,200821.3118877705,-59678.642245977186,1471,0.707431,0.267131,0.4403,0.093994,0.183053,0.133014,2,0.1255105757178896,-0.11361714124612354,0.0,0.0,0.08014450677784812,-0.068262401793316,False,952
842,False,False,12148.756188248215,-1306207.5310719619,-0.9907849218715408,0.03281779367103166,0.29048457290673296,-0.27647583550955,-0.004963744374711365,37,0.08426596445029624,1391,121460.2109621593,175842.49114690532,-54382.28018474602,1391,0.745431,0.141542,0.6038889999999999,0.020384,0.059406,0.728081,2,-0.004963744374711365,-0.18638993939744763,0.0,0.0,0.22093603319145805,-0.15706364867385436,False,953
71,False,False,12140.91440556651,-1306215.3728546437,-0.9907908700228543,0.03270716532836393,0.5045583317297934,-0.11361714124612354,0.0,8,0.030283080974325215,1473,140359.34031433924,199575.96348566972,-59216.62317133049,1473,0.731803,0.272991,0.458812,0.094499,0.034185,0.612296,1,0.11650039918214317,-0.11361714124612354,0.0,0.0,0.08740797714536885,-0.068262401793316,False,954
470,False,False,12127.18288711421,-1306229.104373096,-0.9908012856582823,0.032513303604513766,0.6088477907097399,-0.068262401793316,0.0,12,0.02304147465437788,1484,134475.0243871455,190065.19621221643,-55590.171825070924,1484,0.748192,0.17561,0.5725819999999999,0.029972,0.295021,0.010174,2,0.0409502176024823,-0.062209158416720256,0.0,0.0,0.16501084125286525,-0.06826240179331577,False,955
271,False,False,12121.047387038023,-1306235.239873172,-0.9908059395596104,0.03242662336237867,0.5342148621354713,-0.06826240179331611,0.0,20,0.025674786043449638,1480,135736.28577793314,192008.89655677555,-56272.61077884241,1480,0.719638,0.05912,0.660518,0.036419,0.293073,0.320704,2,0.04767889025984373,-0.054408504226232446,0.0,0.0,0.15694298126325568,-0.06826240179331566,False,956
356,False,False,12079.732593299206,-1306276.554666911,-0.9908372776691473,0.031841987285348816,0.741028739908982,-0.019543773119605423,0.0,4,0.004608294930875576,1512,137881.80742341504,194323.77357755718,-56441.96615414214,1512,0.713339,0.150811,0.5625279999999999,0.083401,0.275721,0.100872,3,0.0552753815527538,-0.019543773119605423,0.0,0.0,0.14469955468162632,0.0,False,957
432,False,False,12059.641131851142,-1306296.646128359,-0.9908525174504129,0.03155707470690983,0.5179280814766517,-0.07213539871649233,0.0,17,0.025674786043449638,1480,133719.84626105175,189133.03554277218,-55413.189281720435,1480,0.7043,0.066459,0.637841,0.060155,0.244979,0.733674,2,0.029932065641670613,-0.07213539871649233,0.0,0.0,0.1709161734213711,-0.06826240179331611,False,958
187,False,False,12043.701855977723,-1306312.5854042324,-0.9908646077146515,0.03133076157741854,0.5196221879308874,-0.068262401793316,0.0,20,0.025674786043449638,1480,134327.27008665298,190010.65369865997,-55683.38361200699,1480,0.742159,0.058052,0.684107,0.009973,0.264635,0.616752,2,0.034040114060365445,-0.04396908620200124,0.0,0.0,0.16472288571917315,-0.06826240179331622,False,959
671,False,False,12037.608570115934,-1306318.6786900943,-0.9908692295956412,0.031244180307747227,0.4824737813197816,-0.11361714124612354,0.0,11,0.03554970375246873,1465,139784.63872733607,198789.3186500193,-59004.67992268322,1465,0.725033,0.227202,0.497831,0.088569,0.279329,0.637653,1,0.10700020812029631,-0.11361714124612354,0.0,0.0,0.08740797714536885,-0.068262401793316,False,960
161,False,False,12032.234474895746,-1306324.0527853144,-0.9908733059559333,0.03116778788336183,0.47947405390937864,-0.06938168604456119,0.0,26,0.03423304805793285,1467,132795.98007567922,188310.41495140502,-55514.4348757258,1467,0.726439,0.052641,0.6737979999999999,0.025487,0.183862,0.447036,2,0.0330555553105909,-0.0627796790136379,0.0,0.0,0.16472288571917315,-0.06826240179331622,False,961
1000,False,False,12018.608289723463,-1306337.6789704866,-0.9908836416939306,0.030973964881664484,0.702493869477291,-0.019543773119605423,0.0,6,0.004608294930875576,1512,140632.68100636636,198756.38612599307,-58123.70511962671,1512,0.722228,0.102406,0.619822,0.092242,0.191155,0.396854,2,0.09156327598218827,-0.019543773119605423,0.0,0.0,0.10104549632352944,-0.0067210477941176405,False,962
559,False,False,12008.34254638342,-1306347.9447138268,-0.9908914284685978,0.030827820728090982,0.6077115984068038,-0.068262401793316,0.0,8,0.015141540487162607,1496,141605.4630189125,200751.89693075526,-59146.43391184276,1496,0.734768,0.153152,0.5816159999999999,0.065297,0.161065,0.269221,2,0.11173481613170466,-0.019543773119605312,0.0,0.0,0.08014450677784812,-0.068262401793316,False,963
416,False,False,11998.820222265042,-1306357.467037945,-0.9908986513446977,0.030692166772602114,0.5757926958384795,-0.07213539871649233,0.0,13,0.024358130348913758,1482,133098.014288506,188236.92184966768,-55138.90756116167,1482,0.680112,0.082399,0.597713,0.098195,0.215123,0.681837,2,0.029932065641670613,-0.07213539871649233,0.0,0.0,0.16501084125286525,-0.06826240179331577,False,964
942,False,False,11985.889721194508,-1306370.3975390156,-0.990908459392185,0.030507816483958505,0.46955361559209774,-0.10359565251570002,0.0,19,0.04476629361421988,1451,129357.39404818523,183470.35387125643,-54112.9598230712,1451,0.698826,0.08148,0.617346,0.049157,0.218945,0.168837,2,0.0071676554279509475,-0.09097226388242907,0.0,0.0,0.19005903898905707,-0.06826240179331611,False,965
319,False,False,11954.320044266049,-1306401.967215944,-0.9909324056328435,0.030057029379152445,0.2490820121780898,-0.36476050734821797,-0.04993613723311696,65,0.18564845292955892,1237,104120.89887748772,156144.98588615464,-52024.08700866692,1237,0.677159,0.138527,0.538632,0.065899,0.072546,0.448572,2,-0.04993613723311696,-0.2885788521891821,0.0,0.0,0.25826489278850473,-0.24668005430545237,False,966
531,False,False,11922.417964732214,-1306433.8692954779,-0.9909566040076243,0.029600486021561956,0.24061656396128378,-0.37640174552581407,-0.1289003611399936,95,0.27518104015799866,1101,85191.69077149268,134477.51192042694,-49285.821148934265,1101,0.647419,0.152436,0.49498299999999995,0.084951,0.064148,0.163457,2,-0.1289003611399936,-0.3450551944677148,0.0,0.0,0.36866294426833823,-0.21365812443506738,False,967
970,False,False,11861.611518731377,-1306494.6757414788,-0.9910027269309861,0.028727469534121086,0.5352569732913846,-0.06826240179331622,0.0,12,0.026991441737985518,1478,133920.2903147177,189738.94687722487,-55818.65656250715,1478,0.670343,0.074802,0.595541,0.09917,0.284939,0.574987,2,0.0409502176024823,-0.062209158416720256,0.0,0.0,0.13949844268739908,-0.06826240179331589,False,968
935,False,False,11759.375047338584,-1306596.9122128715,-0.9910802753694323,0.027251179039239126,0.5447729220763717,-0.068262401793316,0.0,13,0.019749835418038184,1489,135805.2485965522,192410.06374966263,-56604.81515311042,1489,0.718336,0.176861,0.5414749999999999,0.080394,0.276121,0.070178,1,0.05653712340978201,-0.05847138819954345,0.0,0.0,0.11301106102049041,-0.06826240179331589,False,969
148,False,False,11698.718802799302,-1306657.568457411,-0.9911262843619373,0.026370237900174454,0.23097756458539992,-0.4018418672158228,-0.17500002039743578,47,0.17774851876234365,1249,95164.09314123467,142339.74816941514,-47175.65502818047,1249,0.651319,0.147133,0.504186,0.08728,0.059887,0.079954,3,-0.17500002039743578,-0.3670062620172667,0.0,0.0,0.41802655661095245,-0.1725699142039494,False,970
698,False,False,11697.682747222043,-1306658.6045129881,-0.9911270702311193,0.02635515768255048,0.6328574299705778,-0.019543773119605423,0.0,4,0.0032916392363396972,1514,137601.29393528154,194411.54465113356,-56810.25071585202,1514,0.70779,0.084629,0.6231610000000001,0.085008,0.172858,0.365922,3,0.0552753815527538,-0.019543773119605423,0.0,0.0,0.10849574923370553,0.0,False,971
594,False,False,11612.209844169896,-1306744.0774160402,-0.9911919031627617,0.02510720994830362,0.31507051911481854,-0.16461625572656624,-0.04643190789517526,42,0.05924950625411455,1429,122725.68874976327,175118.02414573584,-52392.335395972565,1429,0.737813,0.207871,0.529942,0.037429,0.204149,0.131322,1,-0.04643190789517526,-0.16461625572656624,0.018770144726031557,0.0,0.19532762223577027,-0.07841508379302775,False,972
489,False,False,11578.035944622816,-1306778.2513155874,-0.9912178247591293,0.02460610881772851,0.500066227275709,-0.068262401793316,0.0,8,0.018433179723502304,1491,137606.17537568687,195247.3158202045,-57641.14044451763,1491,0.72739,0.194076,0.533314,0.057641,0.275038,0.271078,2,0.0718969426749172,-0.052039466873601725,0.0,0.0,0.08014450677784812,-0.068262401793316,False,973
355,False,False,11563.049846192294,-1306793.2374140178,-0.9912291920189326,0.02438597439721435,0.5910147652080469,-0.019543773119605423,0.0,4,0.0026333113890717576,1515,137502.44205751436,194439.13324161316,-56936.6911840988,1515,0.738186,0.108904,0.629282,0.064766,0.215002,0.627683,3,0.0552753815527538,-0.019543773119605423,0.0,0.0,0.09573766699439035,0.0,False,974
194,False,False,11523.816542551724,-1306832.4707176585,-0.991258951275986,0.0238085378583639,0.49372751967485534,-0.06826240179331589,0.0,7,0.014483212639894667,1497,137263.61810198185,194711.83259348813,-57448.21449150628,1497,0.699769,0.130056,0.5697129999999999,0.097897,0.268604,0.636133,2,0.06687729930952746,-0.0388514806308905,0.0,0.0,0.08014450677784812,-0.068262401793316,False,975
537,False,False,11523.816542551724,-1306832.4707176585,-0.991258951275986,0.0238085378583639,0.49372751967485534,-0.06826240179331589,0.0,7,0.014483212639894667,1497,137263.61810198185,194711.83259348813,-57448.21449150628,1497,0.712694,0.144497,0.5681970000000001,0.082872,0.213501,0.292294,2,0.06687729930952746,-0.0388514806308905,0.0,0.0,0.08014450677784812,-0.068262401793316,False,976
44,False,False,11518.59271366003,-1306837.69454655,-0.9912629136562182,0.0237315297881322,0.3028631369493321,-0.1957520340150798,-0.06050882935193058,14,0.02106649111257406,1487,125760.15263778753,178606.65044906532,-52846.49781127779,1487,0.74098,0.058351,0.6826289999999999,0.031885,0.109253,0.248767,3,-0.06050882935193058,-0.13311102845301226,0.0,0.0,0.22604587180041347,-0.07862830619022865,False,977
686,False,False,11517.015001255273,-1306839.2722589548,-0.991264110383097,0.023708265912149917,0.45181368788937565,-0.06826240179331622,0.0,14,0.02238314680710994,1485,136679.24543851722,194429.83365857016,-57750.588220052945,1485,0.734304,0.101793,0.6325109999999999,0.032223,0.20745,0.368424,2,0.07674551072026015,-0.062209158416720256,0.0,0.0,0.0696134682327374,-0.068262401793316,False,978
457,False,False,11488.86896146018,-1306867.41829875,-0.991285459725507,0.023292796153178585,0.47420586905421985,-0.06826240179331577,0.0,11,0.018433179723502304,1491,135596.257307352,192450.893519146,-56854.636211793986,1491,0.749646,0.222368,0.527278,0.057829,0.285127,0.29618,1,0.05653712340978201,-0.05847138819954345,0.0,0.0,0.08740797714536885,-0.068262401793316,False,979
486,False,False,11488.86896146018,-1306867.41829875,-0.991285459725507,0.023292796153178585,0.47420586905421985,-0.06826240179331577,0.0,11,0.018433179723502304,1491,135596.257307352,192450.893519146,-56854.636211793986,1491,0.710489,0.181963,0.528526,0.094047,0.284198,0.424158,1,0.05653712340978201,-0.05847138819954345,0.0,0.0,0.08740797714536885,-0.068262401793316,False,980
823,False,False,11486.46026269511,-1306869.826997515,-0.991287286772405,0.023257201409152328,0.44536671865253796,-0.06826240179331622,0.0,12,0.025674786043449638,1480,133644.841996942,189825.13308783036,-56180.29109088835,1480,0.717664,0.106187,0.6114769999999999,0.051137,0.261854,0.136227,2,0.0409502176024823,-0.062209158416720256,0.0,0.0,0.10345913459250133,-0.06826240179331589,False,981
530,False,False,11446.995546816263,-1306909.291713394,-0.9913172215603376,0.022673119842665956,0.7757219005012485,0.0,0.0,2,0.0032916392363396972,1514,130891.67653160638,184931.78715664666,-54040.11062504028,1514,0.724297,0.18824,0.536057,0.090813,0.236591,0.377247,3,0.0,0.0,0.0,0.0,0.14469955468162632,0.0,False,982
682,False,False,11446.995546816263,-1306909.291713394,-0.9913172215603376,0.022673119842665956,0.7757219005012485,0.0,0.0,2,0.0032916392363396972,1514,130891.67653160638,184931.78715664666,-54040.11062504028,1514,0.730638,0.214596,0.516042,0.082393,0.104947,0.326924,3,0.0,0.0,0.0,0.0,0.14469955468162632,0.0,False,983
887,False,False,11383.427709815132,-1306972.859550395,-0.9913654390548158,0.021728768498424866,0.43476231860717734,-0.06826240179331622,0.0,12,0.017774851876234364,1492,134159.97305407914,190458.27010449852,-56298.29705041938,1492,0.709188,0.066021,0.643167,0.070059,0.282502,0.611185,2,0.0409502176024823,-0.062209158416720256,0.0,0.0,0.0935612018059282,-0.06826240179331622,False,984
283,False,False,11370.059742647061,-1306986.2275175632,-0.9913755789292164,0.021529617033750448,0.7346015148769637,-0.0067210477941176405,0.0,2,0.003949967083607637,1513,130767.9772708232,184873.1104874092,-54105.13321658599,1513,0.740326,0.192566,0.54776,0.086532,0.112943,0.710109,2,0.0,0.0,0.0,0.0,0.13700597426470607,-0.0067210477941176405,False,985
322,False,False,11370.059742647061,-1306986.2275175632,-0.9913755789292164,0.021529617033750448,0.7346015148769637,-0.0067210477941176405,0.0,2,0.003949967083607637,1513,130767.9772708232,184873.1104874092,-54105.13321658599,1513,0.734594,0.273572,0.461022,0.086498,0.270768,0.190017,2,0.0,0.0,0.0,0.0,0.13700597426470607,-0.0067210477941176405,False,986
775,False,False,11370.059742647061,-1306986.2275175632,-0.9913755789292164,0.021529617033750448,0.7346015148769637,-0.0067210477941176405,0.0,2,0.003949967083607637,1513,130767.9772708232,184873.1104874092,-54105.13321658599,1513,0.740618,0.267751,0.472867,0.098208,0.137035,0.746767,2,0.0,0.0,0.0,0.0,0.13700597426470607,-0.0067210477941176405,False,987
64,False,False,11334.568189566557,-1307021.7190706437,-0.9914024999925309,0.02099992666944761,0.4510337795611998,-0.07483635922655574,0.0,4,0.01053324555628703,1503,135593.10829171006,192348.32890521997,-56755.22061350991,1503,0.715985,0.119568,0.596417,0.085245,0.290419,0.476415,2,0.049356647970966616,-0.019543773119605312,0.0,0.0,0.08014450677784812,-0.068262401793316,False,988
545,False,False,11334.568189566557,-1307021.7190706437,-0.9914024999925309,0.02099992666944761,0.4510337795611998,-0.07483635922655574,0.0,4,0.01053324555628703,1503,135593.10829171006,192348.32890521997,-56755.22061350991,1503,0.730398,0.171943,0.5584549999999999,0.067881,0.262271,0.618036,2,0.049356647970966616,-0.019543773119605312,0.0,0.0,0.08014450677784812,-0.068262401793316,False,989
755,False,False,11296.552664460496,-1307059.7345957498,-0.9914313355398511,0.02043103078699482,0.39206682570762436,-0.08683731169535447,0.0,16,0.02369980250164582,1483,138653.43981646892,197633.66716850857,-58980.227352039656,1483,0.70928,0.059861,0.649419,0.071728,0.162396,0.652324,2,0.0925692988886535,-0.043969891659280225,0.0,0.0,0.033943812621422875,-0.068262401793316,False,990
885,False,False,11277.309447633685,-1307078.9778125766,-0.9914459319103563,0.020142450332514272,0.46120283056513045,-0.06667908616497209,0.0,12,0.013166556945358789,1499,134972.85850976748,191456.80446827156,-56483.945958504075,1499,0.725696,0.067842,0.657854,0.0314,0.211412,0.513612,3,0.04183191954338983,-0.06667908616497209,0.0,0.0,0.08244998411800042,-0.018069643876520214,False,991
645,False,False,11159.348844090784,-1307196.9384161194,-0.9915354074221605,0.018364426199467543,0.393674716416891,-0.06826240179331589,0.0,7,0.013166556945358789,1499,136996.0140014776,194795.5643931637,-57799.55039168609,1499,0.731115,0.114669,0.6164459999999999,0.060044,0.215623,0.214785,2,0.06687729930952746,-0.0388514806308905,0.0,0.0,0.04598240597236458,-0.068262401793316,False,992
506,False,False,11134.143725074135,-1307222.143535136,-0.9915545260164739,0.017982477221617055,0.36011462764589697,-0.06826240179331633,0.0,12,0.021724818959842,1486,133612.13824378105,190123.41290299577,-56511.274659214716,1486,0.717963,0.081734,0.636229,0.048575,0.283731,0.114761,2,0.0409502176024823,-0.062209158416720256,0.0,0.0,0.0696134682327374,-0.068262401793316,False,993
898,False,False,11043.049928314284,-1307313.2373318959,-0.9916236225100699,0.016596034888370248,0.22232605025882357,-0.22895524966481529,-0.09929553352698983,16,0.02369980250164582,1483,121138.08802517226,172619.02331305476,-51480.9352878825,1483,0.748865,0.071203,0.677662,0.032676,0.036066,0.545186,3,-0.09929553352698983,-0.16890036542870768,0.0,0.0,0.22604587180041347,-0.07862830619022865,False,994
401,False,False,10957.376669943904,-1307398.9105902663,-0.9916886074152873,0.015283360503684174,0.5658282611847009,0.0,0.0,2,0.0013166556945358788,1517,130532.18234408682,185041.10427526108,-54508.92193117426,1517,0.743521,0.077302,0.666219,0.087925,0.188732,0.724646,3,0.0,0.0,0.0,0.0,0.09573766699439035,0.0,False,995
29,False,False,10883.731617647061,-1307472.5556425632,-0.9917444686820848,0.0141481205603875,0.5225707009581363,-0.0067210477941176405,0.0,2,0.0019749835418038184,1516,130410.89926091967,184981.69288044464,-54570.793619524964,1516,0.744205,0.101012,0.643193,0.079271,0.124045,0.263058,2,0.0,0.0,0.0,0.0,0.08837316176470611,-0.0067210477941176405,False,996
383,False,False,10883.731617647061,-1307472.5556425632,-0.9917444686820848,0.0141481205603875,0.5225707009581363,-0.0067210477941176405,0.0,2,0.0019749835418038184,1516,130410.89926091967,184981.69288044464,-54570.793619524964,1516,0.745017,0.068923,0.6760940000000001,0.08627,0.108588,0.660204,2,0.0,0.0,0.0,0.0,0.08837316176470611,-0.0067210477941176405,False,997
990,False,False,10690.776649875474,-1307665.5106103346,-0.9918908289411712,0.011143036996658529,0.23944629356154434,-0.08839278019710728,0.0,14,0.017774851876234364,1492,130879.37471263118,186567.3621581834,-55687.98744555221,1492,0.72472,0.051362,0.673358,0.043076,0.269582,0.175758,2,0.01618031075294457,-0.062209158416720256,0.0,0.0,0.05205508675464077,-0.068262401793316,False,998
113,False,False,10525.672758873583,-1307830.6145013366,-0.9920160635932886,0.008535573957701992,0.14471048307689563,-0.24230057196092603,-0.15984283457448223,20,0.04608294930875576,1449,113937.90893333832,161872.1039618494,-47934.195028511094,1449,0.696301,0.124825,0.571476,0.04604,0.159182,0.130564,3,-0.15984283457448223,-0.21941008119836292,0.0,0.0,0.252821875719242,-0.06826240179331577,False,999
17,False,False,10522.937902309086,-1307833.3493579011,-0.9920181380374969,0.008492096339536293,0.13722711638786264,-0.23247873505911398,-0.07652897905751121,23,0.065174456879526,1420,117887.05335564508,169549.8503763602,-51662.79702071512,1420,0.687791,0.243978,0.443813,0.081588,0.154811,0.541569,2,-0.07652897905751121,-0.210870971390842,0.0,0.0,0.13949844268739908,-0.06826240179331589,False,1000
884,False,False,10000.0,-1308356.2872602101,-0.9924147970494518,0.0,0.0,0.0,0.0,0,0.0,1519,129829.24509152373,185205.035317182,-55375.79022565826,1519,0.747521,0.146227,0.601294,0.097645,0.276416,0.027956,2,0.0,0.0,0.0,0.0,0.0,0.0,False,1001
